rho,s,D,tel_strictly_decreasing,exp_strictly_decreasing,C,c1,c2,C_lower_bound_ok,C_upper_bound_ok,kappa_tel,kappa_exp,identity_lhs,identity_rhs,relative_identity_error,tel_consecutive_diff_max_abs_error,exp_consecutive_diff_max_abs_error
0.1,0.1,2,True,True,0.8314782453055047,0.7042268126807977,1.4203682313977462,True,True,90.99999999999999,10.944363308815669,8.314782453055045,8.314782453055047,2.1363840237907549e-16,0.0,0.0
0.1,0.1,3,True,True,0.8194641442903525,0.7042268126807977,1.4203682313977462,True,True,9090.999999999996,110.93834993686893,81.94641442903523,81.94641442903524,1.7341643089837027e-16,0.0,2.220446049250313e-16
0.1,0.1,4,True,True,0.8183095813526574,0.7042268126807977,1.4203682313977462,True,True,909090.9999999995,1110.9377437537535,818.3095813526572,818.3095813526573,1.389288849993579e-16,1.1102230246251565e-16,0.0
0.1,0.1,5,True,True,0.8181945898084233,0.7042268126807977,1.4203682313977462,True,True,90909090.99999993,11110.937683086608,8181.945898084226,8181.945898084232,6.669523703298131e-16,0.0,2.7755575615628914e-17
0.1,0.1,6,True,True,0.8181830952975779,0.7042268126807977,1.4203682313977462,True,True,9090909090.999992,111110.93767701938,81818.30952975774,81818.30952975777,3.557129281209175e-16,1.1102230246251565e-16,3.469446951953614e-18
0.1,0.1,7,True,True,0.8181819458929254,0.7042268126807977,1.4203682313977462,True,True,909090909090.999,1111110.9376764123,818181.9458929246,818181.945892925,5.691414845380615e-16,1.1102230246251565e-16,2.220446049250313e-16
0.1,0.1,8,True,True,0.818181830952924,0.7042268126807977,1.4203682313977462,True,True,90909090909090.86,11111110.93767635,8181818.309529231,8181818.3095292365,6.82969877390786e-16,1.1102230246251565e-16,2.168404344971009e-19
0.1,0.1,9,True,True,0.8181818194589289,0.7042268126807977,1.4203682313977462,True,True,9090909090909076.0,111111110.93767627,81818181.9458928,81818181.94589286,7.285012127843142e-16,1.1102230246251565e-16,2.220446049250313e-16
0.1,0.1,10,True,True,0.8181818183095293,0.7042268126807977,1.4203682313977462,True,True,9.090909090909075e+17,1111111110.937676,818181818.3095281,818181818.309529,1.0199016993308199e-15,1.1102230246251565e-16,2.7755575615628914e-17
0.1,0.1,11,True,True,0.8181818181945892,0.7042268126807977,1.4203682313977462,True,True,9.090909090909074e+19,11111111110.93767,8181818181.945883,8181818181.945888,5.828009711280562e-16,1.1102230246251565e-16,2.220446049250313e-16
0.1,0.1,12,True,True,0.8181818181830954,0.7042268126807977,1.4203682313977462,True,True,9.090909090909072e+21,111111111110.93762,81818181818.3094,81818181818.3095,1.1189778645815873e-15,1.1102230246251565e-16,2.7755575615628914e-17
0.1,0.1,13,True,True,0.8181818181819459,0.7042268126807977,1.4203682313977462,True,True,9.090909090909071e+23,1111111111110.937,818181818181.9446,818181818181.9454,1.0443793402776153e-15,1.1102230246251565e-16,2.168404344971009e-19
0.1,0.1,14,True,True,0.818181818181831,0.7042268126807977,1.4203682313977462,True,True,9.090909090909068e+25,11111111111110.93,8181818181818.295,8181818181818.304,1.074218749999984e-15,1.1102230246251565e-16,6.938893903907228e-18
0.1,0.1,15,True,True,0.8181818181818196,0.7042268126807977,1.4203682313977462,True,True,9.090909090909067e+27,111111111111110.84,81818181818181.8,81818181818181.89,1.1458333333333323e-15,1.1102230246251565e-16,3.469446951953614e-18
0.1,0.1,16,True,True,0.8181818181818185,0.7042268126807977,1.4203682313977462,True,True,9.090909090909066e+29,1111111111111110.1,818181818181816.6,818181818181817.8,1.3750000000000006e-15,1.1102230246251565e-16,2.220446049250313e-16
0.1,0.1,17,True,True,0.8181818181818182,0.7042268126807977,1.4203682313977462,True,True,9.090909090909065e+31,1.1111111111111102e+16,8181818181818165.0,8181818181818176.0,1.3444444444444455e-15,1.1102230246251565e-16,2.220446049250313e-16
0.1,0.1,18,True,True,0.8181818181818182,0.7042268126807977,1.4203682313977462,True,True,9.090909090909061e+33,1.11111111111111e+17,8.181818181818163e+16,8.181818181818174e+16,1.36888888888889e-15,1.1102230246251565e-16,2.168404344971009e-19
0.1,0.1,19,True,True,0.8181818181818182,0.7042268126807977,1.4203682313977462,True,True,9.09090909090906e+35,1.11111111111111e+18,8.181818181818163e+17,8.181818181818173e+17,1.2515555555555569e-15,1.1102230246251565e-16,3.469446951953614e-18
0.1,0.1,20,True,True,0.8181818181818182,0.7042268126807977,1.4203682313977462,True,True,9.090909090909058e+37,1.11111111111111e+19,8.18181818181816e+18,8.181818181818173e+18,1.6270222222222239e-15,1.1102230246251565e-16,3.469446951953614e-18
0.1,0.1,21,True,True,0.8181818181818182,0.7042268126807977,1.4203682313977462,True,True,9.090909090909057e+39,1.11111111111111e+20,8.18181818181816e+19,8.181818181818173e+19,1.6019911111111128e-15,1.1102230246251565e-16,3.469446951953614e-18
0.1,0.1,22,True,True,0.8181818181818182,0.7042268126807977,1.4203682313977462,True,True,9.090909090909055e+41,1.1111111111111099e+21,8.181818181818159e+20,8.181818181818172e+20,1.601991111111113e-15,1.1102230246251565e-16,3.469446951953614e-18
0.1,0.1,23,True,True,0.8181818181818182,0.7042268126807977,1.4203682313977462,True,True,9.090909090909052e+43,1.1111111111111099e+22,8.181818181818156e+21,8.181818181818172e+21,1.922389333333336e-15,1.1102230246251565e-16,3.469446951953614e-18
0.1,0.1,24,True,True,0.8181818181818182,0.7042268126807977,1.4203682313977462,True,True,9.09090909090905e+45,1.1111111111111098e+23,8.181818181818155e+22,8.181818181818172e+22,2.0505486222222247e-15,1.1102230246251565e-16,3.469446951953614e-18
0.1,0.1,25,True,True,0.8181818181818182,0.7042268126807977,1.4203682313977462,True,True,9.090909090909049e+47,1.1111111111111096e+24,8.181818181818155e+23,8.181818181818171e+23,1.968526677333336e-15,1.1102230246251565e-16,3.469446951953614e-18
0.1,0.1,26,True,True,0.8181818181818182,0.7042268126807977,1.4203682313977462,True,True,9.090909090909047e+49,1.1111111111111096e+25,8.181818181818153e+24,8.181818181818171e+24,2.0997617891555584e-15,1.1102230246251565e-16,3.469446951953614e-18
0.1,0.1,27,True,True,0.8181818181818182,0.7042268126807977,1.4203682313977462,True,True,9.090909090909046e+51,1.1111111111111095e+26,8.181818181818153e+25,8.18181818181817e+25,2.0997617891555584e-15,1.1102230246251565e-16,3.469446951953614e-18
0.1,0.1,28,True,True,0.8181818181818182,0.7042268126807977,1.4203682313977462,True,True,9.090909090909044e+53,1.1111111111111094e+27,8.181818181818152e+26,8.18181818181817e+26,2.183752260721781e-15,1.1102230246251565e-16,3.469446951953614e-18
0.1,0.1,29,True,True,0.8181818181818182,0.7042268126807977,1.4203682313977462,True,True,9.090909090909042e+55,1.1111111111111094e+28,8.18181818181815e+27,8.18181818181817e+27,2.4189255811072038e-15,1.1102230246251565e-16,3.469446951953614e-18
0.1,0.1,30,True,True,0.8181818181818182,0.7042268126807977,1.4203682313977462,True,True,9.09090909090904e+57,1.1111111111111093e+29,8.18181818181815e+28,8.181818181818168e+28,2.1501560720952924e-15,1.1102230246251565e-16,3.469446951953614e-18
0.1,0.1,31,True,True,0.8181818181818182,0.7042268126807977,1.4203682313977462,True,True,9.090909090909039e+59,1.1111111111111094e+30,8.181818181818148e+29,8.181818181818168e+29,2.4081748007467276e-15,1.1102230246251565e-16,3.469446951953614e-18
0.1,0.1,32,True,True,0.8181818181818182,0.7042268126807977,1.4203682313977462,True,True,9.090909090909037e+61,1.1111111111111094e+31,8.181818181818146e+30,8.181818181818169e+30,2.7521997722819743e-15,1.1102230246251565e-16,3.469446951953614e-18
0.1,0.1,33,True,True,0.8181818181818182,0.7042268126807977,1.4203682313977462,True,True,9.090909090909035e+63,1.1111111111111092e+32,8.181818181818145e+31,8.181818181818169e+31,2.862287763173253e-15,1.1102230246251565e-16,3.469446951953614e-18
0.1,0.1,34,True,True,0.8181818181818182,0.7042268126807977,1.4203682313977462,True,True,9.090909090909034e+65,1.1111111111111092e+33,8.181818181818144e+32,8.181818181818168e+32,2.9943933522427883e-15,1.1102230246251565e-16,3.469446951953614e-18
0.1,0.1,35,True,True,0.8181818181818182,0.7042268126807977,1.4203682313977462,True,True,9.090909090909032e+67,1.1111111111111092e+34,8.181818181818142e+33,8.181818181818167e+33,2.9591651951575793e-15,1.1102230246251565e-16,3.469446951953614e-18
0.1,0.1,36,True,True,0.8181818181818182,0.7042268126807977,1.4203682313977462,True,True,9.09090909090903e+69,1.1111111111111091e+35,8.181818181818142e+34,8.181818181818167e+34,3.156442874834751e-15,1.1102230246251565e-16,3.469446951953614e-18
0.1,0.1,37,True,True,0.8181818181818182,0.7042268126807977,1.4203682313977462,True,True,9.090909090909027e+71,1.111111111111109e+36,8.18181818181814e+35,8.181818181818166e+35,3.2466269569728873e-15,1.1102230246251565e-16,3.469446951953614e-18
0.1,0.1,38,True,True,0.8181818181818182,0.7042268126807977,1.4203682313977462,True,True,9.090909090909026e+73,1.1111111111111087e+37,8.181818181818141e+36,8.181818181818166e+36,3.0301851598413618e-15,1.1102230246251565e-16,3.469446951953614e-18
0.1,0.1,39,True,True,0.8181818181818182,0.7042268126807977,1.4203682313977462,True,True,9.090909090909024e+75,1.111111111111109e+38,8.181818181818137e+37,8.181818181818165e+37,3.4630687541044136e-15,1.1102230246251565e-16,3.469446951953614e-18
0.1,0.1,40,True,True,0.8181818181818182,0.7042268126807977,1.4203682313977462,True,True,9.090909090909023e+77,1.1111111111111087e+39,8.181818181818138e+38,8.181818181818165e+38,3.324546003940237e-15,1.1102230246251565e-16,3.469446951953614e-18
0.1,0.1,41,True,True,0.8181818181818182,0.7042268126807977,1.4203682313977462,True,True,9.09090909090902e+79,1.1111111111111088e+40,8.181818181818135e+39,8.181818181818164e+39,3.54618240420292e-15,1.1102230246251565e-16,3.469446951953614e-18
0.1,0.1,42,True,True,0.8181818181818182,0.7042268126807977,1.4203682313977462,True,True,9.090909090909018e+81,1.1111111111111087e+41,8.181818181818134e+40,8.181818181818163e+40,3.5461824042029203e-15,1.1102230246251565e-16,3.469446951953614e-18
0.1,0.1,43,True,True,0.8181818181818182,0.7042268126807977,1.4203682313977462,True,True,9.090909090909018e+83,1.1111111111111087e+42,8.181818181818135e+41,8.181818181818164e+41,3.593464836258959e-15,1.1102230246251565e-16,3.469446951953614e-18
0.1,0.1,44,True,True,0.8181818181818182,0.7042268126807977,1.4203682313977462,True,True,9.090909090909017e+85,1.1111111111111084e+43,8.181818181818135e+42,8.181818181818164e+42,3.4799869993244654e-15,1.1102230246251565e-16,3.469446951953614e-18
0.1,0.1,45,True,True,0.8181818181818182,0.7042268126807977,1.4203682313977462,True,True,9.090909090909013e+87,1.1111111111111083e+44,8.181818181818133e+43,8.181818181818162e+43,3.631290781903791e-15,1.1102230246251565e-16,3.469446951953614e-18
0.1,0.1,46,True,True,0.8181818181818182,0.7042268126807977,1.4203682313977462,True,True,9.090909090909012e+89,1.1111111111111083e+45,8.181818181818131e+44,8.181818181818163e+44,3.87337683403071e-15,1.1102230246251565e-16,3.469446951953614e-18
0.1,0.1,47,True,True,0.8181818181818182,0.7042268126807977,1.4203682313977462,True,True,9.09090909090901e+91,1.1111111111111083e+46,8.18181818181813e+45,8.181818181818162e+45,3.8733768340307105e-15,1.1102230246251565e-16,3.469446951953614e-18
0.1,0.1,48,True,True,0.8181818181818182,0.7042268126807977,1.4203682313977462,True,True,9.090909090909009e+93,1.111111111111108e+47,8.18181818181813e+46,8.181818181818161e+46,3.718441760669483e-15,1.1102230246251565e-16,3.469446951953614e-18
0.1,0.1,49,True,True,0.8181818181818182,0.7042268126807977,1.4203682313977462,True,True,9.090909090909007e+95,1.1111111111111083e+48,8.181818181818128e+47,8.18181818181816e+47,3.966337878047448e-15,1.1102230246251565e-16,3.469446951953614e-18
0.1,0.2,2,True,True,0.7714824141597764,0.5604231250720159,1.3767230640603216,True,True,45.99999999999999,5.962546800253215,7.714824141597762,7.714824141597764,2.302524084537799e-16,0.0,0.0
0.1,0.2,3,True,True,0.7411961507518617,0.5604231250720159,1.3767230640603216,True,True,2295.999999999999,30.976955259022333,74.11961507518616,74.11961507518616,0.0,0.0,2.220446049250313e-16
0.1,0.2,4,True,True,0.7359282097108572,0.5604231250720159,1.3767230640603216,True,True,114795.99999999993,155.9880413404764,735.9282097108569,735.9282097108571,3.0896176073012087e-16,1.1102230246251565e-16,5.551115123125783e-17
0.1,0.2,5,True,True,0.7349347328240001,0.5604231250720159,1.3767230640603216,True,True,5739795.999999995,780.9939772399556,7349.3473282399955,7349.34732824,6.187588238469683e-16,3.469446951953614e-18,2.220446049250313e-16
0.1,0.2,6,True,True,0.7347414684496484,0.5604231250720159,1.3767230640603216,True,True,286989795.99999976,3905.996984293901,73474.14684496481,73474.14684496482,1.9805490574898854e-16,5.421010862427522e-20,2.220446049250313e-16
0.1,0.2,7,True,True,0.7347033384947926,0.5604231250720159,1.3767230640603216,True,True,14349489795.999983,19530.99849171531,734703.3384947919,734703.3384947923,6.338085903648577e-16,3.469446951953614e-18,2.0816681711721685e-17
0.1,0.2,8,True,True,0.7346957640462117,0.5604231250720159,1.3767230640603216,True,True,717474489795.999,97655.99924581453,7346957.640462109,7346957.6404621145,7.605781496436391e-16,1.1102230246251565e-16,5.551115123125783e-17
0.1,0.2,9,True,True,0.7346942542818807,0.5604231250720159,1.3767230640603216,True,True,35873724489795.945,488280.9996229028,73469425.428188,73469425.42818804,6.084637700785879e-16,3.469446951953614e-18,2.220446049250313e-16
0.1,0.2,10,True,True,0.7346939528404216,0.5604231250720159,1.3767230640603216,True,True,1793686224489793.2,2441405.99981145,734693952.8404206,734693952.8404212,8.112853596378657e-16,2.220446049250313e-16,6.938893903907228e-18
0.1,0.2,11,True,True,0.7346938926032254,0.5604231250720159,1.3767230640603216,True,True,8.968431122448963e+16,12207030.999905718,7346938926.032245,7346938926.032249,6.490283409238074e-16,5.421010862427522e-20,5.551115123125783e-17
0.1,0.2,12,True,True,0.7346938805608941,0.5604231250720159,1.3767230640603216,True,True,4.4842155612244803e+18,61035155.99995282,73469388056.08928,73469388056.08937,1.246134434999038e-15,5.421010862427522e-20,2.220446049250313e-16
0.1,0.2,13,True,True,0.7346938781529384,0.5604231250720159,1.3767230640603216,True,True,2.24210778061224e+20,305175780.9999763,734693878152.9371,734693878152.938,1.1630588098110219e-15,2.6469779601696886e-23,5.551115123125783e-17
0.1,0.2,14,True,True,0.7346938776713983,0.5604231250720159,1.3767230640603216,True,True,1.1210538903061196e+22,1525878905.9999871,7346938776713.97,7346938776713.977,9.304470484586604e-16,8.470329472543003e-22,2.220446049250313e-16
0.1,0.2,15,True,True,0.7346938775750955,0.5604231250720159,1.3767230640603216,True,True,5.605269451530597e+23,7629394530.9999895,73469387757509.39,73469387757509.5,1.4887152777289952e-15,8.470329472543003e-22,1.3877787807814457e-17
0.1,0.2,16,True,True,0.7346938775558353,0.5604231250720159,1.3767230640603216,True,True,2.8026347257652983e+25,38146972655.99996,734693877555834.0,734693877555834.6,8.506944444388701e-16,8.470329472543003e-22,2.220446049250313e-16
0.1,0.2,17,True,True,0.7346938775519835,0.5604231250720159,1.3767230640603216,True,True,1.401317362882649e+27,190734863280.99985,7346938775519818.0,7346938775519829.0,1.4972222222202607e-15,8.470329472543003e-22,2.220446049250313e-16
0.1,0.2,18,True,True,0.7346938775512131,0.5604231250720159,1.3767230640603216,True,True,7.006586814413242e+28,953674316405.999,7.346938775512114e+16,7.346938775512123e+16,1.3066666666663253e-15,8.470329472543003e-22,6.938893903907228e-18
0.1,0.2,19,True,True,0.7346938775510589,0.5604231250720159,1.3767230640603216,True,True,3.5032934072066205e+30,4768371582030.995,7.346938775510572e+17,7.34693877551058e+17,1.219555555555493e-15,8.470329472543003e-22,5.421010862427522e-20
0.1,0.2,20,True,True,0.7346938775510281,0.5604231250720159,1.3767230640603216,True,True,1.7516467036033097e+32,23841857910155.977,7.346938775510261e+18,7.346938775510274e+18,1.8119111111110937e-15,8.470329472543003e-22,6.938893903907228e-18
0.1,0.2,21,True,True,0.734693877551022,0.5604231250720159,1.3767230640603216,True,True,8.758233518016548e+33,119209289550780.86,7.3469387755102e+19,7.346938775510212e+19,1.5610311111111094e-15,8.470329472543003e-22,2.220446049250313e-16
0.1,0.2,22,True,True,0.7346938775510206,0.5604231250720159,1.3767230640603216,True,True,4.3791167590082734e+35,596046447753905.4,7.346938775510185e+20,7.346938775510197e+20,1.6056320000000014e-15,8.470329472543003e-22,2.220446049250313e-16
0.1,0.2,23,True,True,0.7346938775510203,0.5604231250720159,1.3767230640603216,True,True,2.189558379504136e+37,2980232238769528.0,7.34693877551018e+21,7.346938775510194e+21,1.998119822222225e-15,8.470329472543003e-22,6.938893903907228e-18
0.1,0.2,24,True,True,0.7346938775510203,0.5604231250720159,1.3767230640603216,True,True,1.0947791897520678e+39,1.4901161193847638e+16,7.34693877551018e+22,7.346938775510194e+22,1.941030684444447e-15,8.470329472543003e-22,1.3877787807814457e-17
0.1,0.2,25,True,True,0.7346938775510203,0.5604231250720159,1.3767230640603216,True,True,5.473895948760338e+40,7.450580596923818e+16,7.34693877551018e+23,7.346938775510194e+23,1.8268524088888914e-15,8.470329472543003e-22,6.938893903907228e-18
0.1,0.2,26,True,True,0.7346938775510203,0.5604231250720159,1.3767230640603216,True,True,2.7369479743801684e+42,3.725290298461909e+17,7.346938775510178e+24,7.346938775510193e+24,2.0460746979555586e-15,8.470329472543003e-22,5.551115123125783e-17
0.1,0.2,27,True,True,0.7346938775510203,0.5604231250720159,1.3767230640603216,True,True,1.368473987190084e+44,1.8626451492309542e+18,7.346938775510178e+25,7.346938775510192e+25,1.8706968667022253e-15,8.470329472543003e-22,5.551115123125783e-17
0.1,0.2,28,True,True,0.7346938775510203,0.5604231250720159,1.3767230640603216,True,True,6.842369935950419e+45,9.313225746154772e+18,7.346938775510176e+26,7.346938775510192e+26,2.24483624004267e-15,8.470329472543003e-22,5.551115123125783e-17
0.1,0.2,29,True,True,0.7346938775510203,0.5604231250720159,1.3767230640603216,True,True,3.4211849679752085e+47,4.656612873077386e+19,7.346938775510175e+27,7.346938775510191e+27,2.2448362400426706e-15,8.470329472543003e-22,5.551115123125783e-17
0.1,0.2,30,True,True,0.7346938775510203,0.5604231250720159,1.3767230640603216,True,True,1.7105924839876038e+49,2.3283064365386927e+20,7.346938775510174e+28,7.346938775510191e+28,2.3944919893788486e-15,8.470329472543003e-22,5.551115123125783e-17
0.1,0.2,31,True,True,0.7346938775510203,0.5604231250720159,1.3767230640603216,True,True,8.552962419938019e+50,1.1641532182693463e+21,7.346938775510173e+29,7.346938775510191e+29,2.4902716689540026e-15,8.470329472543003e-22,5.551115123125783e-17
0.1,0.2,32,True,True,0.7346938775510203,0.5604231250720159,1.3767230640603216,True,True,4.2764812099690083e+52,5.820766091346732e+21,7.346938775510171e+30,7.34693877551019e+30,2.6052072844441876e-15,8.470329472543003e-22,5.551115123125783e-17
0.1,0.2,33,True,True,0.7346938775510203,0.5604231250720159,1.3767230640603216,True,True,2.1382406049845036e+54,2.9103830456733648e+22,7.346938775510172e+31,7.346938775510191e+31,2.574557786980138e-15,8.470329472543003e-22,5.551115123125783e-17
0.1,0.2,34,True,True,0.7346938775510203,0.5604231250720159,1.3767230640603216,True,True,1.0691203024922517e+56,1.4551915228366828e+23,7.346938775510169e+32,7.346938775510191e+32,2.9423517565487295e-15,8.470329472543003e-22,5.551115123125783e-17
0.1,0.2,35,True,True,0.7346938775510203,0.5604231250720159,1.3767230640603216,True,True,5.345601512461257e+57,7.275957614183412e+23,7.34693877551017e+33,7.346938775510189e+33,2.6677322592708484e-15,8.470329472543003e-22,5.551115123125783e-17
0.1,0.2,36,True,True,0.7346938775510203,0.5604231250720159,1.3767230640603216,True,True,2.6728007562306284e+59,3.637978807091706e+24,7.346938775510169e+34,7.346938775510189e+34,2.761887515480408e-15,8.470329472543003e-22,5.551115123125783e-17
0.1,0.2,37,True,True,0.7346938775510203,0.5604231250720159,1.3767230640603216,True,True,1.3364003781153137e+61,1.818989403545853e+25,7.346938775510167e+35,7.346938775510188e+35,2.8121036521255066e-15,8.470329472543003e-22,5.551115123125783e-17
0.1,0.2,38,True,True,0.7346938775510203,0.5604231250720159,1.3767230640603216,True,True,6.682001890576568e+62,9.094947017729262e+25,7.346938775510168e+36,7.346938775510188e+36,2.7317578334933495e-15,8.470329472543003e-22,5.551115123125783e-17
0.1,0.2,39,True,True,0.7346938775510203,0.5604231250720159,1.3767230640603216,True,True,3.341000945288283e+64,4.547473508864631e+26,7.346938775510166e+37,7.346938775510188e+37,3.0852794354748414e-15,8.470329472543003e-22,5.551115123125783e-17
0.1,0.2,40,True,True,0.7346938775510203,0.5604231250720159,1.3767230640603216,True,True,1.6705004726441413e+66,2.2737367544323154e+27,7.346938775510166e+38,7.346938775510187e+38,2.8795941397765192e-15,8.470329472543003e-22,5.551115123125783e-17
0.1,0.2,41,True,True,0.7346938775510203,0.5604231250720159,1.3767230640603216,True,True,8.352502363220704e+67,1.1368683772161579e+28,7.346938775510162e+39,7.346938775510186e+39,3.2909647311731652e-15,8.470329472543003e-22,5.551115123125783e-17
0.1,0.2,42,True,True,0.7346938775510203,0.5604231250720159,1.3767230640603216,True,True,4.176251181610352e+69,5.6843418860807885e+28,7.346938775510162e+40,7.346938775510187e+40,3.2909647311731652e-15,8.470329472543003e-22,5.551115123125783e-17
0.1,0.2,43,True,True,0.7346938775510203,0.5604231250720159,1.3767230640603216,True,True,2.0881255908051755e+71,2.842170943040394e+29,7.346938775510162e+41,7.346938775510187e+41,3.369947884721321e-15,8.470329472543003e-22,5.551115123125783e-17
0.1,0.2,44,True,True,0.7346938775510203,0.5604231250720159,1.3767230640603216,True,True,1.0440627954025876e+73,1.4210854715201968e+30,7.346938775510161e+42,7.346938775510186e+42,3.3699478847213213e-15,8.470329472543003e-22,5.551115123125783e-17
0.1,0.2,45,True,True,0.7346938775510203,0.5604231250720159,1.3767230640603216,True,True,5.220313977012936e+74,7.105427357600984e+30,7.346938775510158e+43,7.346938775510185e+43,3.639543715499027e-15,8.470329472543003e-22,5.551115123125783e-17
0.1,0.2,46,True,True,0.7346938775510203,0.5604231250720159,1.3767230640603216,True,True,2.610156988506468e+76,3.552713678800492e+31,7.34693877551016e+44,7.346938775510186e+44,3.666503298576797e-15,8.470329472543003e-22,5.551115123125783e-17
0.1,0.2,47,True,True,0.7346938775510203,0.5604231250720159,1.3767230640603216,True,True,1.3050784942532336e+78,1.776356839400246e+32,7.346938775510158e+45,7.346938775510184e+45,3.623367965652366e-15,8.470329472543003e-22,5.551115123125783e-17
0.1,0.2,48,True,True,0.7346938775510203,0.5604231250720159,1.3767230640603216,True,True,6.525392471266167e+79,8.881784197001228e+32,7.346938775510157e+46,7.346938775510184e+46,3.726892764671004e-15,8.470329472543003e-22,5.551115123125783e-17
0.1,0.2,49,True,True,0.7346938775510203,0.5604231250720159,1.3767230640603216,True,True,3.262696235633083e+81,4.4408920985006144e+33,7.346938775510155e+47,7.346938775510183e+47,3.754499377742642e-15,8.470329472543003e-22,5.551115123125783e-17
0.1,0.3,2,True,True,0.7212367382589645,0.43181087898355086,1.5069966137434552,True,True,31.000000000000004,4.298172618720548,7.212367382589647,7.212367382589645,2.4629317187700422e-16,0.0,1.1102230246251565e-16
0.1,0.3,3,True,True,0.6682621754509982,0.43181087898355086,1.5069966137434552,True,True,1031.0,15.428076552502713,66.82621754509982,66.82621754509981,2.1265388401807052e-16,0.0,1.1102230246251565e-16
0.1,0.3,4,True,True,0.6548639352049795,0.43181087898355086,1.5069966137434552,True,True,34364.333333333336,52.47553191729351,654.8639352049796,654.8639352049795,1.7360375432192767e-16,1.1102230246251565e-16,1.1102230246251565e-16
0.1,0.3,5,True,True,0.6510741932736722,0.43181087898355086,1.5069966137434552,True,True,1145475.4444444445,175.93623833942314,6510.741932736722,6510.741932736721,2.7938281417664236e-16,1.1102230246251565e-16,1.1102230246251565e-16
0.1,0.3,6,True,True,0.6499591123730184,0.43181087898355086,1.5069966137434552,True,True,38182512.481481485,587.4602225680951,64995.91123730183,64995.91123730182,1.119448512325446e-16,1.1102230246251565e-16,5.551115123125783e-17
0.1,0.3,7,True,True,0.6496266850905286,0.43181087898355086,1.5069966137434552,True,True,1272750413.7160494,1959.2027897355938,649626.6850905285,649626.6850905283,1.7920341712981177e-16,1.1102230246251565e-16,1.1102230246251565e-16
0.1,0.3,8,True,True,0.6495271591258555,0.43181087898355086,1.5069966137434552,True,True,42425013788.20166,6531.676650026145,6495271.591258555,6495271.591258552,4.301541028102051e-16,1.1102230246251565e-16,2.220446049250313e-16
0.1,0.3,9,True,True,0.6494973208949266,0.43181087898355086,1.5069966137434552,True,True,1414167126271.0552,21773.25572833016,64949732.08949265,64949732.089492634,2.294260609622795e-16,3.469446951953614e-18,1.1102230246251565e-16
0.1,0.3,10,True,True,0.6494883713220277,0.43181087898355086,1.5069966137434552,True,True,47138904209032.84,72578.51917053114,649488371.3220278,649488371.3220274,5.506301335686666e-16,1.1102230246251565e-16,1.734723475976807e-18
0.1,0.3,11,True,True,0.6494856866344505,0.43181087898355086,1.5069966137434552,True,True,1571296806967759.2,241929.39726047125,6494856866.344505,6494856866.3445015,5.873412369396872e-16,1.0587911840678754e-22,1.3877787807814457e-17
0.1,0.3,12,True,True,0.6494848812461256,0.43181087898355086,1.5069966137434552,True,True,5.237656023225863e+16,806432.3242100269,64948488124.61256,64948488124.61252,5.873419652673029e-16,1.1102230246251565e-16,1.3877787807814457e-17
0.1,0.3,13,True,True,0.6494846396313797,0.43181087898355086,1.5069966137434552,True,True,1.745885341075288e+18,2688108.747369575,649484639631.3798,649484639631.3793,7.517979952183755e-16,1.1102230246251565e-16,1.1102230246251565e-16
0.1,0.3,14,True,True,0.6494845671471272,0.43181087898355086,1.5069966137434552,True,True,5.8196178035842925e+19,8960363.491232857,6494845671471.2705,6494845671471.267,6.01438463296869e-16,1.1102230246251565e-16,5.551115123125783e-17
0.1,0.3,15,True,True,0.6494845454018684,0.43181087898355086,1.5069966137434552,True,True,1.9398726011947644e+21,29867879.304109834,64948454540186.82,64948454540186.79,4.811507867468055e-16,1.1102230246251565e-16,1.1102230246251565e-16
0.1,0.3,16,True,True,0.6494845388782922,0.43181087898355086,1.5069966137434552,True,True,6.466242003982548e+22,99559598.68036623,649484538878292.1,649484538878291.6,7.698412665273563e-16,1.1102230246251565e-16,1.1102230246251565e-16
0.1,0.3,17,True,True,0.6494845369212197,0.43181087898355086,1.5069966137434552,True,True,2.155414001327516e+24,331865329.93455404,6494845369212197.0,6494845369212191.0,9.238095226165154e-16,1.1102230246251565e-16,2.220446049250313e-16
0.1,0.3,18,True,True,0.6494845363340978,0.43181087898355086,1.5069966137434552,True,True,7.184713337758388e+25,1106217767.4485137,6.4948453633409784e+16,6.494845363340971e+16,1.1085714281419465e-15,1.1102230246251565e-16,1.1102230246251565e-16
0.1,0.3,19,True,True,0.6494845361579613,0.43181087898355086,1.5069966137434552,True,True,2.3949044459194628e+27,3687392559.1617126,6.494845361579613e+17,6.494845361579607e+17,9.853968252822974e-16,1.1102230246251565e-16,1.1102230246251565e-16
0.1,0.3,20,True,True,0.6494845361051202,0.43181087898355086,1.5069966137434552,True,True,7.983014819731543e+28,12291308531.539043,6.494845361051204e+18,6.494845361051195e+18,1.261307936463959e-15,1.1102230246251565e-16,3.469446951953614e-18
0.1,0.3,21,True,True,0.649484536089268,0.43181087898355086,1.5069966137434552,True,True,2.6610049399105145e+30,40971028439.46347,6.4948453608926814e+19,6.494845360892673e+19,1.2613079364947442e-15,1.1102230246251565e-16,1.3877787807814457e-17
0.1,0.3,22,True,True,0.6494845360845123,0.43181087898355086,1.5069966137434552,True,True,8.870016466368382e+31,136570094799.2116,6.494845360845124e+20,6.494845360845115e+20,1.4126648888844579e-15,1.1102230246251565e-16,1.1102230246251565e-16
0.1,0.3,23,True,True,0.6494845360830857,0.43181087898355086,1.5069966137434552,True,True,2.9566721554561275e+33,455233649331.70526,6.494845360830857e+21,6.494845360830848e+21,1.453026742855777e-15,1.1102230246251565e-16,5.551115123125783e-17
0.1,0.3,24,True,True,0.6494845360826577,0.43181087898355086,1.5069966137434552,True,True,9.855573851520426e+34,1517445497773.3513,6.494845360826577e+22,6.494845360826568e+22,1.2915793269837638e-15,1.1102230246251565e-16,1.3877787807814457e-17
0.1,0.3,25,True,True,0.6494845360825291,0.43181087898355086,1.5069966137434552,True,True,3.285191283840142e+36,5058151659245.505,6.494845360825292e+23,6.494845360825283e+23,1.4465688462221019e-15,1.1102230246251565e-16,1.1102230246251565e-16
0.1,0.3,26,True,True,0.6494845360824907,0.43181087898355086,1.5069966137434552,True,True,1.0950637612800472e+38,16860505530819.35,6.494845360824906e+24,6.494845360824897e+24,1.3225772308317144e-15,1.1102230246251565e-16,1.1102230246251565e-16
0.1,0.3,27,True,True,0.6494845360824791,0.43181087898355086,1.5069966137434552,True,True,3.6502125376001577e+39,56201685102732.164,6.494845360824791e+25,6.4948453608247814e+25,1.4548349539149119e-15,1.1102230246251565e-16,1.1102230246251565e-16
0.1,0.3,28,True,True,0.6494845360824757,0.43181087898355086,1.5069966137434552,True,True,1.2167375125333858e+41,187338950342441.5,6.494845360824758e+26,6.494845360824747e+26,1.6928988554646337e-15,1.1102230246251565e-16,1.1102230246251565e-16
0.1,0.3,29,True,True,0.6494845360824747,0.43181087898355086,1.5069966137434552,True,True,4.0557917084446196e+42,624463167808139.5,6.494845360824746e+27,6.494845360824736e+27,1.5236089699181727e-15,1.1102230246251565e-16,8.673617379884035e-19
0.1,0.3,30,True,True,0.6494845360824744,0.43181087898355086,1.5069966137434552,True,True,1.35193056948154e+44,2081543892693799.5,6.494845360824742e+28,6.494845360824733e+28,1.4897509928088809e-15,1.1102230246251565e-16,1.1102230246251565e-16
0.1,0.3,31,True,True,0.6494845360824743,0.43181087898355086,1.5069966137434552,True,True,4.5064352316051334e+45,6938479642312665.0,6.494845360824743e+29,6.494845360824732e+29,1.7335284279957889e-15,1.1102230246251565e-16,5.551115123125783e-17
0.1,0.3,32,True,True,0.6494845360824743,0.43181087898355086,1.5069966137434552,True,True,1.502145077201711e+47,2.312826547437555e+16,6.494845360824742e+30,6.494845360824732e+30,1.56017558519621e-15,1.1102230246251565e-16,5.551115123125783e-17
0.1,0.3,33,True,True,0.6494845360824743,0.43181087898355086,1.5069966137434552,True,True,5.0071502573390375e+48,7.709421824791851e+16,6.494845360824743e+31,6.494845360824731e+31,1.8028695651156207e-15,1.1102230246251565e-16,5.551115123125783e-17
0.1,0.3,34,True,True,0.6494845360824743,0.43181087898355086,1.5069966137434552,True,True,1.6690500857796794e+50,2.5698072749306176e+17,6.494845360824743e+32,6.494845360824731e+32,1.775133110267688e-15,1.1102230246251565e-16,5.551115123125783e-17
0.1,0.3,35,True,True,0.6494845360824743,0.43181087898355086,1.5069966137434552,True,True,5.563500285932264e+51,8.566024249768724e+17,6.494845360824742e+33,6.49484536082473e+33,1.7751331102676883e-15,1.1102230246251565e-16,5.551115123125783e-17
0.1,0.3,36,True,True,0.6494845360824743,0.43181087898355086,1.5069966137434552,True,True,1.8545000953107548e+53,2.8553414165895747e+18,6.494845360824743e+34,6.494845360824731e+34,1.8461384346783956e-15,1.1102230246251565e-16,5.551115123125783e-17
0.1,0.3,37,True,True,0.6494845360824743,0.43181087898355086,1.5069966137434552,True,True,6.181666984369183e+54,9.51780472196525e+18,6.494845360824742e+35,6.494845360824729e+35,2.0449533430283775e-15,1.1102230246251565e-16,5.551115123125783e-17
0.1,0.3,38,True,True,0.6494845360824743,0.43181087898355086,1.5069966137434552,True,True,2.0605556614563945e+56,3.172601573988417e+19,6.494845360824742e+36,6.494845360824729e+36,1.9995099354055246e-15,1.1102230246251565e-16,5.551115123125783e-17
0.1,0.3,39,True,True,0.6494845360824743,0.43181087898355086,1.5069966137434552,True,True,6.868518871521315e+57,1.057533857996139e+20,6.494845360824742e+37,6.494845360824729e+37,2.035864661503807e-15,1.1102230246251565e-16,5.551115123125783e-17
0.1,0.3,40,True,True,0.6494845360824743,0.43181087898355086,1.5069966137434552,True,True,2.289506290507105e+59,3.5251128599871304e+20,6.494845360824742e+38,6.494845360824728e+38,2.0940322232610585e-15,1.1102230246251565e-16,5.551115123125783e-17
0.1,0.3,41,True,True,0.6494845360824743,0.43181087898355086,1.5069966137434552,True,True,7.631687635023684e+60,1.1750376199957102e+21,6.494845360824742e+39,6.494845360824727e+39,2.233634371478463e-15,1.1102230246251565e-16,5.551115123125783e-17
0.1,0.3,42,True,True,0.6494845360824743,0.43181087898355086,1.5069966137434552,True,True,2.543895878341228e+62,3.916792066652367e+21,6.494845360824742e+40,6.494845360824727e+40,2.233634371478463e-15,1.1102230246251565e-16,5.551115123125783e-17
0.1,0.3,43,True,True,0.6494845360824743,0.43181087898355086,1.5069966137434552,True,True,8.479652927804094e+63,1.3055973555507892e+22,6.4948453608247414e+41,6.4948453608247275e+41,2.144288996619324e-15,1.1102230246251565e-16,5.551115123125783e-17
0.1,0.3,44,True,True,0.6494845360824743,0.43181087898355086,1.5069966137434552,True,True,2.826550975934698e+65,4.351991185169298e+22,6.494845360824741e+42,6.494845360824728e+42,2.0966381300277837e-15,1.1102230246251565e-16,5.551115123125783e-17
0.1,0.3,45,True,True,0.6494845360824743,0.43181087898355086,1.5069966137434552,True,True,9.421836586448994e+66,1.4506637283897657e+23,6.494845360824742e+43,6.494845360824727e+43,2.439724369486876e-15,1.1102230246251565e-16,5.551115123125783e-17
0.1,0.3,46,True,True,0.6494845360824743,0.43181087898355086,1.5069966137434552,True,True,3.140612195482998e+68,4.83554576129922e+23,6.494845360824741e+44,6.494845360824727e+44,2.1957519325381882e-15,1.1102230246251565e-16,5.551115123125783e-17
0.1,0.3,47,True,True,0.6494845360824743,0.43181087898355086,1.5069966137434552,True,True,1.0468707318276661e+70,1.61184858709974e+24,6.494845360824742e+45,6.494845360824725e+45,2.5373133442663515e-15,1.1102230246251565e-16,5.551115123125783e-17
0.1,0.3,48,True,True,0.6494845360824743,0.43181087898355086,1.5069966137434552,True,True,3.48956910609222e+71,5.3728286236658e+24,6.494845360824741e+46,6.494845360824726e+46,2.342135394707401e-15,1.1102230246251565e-16,5.551115123125783e-17
0.1,0.3,49,True,True,0.6494845360824743,0.43181087898355086,1.5069966137434552,True,True,1.1631897020307401e+73,1.7909428745552668e+25,6.494845360824741e+47,6.494845360824725e+47,2.4982777543545616e-15,1.1102230246251565e-16,5.551115123125783e-17
0.1,0.4,2,True,True,0.6789569923758597,0.31901236878874184,1.7352973806817744,True,True,23.499999999999996,3.461191248324426,6.789569923758598,6.789569923758597,1.3081512226454012e-16,0.0,1.1102230246251565e-16
0.1,0.4,3,True,True,0.6020110110983027,0.31901236878874184,1.7352973806817744,True,True,585.9999999999998,9.734041225108287,60.20110110983023,60.20110110983026,4.721127837604123e-16,1.1102230246251565e-16,2.7755575615628914e-17
0.1,0.4,4,True,True,0.5773882629838983,0.31901236878874184,1.7352973806817744,True,True,14648.49999999999,25.370276708254636,577.388262983898,577.3882629838982,3.9379684351078137e-16,6.938893903907228e-18,1.1102230246251565e-16
0.1,0.4,5,True,True,0.5683307922105697,0.31901236878874184,1.7352973806817744,True,True,366210.99999999965,64.43624118545324,5683.307922105695,5683.307922105696,1.6002910879337953e-16,1.1102230246251565e-16,1.1102230246251565e-16
0.1,0.4,6,True,True,0.5648146042973484,0.31901236878874184,1.7352973806817744,True,True,9155273.49999999,162.09342730061874,56481.46042973479,56481.46042973483,6.44101405914867e-16,1.1102230246251565e-16,1.6653345369377348e-16
0.1,0.4,7,True,True,0.5634232255928412,0.31901236878874184,1.7352973806817744,True,True,228881835.99999973,406.2342935173954,563423.2255928407,563423.225592841,6.198643393043008e-16,6.938893903907228e-18,5.551115123125783e-17
0.1,0.4,8,True,True,0.5628688930803363,0.31901236878874184,1.7352973806817744,True,True,5722045898.499992,1016.5859170482372,5628688.930803357,5628688.93080336,6.618397897377175e-16,2.168404344971009e-19,5.551115123125783e-17
0.1,0.4,9,True,True,0.5626474957983791,0.31901236878874184,1.7352973806817744,True,True,143051147460.9998,2542.4648386289336,56264749.579837844,56264749.57983789,7.945202620711952e-16,6.776263578034403e-21,5.551115123125783e-17
0.1,0.4,10,True,True,0.5625589886987767,0.31901236878874184,1.7352973806817744,True,True,3576278686523.4937,6357.162108093918,562558988.6987761,562558988.6987765,6.357162108093813e-16,2.168404344971009e-19,5.551115123125783e-17
0.1,0.4,11,True,True,0.5625235939609404,0.31901236878874184,1.7352973806817744,True,True,89406967163085.84,15893.905273117141,5625235939.609396,5625235939.609401,8.476749478995811e-16,1.1102230246251565e-16,5.551115123125783e-17
0.1,0.4,12,True,True,0.5625094373434663,0.31901236878874184,1.7352973806817744,True,True,2235174179077143.8,39735.76318351363,56250943734.34654,56250943734.34659,8.137884299983601e-16,1.1102230246251565e-16,1.1102230246251565e-16
0.1,0.4,13,True,True,0.5625037748990463,0.31901236878874184,1.7352973806817744,True,True,5.587935447692859e+16,99340.40795896431,562503774899.0453,562503774899.046,1.3020745951997382e-15,1.1102230246251565e-16,5.551115123125783e-17
0.1,0.4,14,True,True,0.5625015099535046,0.31901236878874184,1.7352973806817744,True,True,1.3969838619232146e+18,248352.01989745582,5625015099535.036,5625015099535.041,8.680532253866499e-16,1.1102230246251565e-16,5.551115123125783e-17
0.1,0.4,15,True,True,0.5625006039804257,0.31901236878874184,1.7352973806817744,True,True,3.4924596548080353e+19,620881.0497436506,56250060398042.46,56250060398042.52,1.1111099180646387e-15,1.1102230246251565e-16,5.551115123125783e-17
0.1,0.4,16,True,True,0.5625002415920144,0.31901236878874184,1.7352973806817744,True,True,8.731149137020087e+20,1552203.6243591295,562500241592013.1,562500241592013.9,1.333332760671028e-15,1.1102230246251565e-16,5.551115123125783e-17
0.1,0.4,17,True,True,0.5625000966367808,0.31901236878874184,1.7352973806817744,True,True,2.1827872842550214e+22,3880510.0608978244,5625000966367795.0,5625000966367803.0,1.422221977886306e-15,1.1102230246251565e-16,2.7755575615628914e-17
0.1,0.4,18,True,True,0.5625000386547083,0.31901236878874184,1.7352973806817744,True,True,5.456968210637552e+23,9701276.152244559,5.62500038654707e+16,5.6250003865470776e+16,1.279999912039071e-15,1.1102230246251565e-16,5.551115123125783e-17
0.1,0.4,19,True,True,0.5625000154618828,0.31901236878874184,1.7352973806817744,True,True,1.3642420526593877e+25,24253191.380611397,5.625000154618813e+17,5.625000154618822e+17,1.592888845103894e-15,1.1102230246251565e-16,4.163336342344337e-17
0.1,0.4,20,True,True,0.562500006184753,0.31901236878874184,1.7352973806817744,True,True,3.4106051316484685e+26,60632979.45152848,5.625000061847515e+18,5.625000061847524e+18,1.638399981985603e-15,1.1102230246251565e-16,2.7755575615628914e-17
0.1,0.4,21,True,True,0.5625000024739012,0.31901236878874184,1.7352973806817744,True,True,8.526512829121171e+27,151582449.62882122,5.625000024738996e+19,5.625000024739005e+19,1.6019911040654815e-15,1.1102230246251565e-16,1.1102230246251565e-16
0.1,0.4,22,True,True,0.5625000009895605,0.31901236878874184,1.7352973806817744,True,True,2.1316282072802922e+29,378956125.072053,5.6250000098955887e+20,5.6250000098955985e+20,1.7476266635922112e-15,1.1102230246251565e-16,5.551115123125783e-17
0.1,0.4,23,True,True,0.5625000003958242,0.31901236878874184,1.7352973806817744,True,True,5.329070518200729e+30,947390313.6801326,5.625000003958224e+21,5.625000003958235e+21,1.864135109799345e-15,1.1102230246251565e-16,1.1102230246251565e-16
0.1,0.4,24,True,True,0.5625000001583297,0.31901236878874184,1.7352973806817744,True,True,1.332267629550182e+32,2368475785.200331,5.625000001583278e+22,5.62500000158329e+22,2.087831323856775e-15,1.1102230246251565e-16,1.3877787807814457e-17
0.1,0.4,25,True,True,0.5625000000633319,0.31901236878874184,1.7352973806817744,True,True,3.3306690738754543e+33,5921189464.000827,5.6250000006333006e+23,5.625000000633311e+23,1.90887435356286e-15,1.1102230246251565e-16,2.7755575615628914e-17
0.1,0.4,26,True,True,0.5625000000253328,0.31901236878874184,1.7352973806817744,True,True,8.326672684688635e+34,14802973661.002066,5.625000000253309e+24,5.625000000253321e+24,2.0997617890609933e-15,1.1102230246251565e-16,5.551115123125783e-17
0.1,0.4,27,True,True,0.5625000000101331,0.31901236878874184,1.7352973806817744,True,True,2.0816681711721585e+36,37007434153.505165,5.625000000101312e+25,5.625000000101323e+25,1.985229327893129e-15,1.1102230246251565e-16,2.7755575615628914e-17
0.1,0.4,28,True,True,0.5625000000040532,0.31901236878874184,1.7352973806817744,True,True,5.204170427930394e+37,92518585384.76292,5.625000000040511e+26,5.625000000040524e+26,2.3211912141770555e-15,1.1102230246251565e-16,1.1102230246251565e-16
0.1,0.4,29,True,True,0.5625000000016214,0.31901236878874184,1.7352973806817744,True,True,1.3010426069825984e+39,231296463462.90726,5.625000000016191e+27,5.625000000016205e+27,2.541093539741657e-15,1.1102230246251565e-16,2.7755575615628914e-17
0.1,0.4,30,True,True,0.5625000000006485,0.31901236878874184,1.7352973806817744,True,True,3.252606517456495e+40,578241158658.2681,5.625000000006463e+28,5.625000000006475e+28,2.1892498188581375e-15,1.1102230246251565e-16,1.3877787807814457e-17
0.1,0.4,31,True,True,0.5625000000002595,0.31901236878874184,1.7352973806817744,True,True,8.131516293641237e+41,1445602896646.6702,5.625000000002571e+29,5.625000000002585e+29,2.501999792982459e-15,1.1102230246251565e-16,5.551115123125783e-17
0.1,0.4,32,True,True,0.5625000000001038,0.31901236878874184,1.7352973806817744,True,True,2.0328790734103087e+43,3614007241617.6753,5.625000000001014e+30,5.625000000001029e+30,2.6020797847024775e-15,1.1102230246251565e-16,5.551115123125783e-17
0.1,0.4,33,True,True,0.5625000000000415,0.31901236878874184,1.7352973806817744,True,True,5.082197683525771e+44,9035018104045.188,5.62500000000039e+31,5.625000000000406e+31,2.72217577476597e-15,1.1102230246251565e-16,1.3877787807814457e-17
0.1,0.4,34,True,True,0.5625000000000168,0.31901236878874184,1.7352973806817744,True,True,1.2705494208814424e+46,22587545260113.97,5.6250000000001406e+32,5.625000000000158e+32,3.0744573456181723e-15,1.1102230246251565e-16,5.551115123125783e-17
0.1,0.4,35,True,True,0.5625000000000067,0.31901236878874184,1.7352973806817744,True,True,3.1763735522036054e+47,56468863150285.92,5.625000000000039e+33,5.625000000000055e+33,2.869493522577013e-15,1.1102230246251565e-16,2.7755575615628914e-17
0.1,0.4,36,True,True,0.5625000000000027,0.31901236878874184,1.7352973806817744,True,True,7.940933880509013e+48,141172157875715.8,5.624999999999999e+34,5.625000000000016e+34,3.115450110226493e-15,1.1102230246251565e-16,1.1102230246251565e-16
0.1,0.4,37,True,True,0.562500000000001,0.31901236878874184,1.7352973806817744,True,True,1.9852334701272528e+50,352930394689290.5,5.624999999999982e+35,5.6249999999999985e+35,2.8858906284203395e-15,1.1102230246251565e-16,5.551115123125783e-17
0.1,0.4,38,True,True,0.5625000000000004,0.31901236878874184,1.7352973806817744,True,True,4.963083675318131e+51,882325986723227.0,5.624999999999976e+36,5.624999999999992e+36,2.9383613671188942e-15,1.1102230246251565e-16,5.551115123125783e-17
0.1,0.4,39,True,True,0.5625000000000002,0.31901236878874184,1.7352973806817744,True,True,1.2407709188295325e+53,2205814966808068.8,5.624999999999972e+37,5.62499999999999e+37,3.1902209128719434e-15,1.1102230246251565e-16,5.551115123125783e-17
0.1,0.4,40,True,True,0.5625000000000001,0.31901236878874184,1.7352973806817744,True,True,3.101927297073831e+54,5514537417020172.0,5.624999999999971e+38,5.6249999999999886e+38,3.089477094570725e-15,1.1102230246251565e-16,5.551115123125783e-17
0.1,0.4,41,True,True,0.5625,0.31901236878874184,1.7352973806817744,True,True,7.754818242684574e+55,1.3786343542550432e+16,5.624999999999969e+39,5.624999999999987e+39,3.2238021856390184e-15,1.1102230246251565e-16,5.551115123125783e-17
0.1,0.4,42,True,True,0.5625,0.31901236878874184,1.7352973806817744,True,True,1.9387045606711433e+57,3.446585885637607e+16,5.624999999999968e+40,5.624999999999987e+40,3.2667862147808725e-15,1.1102230246251565e-16,1.3877787807814457e-17
0.1,0.4,43,True,True,0.5625,0.31901236878874184,1.7352973806817744,True,True,4.8467614016778576e+58,8.61646471409402e+16,5.624999999999967e+41,5.624999999999987e+41,3.576271224602218e-15,1.1102230246251565e-16,2.7755575615628914e-17
0.1,0.4,44,True,True,0.5625,0.31901236878874184,1.7352973806817744,True,True,1.2116903504194643e+60,2.154116178523504e+17,5.624999999999969e+42,5.624999999999986e+42,3.081095208888065e-15,1.1102230246251565e-16,2.7755575615628914e-17
0.1,0.4,45,True,True,0.5625,0.31901236878874184,1.7352973806817744,True,True,3.02922587604866e+61,5.385290446308761e+17,5.624999999999966e+43,5.624999999999986e+43,3.521251667300646e-15,1.1102230246251565e-16,2.7755575615628914e-17
0.1,0.4,46,True,True,0.5625,0.31901236878874184,1.7352973806817744,True,True,7.573064690121649e+62,1.3463226115771901e+18,5.624999999999966e+44,5.624999999999986e+44,3.662101733992672e-15,1.1102230246251565e-16,2.7755575615628914e-17
0.1,0.4,47,True,True,0.5625,0.31901236878874184,1.7352973806817744,True,True,1.8932661725304115e+64,3.365806528942975e+18,5.6249999999999646e+45,5.6249999999999855e+45,3.718441760669483e-15,1.1102230246251565e-16,2.7755575615628914e-17
0.1,0.4,48,True,True,0.5625,0.31901236878874184,1.7352973806817744,True,True,4.733165431326029e+65,8.414516322357437e+18,5.624999999999964e+46,5.624999999999986e+46,3.786049792681655e-15,1.1102230246251565e-16,2.7755575615628914e-17
0.1,0.4,49,True,True,0.5625,0.31901236878874184,1.7352973806817744,True,True,1.1832913578315069e+67,2.103629080589359e+19,5.6249999999999634e+47,5.6249999999999845e+47,3.749992175608497e-15,1.1102230246251565e-16,2.7755575615628914e-17
0.1,0.5,2,True,True,0.6435616517556934,0.22258333217679946,2.081367162442807,True,True,19.0,2.9523200998950623,6.435616517556934,6.435616517556934,0.0,0.0,0.0
0.1,0.5,3,True,True,0.5429392660506094,0.22258333217679946,2.081367162442807,True,True,378.99999999999994,6.980522936881711,54.29392660506092,54.29392660506093,2.617393068394755e-16,0.0,0.0
0.1,0.5,4,True,True,0.5054440165255887,0.22258333217679946,2.081367162442807,True,True,7578.999999999999,14.994736810018809,505.4440165255886,505.4440165255886,0.0,4.336808689942018e-19,5.551115123125783e-17
0.1,0.5,5,True,True,0.4889836397730045,0.22258333217679946,2.081367162442807,True,True,151578.99999999997,30.99878762209015,4889.836397730044,4889.836397730044,0.0,4.336808689942018e-19,5.551115123125783e-17
0.1,0.5,6,True,True,0.4812049998597458,0.22258333217679946,2.081367162442807,True,True,3031578.999999999,62.99974025381277,48120.49998597457,48120.499985974566,1.5120286813944394e-16,1.1102230246251565e-16,2.7755575615628914e-17
0.1,0.5,7,True,True,0.4774142099123558,0.22258333217679946,2.081367162442807,True,True,60631578.99999998,126.99994625449213,477414.2099123555,477414.20991235564,2.4384553163657717e-16,6.938893903907228e-18,2.7755575615628914e-17
0.1,0.5,8,True,True,0.4755418160736016,0.22258333217679946,2.081367162442807,True,True,1212631578.9999995,254.99998906769451,4755418.160736014,4755418.160736014,0.0,1.1102230246251565e-16,3.469446951953614e-18
0.1,0.5,9,True,True,0.47461118754696713,0.22258333217679946,2.081367162442807,True,True,24252631578.999985,510.99999779503673,47461118.75469669,47461118.75469669,0.0,1.1102230246251565e-16,2.7755575615628914e-17
0.1,0.5,10,True,True,0.47414724515051526,0.22258333217679946,2.081367162442807,True,True,485052631578.99976,1022.9999995571478,474147245.1505151,474147245.150515,1.2570914496501928e-16,1.1102230246251565e-16,2.7755575615628914e-17
0.1,0.5,11,True,True,0.47391561465557563,0.22258333217679946,2.081367162442807,True,True,9701052631578.994,2046.9999999112433,4739156146.555753,4739156146.555754,2.0123293829416147e-16,4.336808689942018e-19,1.3877787807814457e-17
0.1,0.5,12,True,True,0.47379988432825626,0.22258333217679946,2.081367162442807,True,True,194021052631578.9,4094.9999999822303,47379988432.8256,47379988432.8256,0.0,4.336808689942018e-19,2.7755575615628914e-17
0.1,0.5,13,True,True,0.4737420403654332,0.22258333217679946,2.081367162442807,True,True,3880421052631576.5,8190.999999996443,473742040365.433,473742040365.4329,1.2883626752423952e-16,1.1102230246251565e-16,2.7755575615628914e-17
0.1,0.5,14,True,True,0.4737131236808579,0.22258333217679946,2.081367162442807,True,True,7.760842105263152e+16,16382.999999999289,4737131236808.575,4737131236808.575,0.0,1.1102230246251565e-16,2.7755575615628914e-17
0.1,0.5,15,True,True,0.4736986666623854,0.22258333217679946,2.081367162442807,True,True,1.5521684210526303e+18,32766.999999999858,47369866666238.5,47369866666238.51,1.649255222744406e-16,1.1102230246251565e-16,6.938893903907228e-18
0.1,0.5,16,True,True,0.4736914384840565,0.22258333217679946,2.081367162442807,True,True,3.1043368421052604e+19,65534.99999999997,473691438484056.1,473691438484056.06,1.3194243113199877e-16,1.1102230246251565e-16,1.3877787807814457e-17
0.1,0.5,17,True,True,0.4736878244776134,0.22258333217679946,2.081367162442807,True,True,6.208673684210521e+20,131071.0,4736878244776130.0,4736878244776130.0,0.0,1.1102230246251565e-16,2.7755575615628914e-17
0.1,0.5,18,True,True,0.4736860174950715,0.22258333217679946,2.081367162442807,True,True,1.241734736842104e+22,262142.99999999997,4.73686017495071e+16,4.73686017495071e+16,0.0,1.1102230246251565e-16,2.7755575615628914e-17
0.1,0.5,19,True,True,0.47368511400897034,0.22258333217679946,2.081367162442807,True,True,2.4834694736842078e+23,524287.0,4.7368511400896986e+17,4.7368511400896986e+17,0.0,1.1102230246251565e-16,2.7755575615628914e-17
0.1,0.5,20,True,True,0.47368466226721223,0.22258333217679946,2.081367162442807,True,True,4.966938947368415e+24,1048575.0,4.736846622672117e+18,4.736846622672118e+18,2.1617757161458357e-16,1.1102230246251565e-16,1.3877787807814457e-17
0.1,0.5,21,True,True,0.4736844363966563,0.22258333217679946,2.081367162442807,True,True,9.93387789473683e+25,2097151.0,4.736844363966557e+19,4.736844363966557e+19,0.0,1.1102230246251565e-16,2.7755575615628914e-17
0.1,0.5,22,True,True,0.47368432346145906,0.22258333217679946,2.081367162442807,True,True,1.9867755789473657e+27,4194303.0,4.736843234614585e+20,4.736843234614585e+20,0.0,1.1102230246251565e-16,3.469446951953614e-18
0.1,0.5,23,True,True,0.4736842669938807,0.22258333217679946,2.081367162442807,True,True,3.973551157894731e+28,8388606.999999999,4.736842669938801e+21,4.736842669938801e+21,0.0,1.1102230246251565e-16,2.7755575615628914e-17
0.1,0.5,24,True,True,0.4736842387600965,0.22258333217679946,2.081367162442807,True,True,7.947102315789463e+29,16777215.0,4.73684238760096e+22,4.736842387600959e+22,1.7709282500000026e-16,1.1102230246251565e-16,2.7755575615628914e-17
0.1,0.5,25,True,True,0.47368422464320575,0.22258333217679946,2.081367162442807,True,True,1.5894204631578924e+31,33554431.0,4.7368422464320507e+23,4.736842246432051e+23,1.416742642222224e-16,1.1102230246251565e-16,2.7755575615628914e-17
0.1,0.5,26,True,True,0.47368421758476065,0.22258333217679946,2.081367162442807,True,True,3.1788409263157846e+32,67108863.0,4.7368421758475994e+24,4.7368421758476e+24,1.1333941306666683e-16,1.1102230246251565e-16,6.938893903907228e-18
0.1,0.5,27,True,True,0.4736842140555382,0.22258333217679946,2.081367162442807,True,True,6.357681852631569e+33,134217727.0,4.736842140555374e+25,4.736842140555374e+25,0.0,1.1102230246251565e-16,2.168404344971009e-19
0.1,0.5,28,True,True,0.47368421229092694,0.22258333217679946,2.081367162442807,True,True,1.2715363705263138e+35,268435455.0,4.736842122909263e+26,4.736842122909262e+26,1.450744503466669e-16,1.1102230246251565e-16,1.3877787807814457e-17
0.1,0.5,29,True,True,0.4736842114086214,0.22258333217679946,2.081367162442807,True,True,2.5430727410526275e+36,536870911.0,4.736842114086206e+27,4.736842114086206e+27,0.0,1.1102230246251565e-16,3.469446951953614e-18
0.1,0.5,30,True,True,0.4736842109674686,0.22258333217679946,2.081367162442807,True,True,5.086145482105255e+37,1073741822.9999999,4.7368421096746785e+28,4.736842109674678e+28,1.8569529696256033e-16,1.1102230246251565e-16,2.7755575615628914e-17
0.1,0.5,31,True,True,0.47368421074689215,0.22258333217679946,2.081367162442807,True,True,1.0172290964210509e+39,2147483647.0,4.736842107468914e+29,4.736842107468914e+29,0.0,1.1102230246251565e-16,1.3877787807814457e-17
0.1,0.5,32,True,True,0.47368421063660393,0.22258333217679946,2.081367162442807,True,True,2.034458192842102e+40,4294967295.0,4.736842106366032e+30,4.736842106366031e+30,2.376899802781018e-16,1.1102230246251565e-16,2.7755575615628914e-17
0.1,0.5,33,True,True,0.4736842105814598,0.22258333217679946,2.081367162442807,True,True,4.0689163856842026e+41,8589934591.0,4.736842105814589e+31,4.73684210581459e+31,1.9015198424461804e-16,1.1102230246251565e-16,1.3877787807814457e-17
0.1,0.5,34,True,True,0.4736842105538878,0.22258333217679946,2.081367162442807,True,True,8.137832771368407e+42,17179869183.0,4.73684210553887e+32,4.73684210553887e+32,0.0,1.1102230246251565e-16,6.938893903907228e-18
0.1,0.5,35,True,True,0.47368421054010185,0.22258333217679946,2.081367162442807,True,True,1.627566554273681e+44,34359738367.0,4.7368421054010087e+33,4.736842105401009e+33,1.216972699271811e-16,1.1102230246251565e-16,2.7755575615628914e-17
0.1,0.5,36,True,True,0.4736842105332088,0.22258333217679946,2.081367162442807,True,True,3.255133108547362e+45,68719476735.0,4.736842105332078e+34,4.736842105332079e+34,1.9471563188632324e-16,1.1102230246251565e-16,1.3877787807814457e-17
0.1,0.5,37,True,True,0.4736842105297623,0.22258333217679946,2.081367162442807,True,True,6.510266217094724e+46,137438953471.0,4.7368421052976136e+35,4.7368421052976136e+35,0.0,1.1102230246251565e-16,6.938893903907228e-18
0.1,0.5,38,True,True,0.473684210528039,0.22258333217679946,2.081367162442807,True,True,1.3020532434189445e+48,274877906943.0,4.73684210528038e+36,4.7368421052803805e+36,1.2461800440860698e-16,1.1102230246251565e-16,2.7755575615628914e-17
0.1,0.5,39,True,True,0.47368421052717735,0.22258333217679946,2.081367162442807,True,True,2.604106486837889e+49,549755813887.0,4.736842105271764e+37,4.736842105271763e+37,1.993888070541339e-16,1.1102230246251565e-16,1.3877787807814457e-17
0.1,0.5,40,True,True,0.4736842105267466,0.22258333217679946,2.081367162442807,True,True,5.2082129736757775e+50,1099511627775.0,4.736842105267455e+38,4.736842105267455e+38,0.0,1.1102230246251565e-16,6.938893903907228e-18
0.1,0.5,41,True,True,0.4736842105265312,0.22258333217679946,2.081367162442807,True,True,1.0416425947351556e+52,2199023255551.0,4.736842105265302e+39,4.736842105265301e+39,1.276088365148198e-16,1.1102230246251565e-16,2.7755575615628914e-17
0.1,0.5,42,True,True,0.4736842105264234,0.22258333217679946,2.081367162442807,True,True,2.083285189470311e+53,4398046511103.0,4.736842105264224e+40,4.7368421052642235e+40,2.041741384237581e-16,1.1102230246251565e-16,2.7755575615628914e-17
0.1,0.5,43,True,True,0.4736842105263696,0.22258333217679946,2.081367162442807,True,True,4.166570378940622e+54,8796093022207.0,4.736842105263686e+41,4.736842105263685e+41,1.6333931073902505e-16,1.1102230246251565e-16,1.3877787807814457e-17
0.1,0.5,44,True,True,0.47368421052634274,0.22258333217679946,2.081367162442807,True,True,8.333140757881242e+55,17592186044415.0,4.736842105263415e+42,4.7368421052634165e+42,2.613428971824549e-16,1.1102230246251565e-16,2.7755575615628914e-17
0.1,0.5,45,True,True,0.4736842105263292,0.22258333217679946,2.081367162442807,True,True,1.6666281515762486e+57,35184372088831.0,4.736842105263281e+43,4.73684210526328e+43,2.0907431774596994e-16,1.1102230246251565e-16,1.3877787807814457e-17
0.1,0.5,46,True,True,0.47368421052632254,0.22258333217679946,2.081367162442807,True,True,3.333256303152497e+58,70368744177663.0,4.7368421052632135e+44,4.7368421052632135e+44,0.0,1.1102230246251565e-16,6.938893903907228e-18
0.1,0.5,47,True,True,0.47368421052631915,0.22258333217679946,2.081367162442807,True,True,6.6665126063049935e+59,140737488355327.0,4.7368421052631794e+45,4.7368421052631794e+45,0.0,1.1102230246251565e-16,3.469446951953614e-18
0.1,0.5,48,True,True,0.4736842105263174,0.22258333217679946,2.081367162442807,True,True,1.3333025212609985e+61,281474976710655.03,4.736842105263161e+46,4.736842105263161e+46,0.0,1.1102230246251565e-16,2.7755575615628914e-17
0.1,0.5,49,True,True,0.4736842105263166,0.22258333217679946,2.081367162442807,True,True,2.666605042521997e+62,562949953421311.0,4.736842105263153e+47,4.736842105263153e+47,0.0,1.1102230246251565e-16,2.7755575615628914e-17
0.1,0.6,2,True,True,0.6146356636001058,0.14300629051443406,2.6172622770376366,True,True,16.0,2.6031681771088895,6.146356636001058,6.146356636001058,0.0,1.1102230246251565e-16,0.0
0.1,0.6,3,True,True,0.49116594881655695,0.14300629051443406,2.6172622770376366,True,True,266.00000000000006,5.41568487475395,49.1165948816557,49.116594881655686,2.893289884903961e-16,1.1102230246251565e-16,2.7755575615628914e-17
0.1,0.6,4,True,True,0.4403552122151724,0.14300629051443406,2.6172622770376366,True,True,4432.666666666668,10.066116043837622,440.3552122151724,440.35521221517234,1.2908537763152992e-16,1.1102230246251565e-16,2.7755575615628914e-17
0.1,0.6,5,True,True,0.4153115156947065,0.14300629051443406,2.6172622770376366,True,True,73877.11111111112,17.788360861493143,4153.115156947065,4153.115156947064,2.189909663958111e-16,1.1102230246251565e-16,2.7755575615628914e-17
0.1,0.6,6,True,True,0.401725995495793,0.14300629051443406,2.6172622770376366,True,True,1231284.5185185187,30.64985916579583,40172.5995495793,40172.59954957929,3.6223484144727817e-16,1.1102230246251565e-16,1.3877787807814457e-17
0.1,0.6,7,True,True,0.39400892064625836,0.14300629051443406,2.6172622770376366,True,True,20521407.97530865,52.08361257823599,394008.92064625834,394008.9206462582,2.954636703046951e-16,1.1102230246251565e-16,2.7755575615628914e-17
0.1,0.6,8,True,True,0.38952123347991713,0.14300629051443406,2.6172622770376366,True,True,342023465.5884775,87.80611586508324,3895212.334799172,3895212.33479917,4.78188347420858e-16,6.938893903907228e-18,2.0816681711721685e-17
0.1,0.6,9,True,True,0.3868775629207256,0.14300629051443406,2.6172622770376366,True,True,5700391092.474625,147.34354325021124,38687756.29207256,38687756.29207254,3.8516478136782087e-16,6.617444900424222e-24,2.7755575615628914e-17
0.1,0.6,10,True,True,0.3853085373005063,0.14300629051443406,2.6172622770376366,True,True,95006518207.24374,246.572574988514,385308537.30050635,385308537.3005061,6.187731545528081e-16,4.336808689942018e-19,2.7755575615628914e-17
0.1,0.6,11,True,True,0.3843732181756751,0.14300629051443406,2.6172622770376366,True,True,1583441970120.0625,411.95429214226925,3843732181.7567506,3843732181.7567487,4.9622308283215525e-16,1.1102230246251565e-16,1.3877787807814457e-17
0.1,0.6,12,True,True,0.3838142033877089,0.14300629051443406,2.6172622770376366,True,True,26390699502000.37,687.5904869873167,38381420338.77088,38381420338.77087,3.9755665443903293e-16,1.1102230246251565e-16,6.938893903907228e-18
0.1,0.6,13,True,True,0.3834795743429665,0.14300629051443406,2.6172622770376366,True,True,439844991700005.7,1146.9841449928924,383479574342.96643,383479574342.96625,4.774842807826813e-16,1.1102230246251565e-16,1.3877787807814457e-17
0.1,0.6,14,True,True,0.3832790768490354,0.14300629051443406,2.6172622770376366,True,True,7330749861666759.0,1912.6402416571696,3832790768490.354,3832790768490.351,7.643744928852292e-16,1.1102230246251565e-16,2.7755575615628914e-17
0.1,0.6,15,True,True,0.3831588789558526,0.14300629051443406,2.6172622770376366,True,True,1.2217916436111267e+17,3188.7337360956753,38315887895585.266,38315887895585.23,1.0194857054193647e-15,6.938893903907228e-18,1.3877787807814457e-17
0.1,0.6,16,True,True,0.38308679639992976,0.14300629051443406,2.6172622770376366,True,True,2.0363194060185444e+18,5315.556226826192,383086796399929.8,383086796399929.44,9.788904329882277e-16,6.617444900424222e-24,1.3877787807814457e-17
0.1,0.6,17,True,True,0.3830435598831619,0.14300629051443406,2.6172622770376366,True,True,3.393865676697574e+19,8860.260378043662,3830435598831619.0,3830435598831616.0,7.832007411676832e-16,4.1359030627651384e-25,1.3877787807814457e-17
0.1,0.6,18,True,True,0.38301762265741573,0.14300629051443406,2.6172622770376366,True,True,5.656442794495958e+20,14768.100630072777,3.830176226574157e+16,3.830176226574154e+16,8.354706965695399e-16,1.6940658945086007e-21,1.3877787807814457e-17
0.1,0.6,19,True,True,0.38300206200794823,0.14300629051443406,2.6172622770376366,True,True,9.427404657493263e+21,24614.501050121296,3.830020620079482e+17,3.8300206200794784e+17,1.0026055681967359e-15,1.6940658945086007e-21,1.0408340855860843e-17
0.1,0.6,20,True,True,0.3829927262251401,0.14300629051443406,2.6172622770376366,True,True,1.5712341095822104e+23,41025.16841686882,3.8299272622514007e+18,3.829927262251397e+18,9.357880070790612e-16,1.6940658945086007e-21,1.3877787807814457e-17
0.1,0.6,21,True,True,0.3829871249739118,0.14300629051443406,2.6172622770376366,True,True,2.618723515970351e+24,68376.2806947814,3.829871249739117e+19,3.829871249739113e+19,1.0694876492986587e-15,1.6940658945086007e-21,2.7755575615628914e-17
0.1,0.6,22,True,True,0.3829837643018155,0.14300629051443406,2.6172622770376366,True,True,4.364539193283919e+25,113961.46782463562,3.829837643018156e+20,3.829837643018151e+20,1.368956203550259e-15,1.6940658945086007e-21,1.3877787807814457e-17
0.1,0.6,23,True,True,0.38298174792686757,0.14300629051443406,2.6172622770376366,True,True,7.274231988806532e+26,189936.77970772603,3.8298174792686764e+21,3.8298174792686706e+21,1.5058597521209494e-15,1.6940658945086007e-21,2.7755575615628914e-17
0.1,0.6,24,True,True,0.38298053811209004,0.14300629051443406,2.6172622770376366,True,True,1.212371998134422e+28,316562.29951287684,3.829805381120901e+22,3.829805381120896e+22,1.314209026080304e-15,1.6940658945086007e-21,1.3877787807814457e-17
0.1,0.6,25,True,True,0.3829798122268925,0.14300629051443406,2.6172622770376366,True,True,2.0206199968907034e+29,527604.8325214614,3.8297981222689246e+23,3.82979812226892e+23,1.2265974158494152e-15,1.6940658945086007e-21,1.3877787807814457e-17
0.1,0.6,26,True,True,0.3829793766970947,0.14300629051443406,2.6172622770376366,True,True,3.367699994817839e+30,879342.3875357689,3.829793766970947e+24,3.829793766970942e+24,1.4018272122903934e-15,1.6940658945086007e-21,1.3877787807814457e-17
0.1,0.6,27,True,True,0.3829791153796915,0.14300629051443406,2.6172622770376366,True,True,5.612833324696399e+31,1465571.6458929484,3.829791153796915e+25,3.8297911537969093e+25,1.4579012955483175e-15,1.6940658945086007e-21,1.3877787807814457e-17
0.1,0.6,28,True,True,0.38297895858942077,0.14300629051443406,2.6172622770376366,True,True,9.35472220782733e+32,2442620.4098215806,3.829789585894207e+26,3.829789585894202e+26,1.2560385534592882e-15,1.6940658945086007e-21,3.469446951953614e-18
0.1,0.6,29,True,True,0.38297886451531993,0.14300629051443406,2.6172622770376366,True,True,1.5591203679712218e+34,4071035.016369302,3.8297886451531983e+27,3.8297886451531934e+27,1.2919256866181674e-15,1.6940658945086007e-21,2.7755575615628914e-17
0.1,0.6,30,True,True,0.3829788080708816,0.14300629051443406,2.6172622770376366,True,True,2.5985339466187034e+35,6785059.360615503,3.829788080708816e+28,3.8297880807088096e+28,1.7225678360341618e-15,1.6940658945086007e-21,1.3877787807814457e-17
0.1,0.6,31,True,True,0.38297877420422666,0.14300629051443406,2.6172622770376366,True,True,4.3308899110311724e+36,11308433.267692504,3.829787742042266e+29,3.82978774204226e+29,1.4699246834006397e-15,1.6940658945086007e-21,1.3877787807814457e-17
0.1,0.6,32,True,True,0.3829787538842365,0.14300629051443406,2.6172622770376366,True,True,7.21814985171862e+37,18847389.779487506,3.8297875388423653e+30,3.8297875388423586e+30,1.7639097136698395e-15,1.6940658945086007e-21,1.3877787807814457e-17
0.1,0.6,33,True,True,0.3829787416922434,0.14300629051443406,2.6172622770376366,True,True,1.2030249752864369e+39,31412317.299145848,3.829787416922435e+31,3.829787416922427e+31,1.999097739133054e-15,1.6940658945086007e-21,1.3877787807814457e-17
0.1,0.6,34,True,True,0.38297873437704805,0.14300629051443406,2.6172622770376366,True,True,2.005041625477395e+40,52353863.16524308,3.82978734377048e+32,3.8297873437704734e+32,1.6933534113747345e-15,1.6940658945086007e-21,1.3877787807814457e-17
0.1,0.6,35,True,True,0.38297872998793087,0.14300629051443406,2.6172622770376366,True,True,3.3417360424623246e+41,87256439.60873847,3.829787299879309e+33,3.829787299879301e+33,1.956763964458466e-15,1.6940658945086007e-21,1.3877787807814457e-17
0.1,0.6,36,True,True,0.38297872735446065,0.14300629051443406,2.6172622770376366,True,True,5.5695600707705416e+42,145427400.34789747,3.8297872735446063e+34,3.8297872735445994e+34,1.806243671920365e-15,1.6940658945086007e-21,6.938893903907228e-18
0.1,0.6,37,True,True,0.38297872577437847,0.14300629051443406,2.6172622770376366,True,True,9.282600117950903e+43,242379001.57982916,3.8297872577437844e+35,3.829787257743777e+35,1.9266599246640124e-15,1.6940658945086007e-21,1.3877787807814457e-17
0.1,0.6,38,True,True,0.3829787248263292,0.14300629051443406,2.6172622770376366,True,True,1.547100019658484e+45,403965003.6330486,3.829787248263292e+36,3.829787248263284e+36,2.0037263266107212e-15,1.6940658945086007e-21,1.3877787807814457e-17
0.1,0.6,39,True,True,0.3829787242574997,0.14300629051443406,2.6172622770376366,True,True,2.57850003276414e+46,673275007.0550809,3.829787242574997e+37,3.829787242574989e+37,2.0962060063369707e-15,1.6940658945086007e-21,6.938893903907228e-18
0.1,0.6,40,True,True,0.38297872391620197,0.14300629051443406,2.6172622770376366,True,True,4.2975000546069e+47,1122125012.7584682,3.82978723916202e+38,3.829787239162011e+38,2.1701897496710993e-15,1.6940658945086007e-21,1.3877787807814457e-17
0.1,0.6,41,True,True,0.38297872371142333,0.14300629051443406,2.6172622770376366,True,True,7.1625000910115e+48,1870208355.597447,3.8297872371142334e+39,3.829787237114225e+39,2.209647746301163e-15,1.6940658945086007e-21,6.938893903907228e-18
0.1,0.6,42,True,True,0.3829787235885561,0.14300629051443406,2.6172622770376366,True,True,1.1937500151685833e+50,3117013926.995745,3.829787235885561e+40,3.8297872358855525e+40,2.2727805397817783e-15,1.6940658945086007e-21,1.3877787807814457e-17
0.1,0.6,43,True,True,0.3829787235148358,0.14300629051443406,2.6172622770376366,True,True,1.9895833586143056e+51,5195023212.659576,3.829787235148357e+41,3.8297872351483494e+41,2.0202493690837954e-15,1.6940658945086007e-21,6.938893903907228e-18
0.1,0.6,44,True,True,0.3829787234706036,0.14300629051443406,2.6172622770376366,True,True,3.3159722643571766e+52,8658372022.099293,3.8297872347060365e+42,3.8297872347060266e+42,2.58591919272592e-15,1.6940658945086007e-21,1.3877787807814457e-17
0.1,0.6,45,True,True,0.3829787234440643,0.14300629051443406,2.6172622770376366,True,True,5.526620440595294e+53,14430620037.832155,3.8297872344406436e+43,3.8297872344406337e+43,2.5859191929051165e-15,1.6940658945086007e-21,1.3877787807814457e-17
0.1,0.6,46,True,True,0.3829787234281407,0.14300629051443406,2.6172622770376366,True,True,9.211034067658824e+54,24051033397.386932,3.8297872342814066e+44,3.829787234281398e+44,2.2756088898511184e-15,1.6940658945086007e-21,1.3877787807814457e-17
0.1,0.6,47,True,True,0.3829787234185867,0.14300629051443406,2.6172622770376366,True,True,1.535172344609804e+56,40085055663.31155,3.829787234185866e+45,3.829787234185857e+45,2.316983596997122e-15,1.6940658945086007e-21,2.7755575615628914e-17
0.1,0.6,48,True,True,0.38297872341285405,0.14300629051443406,2.6172622770376366,True,True,2.5586205743496733e+57,66808426106.51926,3.82978723412854e+46,3.8297872341285304e+46,2.5155821910631014e-15,1.6940658945086007e-21,2.7755575615628914e-17
0.1,0.6,49,True,True,0.3829787234094146,0.14300629051443406,2.6172622770376366,True,True,4.2643676239161223e+58,111347376845.19876,3.829787234094145e+47,3.8297872340941354e+47,2.542062003623438e-15,1.6940658945086007e-21,1.3877787807814457e-17
0.1,0.7,2,True,True,0.5925563655624856,0.08068463198598685,3.523523441549128,True,True,13.857142857142858,2.3385358191180567,5.925563655624855,5.925563655624856,1.4988927152221538e-16,0.0,2.7755575615628914e-17
0.1,0.7,3,True,True,0.44703031992117204,0.08068463198598685,3.523523441549128,True,True,197.530612244898,4.418729635156066,44.703031992117204,44.7030319921172,1.5894732506855358e-16,1.1102230246251565e-16,1.3877787807814457e-17
0.1,0.7,4,True,True,0.38290852770665823,0.08068463198598685,3.523523441549128,True,True,2821.4373177842576,7.368436881472976,382.9085277066582,382.90852770665816,1.4845169210844817e-16,0.0,6.938893903907228e-18
0.1,0.7,5,True,True,0.34909594339960004,0.08068463198598685,3.523523441549128,True,True,40305.8188254894,11.545771180546913,3490.9594339960017,3490.959433996,5.210571586229268e-16,1.1102230246251565e-16,3.469446951953614e-18
0.1,0.7,6,True,True,0.3290484275645056,0.08068463198598685,3.523523441549128,True,True,575796.983221277,17.498852296092483,32904.84275645056,32904.84275645055,4.4224235733550636e-16,1.1102230246251565e-16,3.469446951953614e-18
0.1,0.7,7,True,True,0.3163794695848819,0.08068463198598685,3.523523441549128,True,True,8225670.760303959,25.999382232661212,316379.46958488197,316379.4695848818,5.519415750001832e-16,1.3877787807814457e-17,5.204170427930421e-18
0.1,0.7,8,True,True,0.3080831556267506,0.08068463198598685,3.523523441549128,True,True,117509581.86148517,38.14216380068845,3080831.556267507,3080831.5562675046,7.557396092629909e-16,8.673617379884035e-19,3.469446951953614e-18
0.1,0.7,9,True,True,0.3025308116029929,0.08068463198598685,3.523523441549128,True,True,1678708311.8783593,55.48883774791526,30253081.16029929,30253081.160299275,4.925502005859243e-16,3.3881317890172014e-21,4.336808689942018e-18
0.1,0.7,10,True,True,0.29876186620520645,0.08068463198598685,3.523523441549128,True,True,23981547312.119423,80.26977343771023,298761866.2052065,298761866.20520633,5.98516593156345e-16,3.3881317890172014e-21,1.734723475976807e-18
0.1,0.7,11,True,True,0.2961790076120059,0.08068463198598685,3.523523441549128,True,True,342593533029.84894,115.67110572490196,2961790076.1200604,2961790076.120057,1.1269738980942463e-15,1.1102230246251565e-16,1.734723475976807e-18
0.1,0.7,12,True,True,0.2943974199104429,0.08068463198598685,3.523523441549128,True,True,4894193328997.414,166.24443687333434,29439741991.0443,29439741991.04427,1.03661160258414e-15,1.1102230246251565e-16,5.204170427930421e-18
0.1,0.7,13,True,True,0.29316300802124107,0.08068463198598685,3.523523441549128,True,True,69917047557105.49,238.49205269458702,293163008021.2412,293163008021.2409,1.0409764291540108e-15,1.3877787807814457e-17,5.204170427930421e-18
0.1,0.7,14,True,True,0.29230506101231346,0.08068463198598685,3.523523441549128,True,True,998814965101506.9,341.7029324235447,2923050610123.1353,2923050610123.1323,1.0022705353967814e-15,1.1102230246251565e-16,1.734723475976807e-18
0.1,0.7,15,True,True,0.29170747984867984,0.08068463198598685,3.523523441549128,True,True,1.4268785215735812e+16,489.1470463197442,29170747984867.996,29170747984867.96,1.2051884997339445e-15,1.3877787807814457e-17,3.469446951953614e-18
0.1,0.7,16,True,True,0.2912906247559731,0.08068463198598685,3.523523441549128,True,True,2.038397887962259e+17,699.7814947425488,291290624755973.3,291290624755972.9,1.5019364264349847e-15,1.1102230246251565e-16,1.734723475976807e-18
0.1,0.7,17,True,True,0.29099953435763815,0.08068463198598685,3.523523441549128,True,True,2.911996982803227e+18,1000.6878496322212,2909995343576383.0,2909995343576379.0,1.3745726462517316e-15,1.1102230246251565e-16,1.734723475976807e-18
0.1,0.7,18,True,True,0.29079611699629765,0.08068463198598685,3.523523441549128,True,True,4.159995689718897e+19,1430.5540709031743,2.9079611699629788e+16,2.9079611699629736e+16,1.788194441422411e-15,1.1102230246251565e-16,3.469446951953614e-18
0.1,0.7,19,True,True,0.2906538939724225,0.08068463198598685,3.523523441549128,True,True,5.94285098531271e+20,2044.648672718821,2.9065389397242266e+17,2.9065389397242214e+17,1.7615452970624217e-15,1.1102230246251565e-16,3.469446951953614e-18
0.1,0.7,20,True,True,0.2905544206021877,0.08068463198598685,3.523523441549128,True,True,8.489787121875301e+21,2921.926675312601,2.905544206021879e+18,2.905544206021874e+18,1.5859335371493258e-15,1.1102230246251565e-16,1.734723475976807e-18
0.1,0.7,21,True,True,0.2904848297453945,0.08068463198598685,3.523523441549128,True,True,1.2128267316964715e+23,4175.180964732288,2.9048482974539473e+19,2.904848297453942e+19,1.8330733500496775e-15,1.1102230246251565e-16,1.734723475976807e-18
0.1,0.7,22,True,True,0.2904361359769325,0.08068463198598685,3.523523441549128,True,True,1.7326096167092456e+24,5965.544235331839,2.9043613597693277e+20,2.9043613597693218e+20,2.030821674500058e-15,1.1102230246251565e-16,3.469446951953614e-18
0.1,0.7,23,True,True,0.29040206005124714,0.08068463198598685,3.523523441549128,True,True,2.4751565952989224e+25,8523.206050474055,2.904020600512475e+21,2.9040206005124674e+21,2.5275412986756077e-15,1.1102230246251565e-16,4.336808689942018e-18
0.1,0.7,24,True,True,0.2903782116605173,0.08068463198598685,3.523523441549128,True,True,3.535937993284175e+26,12177.008643534367,2.903782116605176e+22,2.9037821166051696e+22,2.166641899205365e-15,1.1102230246251565e-16,1.734723475976807e-18
0.1,0.7,25,True,True,0.29036152011746,0.08068463198598685,3.523523441549128,True,True,5.051339990405965e+27,17396.72663362053,2.903615201174603e+23,2.9036152011745963e+23,2.311217546073341e-15,1.1102230246251565e-16,1.734723475976807e-18
0.1,0.7,26,True,True,0.29034983717903684,0.08068463198598685,3.523523441549128,True,True,7.216199986294236e+28,24853.4666194579,2.9034983717903713e+24,2.9034983717903644e+24,2.4037629653280597e-15,1.1102230246251565e-16,4.336808689942018e-18
0.1,0.7,27,True,True,0.29034165968151154,0.08068463198598685,3.523523441549128,True,True,1.0308857123277481e+30,35505.95231351128,2.9034165968151184e+25,2.903416596815111e+25,2.5147766983247545e-15,1.1102230246251565e-16,4.336808689942018e-18
0.1,0.7,28,True,True,0.29033593570731137,0.08068463198598685,3.523523441549128,True,True,1.472693874753926e+31,50723.78901930185,2.9033593570731164e+26,2.9033593570731092e+26,2.4852400856620197e-15,1.1102230246251565e-16,4.336808689942018e-18
0.1,0.7,29,True,True,0.2903319290596561,0.08068463198598685,3.523523441549128,True,True,2.103848392505609e+32,72463.55574185977,2.903319290596564e+27,2.903319290596556e+27,2.6509593413856157e-15,1.1102230246251565e-16,2.6020852139652106e-18
0.1,0.7,30,True,True,0.290329124472094,0.08068463198598685,3.523523441549128,True,True,3.0054977035794414e+33,103520.36534551399,2.903291244720944e+28,2.9032912447209354e+28,2.8782122311331556e-15,1.1102230246251565e-16,3.469446951953614e-18
0.1,0.7,31,True,True,0.2903271612930401,0.08068463198598685,3.523523441549128,True,True,4.293568147970631e+34,147887.23620787714,2.903271612930404e+29,2.903271612930396e+29,2.787340166310981e-15,1.1102230246251565e-16,1.734723475976807e-18
0.1,0.7,32,True,True,0.2903257870834993,0.08068463198598685,3.523523441549128,True,True,6.133668782815188e+35,211268.4802969673,2.903257870834997e+30,2.903257870834988e+30,3.1024454786548077e-15,1.1102230246251565e-16,3.469446951953614e-18
0.1,0.7,33,True,True,0.2903248251445612,0.08068463198598685,3.523523441549128,True,True,8.762383975450269e+36,301813.1147099533,2.9032482514456153e+31,2.903248251445607e+31,2.792210182243442e-15,1.1102230246251565e-16,1.734723475976807e-18
0.1,0.7,34,True,True,0.2903241517910973,0.08068463198598685,3.523523441549128,True,True,1.2517691393500387e+38,431162.59244279045,2.9032415179109764e+32,2.9032415179109674e+32,3.1024629536236923e-15,1.1102230246251565e-16,1.734723475976807e-18
0.1,0.7,35,True,True,0.29032368044553086,0.08068463198598685,3.523523441549128,True,True,1.7882416276429124e+39,615947.560632558,2.903236804455312e+33,2.903236804455303e+33,3.176927222299126e-15,1.1102230246251565e-16,2.6020852139652106e-18
0.1,0.7,36,True,True,0.2903233505045451,0.08068463198598685,3.523523441549128,True,True,2.5546308966327325e+40,879926.08661794,2.903233505045455e+34,2.9032335050454458e+34,3.1769308327510494e-15,1.1102230246251565e-16,2.6020852139652106e-18
0.1,0.7,37,True,True,0.29032311954630124,0.08068463198598685,3.523523441549128,True,True,3.6494727094753326e+41,1257038.2665970572,2.9032311954630166e+35,2.9032311954630067e+35,3.431088028872789e-15,1.1102230246251565e-16,1.734723475976807e-18
0.1,0.7,38,True,True,0.2903229578757492,0.08068463198598685,3.523523441549128,True,True,5.213532442107619e+42,1795769.9522815102,2.9032295787574964e+36,2.903229578757486e+36,3.659829268825544e-15,1.1102230246251565e-16,3.469446951953614e-18
0.1,0.7,39,True,True,0.2903228447064699,0.08068463198598685,3.523523441549128,True,True,7.447903488725169e+43,2565386.6461164434,2.903228447064703e+37,2.903228447064693e+37,3.4158419824154037e-15,1.1102230246251565e-16,2.6020852139652106e-18
0.1,0.7,40,True,True,0.2903227654880269,0.08068463198598685,3.523523441549128,True,True,1.0639862126750244e+45,3664839.0658806334,2.9032276548802735e+38,2.9032276548802626e+38,3.773693124561198e-15,1.1102230246251565e-16,1.734723475976807e-18
0.1,0.7,41,True,True,0.29032271003514254,0.08068463198598685,3.523523441549128,True,True,1.5199803038214634e+46,5235485.379829477,2.90322710035143e+39,2.903227100351419e+39,3.747668370557254e-15,1.1102230246251565e-16,3.469446951953614e-18
0.1,0.7,42,True,True,0.29032267121813604,0.08068463198598685,3.523523441549128,True,True,2.1714004340306626e+47,7479265.828327824,2.9032267121813654e+40,2.903226712181354e+40,3.997513463073798e-15,1.1102230246251565e-16,1.734723475976807e-18
0.1,0.7,43,True,True,0.2903226440462377,0.08068463198598685,3.523523441549128,True,True,3.1020006200438036e+48,10684666.469039751,2.903226440462381e+41,2.9032264404623703e+41,3.731012914728749e-15,1.1102230246251565e-16,3.469446951953614e-18
0.1,0.7,44,True,True,0.2903226250259119,0.08068463198598685,3.523523441549128,True,True,4.431429457205435e+49,15263810.241485357,2.903226250259124e+42,2.9032262502591124e+42,4.050814287092333e-15,1.1102230246251565e-16,3.469446951953614e-18
0.1,0.7,45,True,True,0.2903226117116853,0.08068463198598685,3.523523441549128,True,True,6.330613510293478e+50,21805444.20212194,2.9032261171168576e+43,2.9032261171168457e+43,4.093454625209046e-15,1.1102230246251565e-16,2.6020852139652106e-18
0.1,0.7,46,True,True,0.2903226023917274,0.08068463198598685,3.523523441549128,True,True,9.043733586133542e+51,31150635.57445992,2.903226023917279e+44,2.903226023917267e+44,4.093454756617432e-15,1.1102230246251565e-16,1.734723475976807e-18
0.1,0.7,47,True,True,0.2903225958677572,0.08068463198598685,3.523523441549128,True,True,1.2919619408762204e+53,44500908.96351417,2.9032259586775774e+45,2.903225958677565e+45,4.3663518385101905e-15,1.1102230246251565e-16,1.734723475976807e-18
0.1,0.7,48,True,True,0.29032259130097826,0.08068463198598685,3.523523441549128,True,True,1.845659915537458e+54,63572728.09073455,2.9032259130097877e+46,2.903225913009775e+46,4.366351907192974e-15,1.1102230246251565e-16,3.469446951953614e-18
0.1,0.7,49,True,True,0.29032258810423317,0.08068463198598685,3.523523441549128,True,True,2.6366570221963685e+55,90818183.98676363,2.9032258810423364e+47,2.903225881042324e+47,4.331421139628754e-15,1.1102230246251565e-16,1.734723475976807e-18
0.1,0.8,2,True,True,0.5787978796973466,0.035937570046543084,5.348753954834378,True,True,12.249999999999998,2.116455576237688,5.787978796973467,5.787978796973467,0.0,1.1102230246251565e-16,0.0
0.1,0.8,3,True,True,0.4123700083099559,0.035937570046543084,5.348753954834378,True,True,152.87499999999994,3.7072288701726395,41.237000830995584,41.237000830995584,0.0,0.0,6.938893903907228e-18
0.1,0.8,4,True,True,0.3341235001011941,0.035937570046543084,5.348753954834378,True,True,1910.6874999999989,5.718506777946837,334.12350010119405,334.1235001011941,1.701269705470946e-16,8.673617379884035e-19,5.204170427930421e-18
0.1,0.8,5,True,True,0.2915532962204042,0.035937570046543084,5.348753954834378,True,True,23883.34374999998,8.191759125900951,2915.5329622040404,2915.5329622040417,4.679220130058392e-16,5.421010862427522e-20,2.6020852139652106e-18
0.1,0.8,6,True,True,0.26525692854353283,0.035937570046543084,5.348753954834378,True,True,298541.54687499977,11.254806745830379,26525.69285435326,26525.692854353274,5.485969888993364e-16,1.1102230246251565e-16,6.505213034913027e-19
0.1,0.8,7,True,True,0.2475862781532146,0.035937570046543084,5.348753954834378,True,True,3731769.085937496,15.072600605224803,247586.2781532144,247586.27815321452,4.702010252559037e-16,1.3877787807814457e-17,4.336808689942018e-19
0.1,0.8,8,True,True,0.2350965509266207,0.035937570046543084,5.348753954834378,True,True,46647113.32421868,19.841683402143325,2350965.5092662047,2350965.509266206,5.942170807768467e-16,1.1102230246251565e-16,4.336808689942018e-19
0.1,0.8,9,True,True,0.22598338810084376,0.035937570046543084,5.348753954834378,True,True,583088916.3027335,25.802291097721493,22598338.81008435,22598338.810084365,6.593918835838548e-16,1.3877787807814457e-17,5.421010862427522e-19
0.1,0.8,10,True,True,0.2191872570921096,0.035937570046543084,5.348753954834378,True,True,7288611453.534166,33.25289777439601,219187257.09210926,219187257.0921095,1.0877392338614437e-15,8.673617379884035e-19,4.336808689942018e-19
0.1,0.8,11,True,True,0.21403789265568723,0.035937570046543084,5.348753954834378,True,True,91107643168.92706,42.566127912447634,2140378926.5568695,2140378926.5568712,7.797357902395667e-16,1.1102230246251565e-16,2.168404344971009e-19
0.1,0.8,12,True,True,0.21008940858143818,0.035937570046543084,5.348753954834378,True,True,1138845539611.3381,54.20766079075722,21008940858.143784,21008940858.143806,1.089449665658787e-15,1.3877787807814457e-17,2.168404344971009e-19
0.1,0.8,13,True,True,0.20703398781064214,0.035937570046543084,5.348753954834378,True,True,14235569245141.475,68.75957612409834,207033987810.6418,207033987810.642,8.844222665385378e-16,5.421010862427522e-20,1.6263032587282567e-19
0.1,0.8,14,True,True,0.20465290381474252,0.035937570046543084,5.348753954834378,True,True,177944615564268.16,86.94947017480332,2046529038147.4214,2046529038147.4236,1.073654751065261e-15,1.3877787807814457e-17,1.8973538018496328e-19
0.1,0.8,15,True,True,0.20278711108488218,0.035937570046543084,5.348753954834378,True,True,2224307694553351.0,109.68683772127461,20278711108488.17,20278711108488.203,1.5410249612422096e-15,8.673617379884035e-19,1.3552527156068805e-19
0.1,0.8,16,True,True,0.2013187942041105,0.035937570046543084,5.348753954834378,True,True,2.7803846181916884e+16,138.108547151974,201318794204110.06,201318794204110.3,1.2418115307532264e-15,1.3877787807814457e-17,1.0842021724855044e-19
0.1,0.8,17,True,True,0.20015936205487558,0.035937570046543084,5.348753954834378,True,True,3.4754807727396096e+17,173.63568394001882,2001593620548751.5,2001593620548754.2,1.373905258174266e-15,1.3877787807814457e-17,2.439454888092385e-19
0.1,0.8,18,True,True,0.1992413876701158,0.035937570046543084,5.348753954834378,True,True,4.344350965924511e+18,218.04460492503034,1.9924138767011536e+16,1.992413876701156e+16,1.2045690044950325e-15,8.673617379884035e-19,8.131516293641283e-20
0.1,0.8,19,True,True,0.19851304844424894,0.035937570046543084,5.348753954834378,True,True,5.430438707405638e+19,273.55575615628885,1.9851304844424845e+17,1.9851304844424874e+17,1.4507862443152353e-15,8.673617379884035e-19,1.0842021724855044e-19
0.1,0.8,20,True,True,0.19793419986829652,0.035937570046543084,5.348753954834378,True,True,6.788048384257045e+20,342.94469519536113,1.97934199868296e+18,1.9793419986829632e+18,1.6813668391891963e-15,8.673617379884035e-19,6.776263578034403e-20
0.1,0.8,21,True,True,0.1974735458942631,0.035937570046543084,5.348753954834378,True,True,8.485060480321307e+21,429.68086899420143,1.974735458942626e+19,1.9747354589426287e+19,1.2445211275620285e-15,8.673617379884035e-19,1.6263032587282567e-19
0.1,0.8,22,True,True,0.19710656364698112,0.035937570046543084,5.348753954834378,True,True,1.0606325600401631e+23,538.1010862427516,1.9710656364698055e+20,1.9710656364698088e+20,1.6624509805106084e-15,8.673617379884035e-19,1.0842021724855044e-19
0.1,0.8,23,True,True,0.19681395846405791,0.035937570046543084,5.348753954834378,True,True,1.3257907000502036e+24,673.6263578034396,1.9681395846405727e+21,1.9681395846405767e+21,1.997907074623518e-15,8.673617379884035e-19,8.131516293641283e-20
0.1,0.8,24,True,True,0.1965804990730518,0.035937570046543084,5.348753954834378,True,True,1.6572383750627541e+25,843.0329472542994,1.965804990730512e+22,1.9658049907305157e+22,1.920268601310862e-15,8.673617379884035e-19,8.131516293641283e-20
0.1,0.8,25,True,True,0.1963941299584419,0.035937570046543084,5.348753954834378,True,True,2.0715479688284423e+26,1054.7911840678742,1.9639412995844127e+23,1.9639412995844164e+23,1.879377719069831e-15,8.673617379884035e-19,5.421010862427522e-20
0.1,0.8,26,True,True,0.19624528890488055,0.035937570046543084,5.348753954834378,True,True,2.589434961035552e+27,1319.4889800848425,1.9624528890487987e+24,1.9624528890488028e+24,2.05178522372155e-15,8.673617379884035e-19,1.3552527156068805e-19
0.1,0.8,27,True,True,0.19612637839855046,0.035937570046543084,5.348753954834378,True,True,3.23679370129444e+28,1650.3612251060533,1.961263783985498e+25,1.9612637839855018e+25,1.9709080430501515e-15,8.673617379884035e-19,6.776263578034403e-20
0.1,0.8,28,True,True,0.19603135369694463,0.035937570046543084,5.348753954834378,True,True,4.045992126618049e+29,2063.951531382567,1.9603135369694387e+26,1.9603135369694435e+26,2.4538744852808622e-15,8.673617379884035e-19,1.0842021724855044e-19
0.1,0.8,29,True,True,0.19595540020783278,0.035937570046543084,5.348753954834378,True,True,5.05749015827256e+30,2580.939414228208,1.9595540020783198e+27,1.9595540020783248e+27,2.5249634966652137e-15,8.673617379884035e-19,6.776263578034403e-20
0.1,0.8,30,True,True,0.1958946797806269,0.035937570046543084,5.348753954834378,True,True,6.321862697840699e+31,3227.1742677852594,1.958946797806261e+28,1.958946797806266e+28,2.469618453973373e-15,8.673617379884035e-19,1.8973538018496328e-19
0.1,0.8,31,True,True,0.1958461305262575,0.035937570046543084,5.348753954834378,True,True,7.902328372300873e+32,4034.967834731575,1.958461305262567e+29,1.9584613052625715e+29,2.3354908055918554e-15,8.673617379884035e-19,8.131516293641283e-20
0.1,0.8,32,True,True,0.1958073084455935,0.035937570046543084,5.348753954834378,True,True,9.877910465376088e+33,5044.709793414469,1.9580730844559266e+30,1.9580730844559317e+30,2.5875181171797756e-15,8.673617379884035e-19,1.3552527156068805e-19
0.1,0.8,33,True,True,0.1957762618609727,0.035937570046543084,5.348753954834378,True,True,1.2347388081720108e+35,6306.887241768083,1.9577626186097185e+31,1.9577626186097235e+31,2.5304189297605077e-15,8.673617379884035e-19,2.168404344971009e-19
0.1,0.8,34,True,True,0.19575143168098982,0.035937570046543084,5.348753954834378,True,True,1.543423510215013e+36,7884.609052210107,1.9575143168098888e+32,1.957514316809895e+32,3.128914787813885e-15,8.673617379884035e-19,5.421010862427522e-20
0.1,0.8,35,True,True,0.1957315720713858,0.035937570046543084,5.348753954834378,True,True,1.929279387768766e+37,9856.761315262633,1.9573157207138484e+33,1.9573157207138545e+33,3.0924177612891244e-15,8.673617379884035e-19,8.131516293641283e-20
0.1,0.8,36,True,True,0.19571568728480934,0.035937570046543084,5.348753954834378,True,True,2.4115992347109574e+38,12321.951644078292,1.9571568728480837e+34,1.9571568728480897e+34,3.06321476174329e-15,8.673617379884035e-19,1.8973538018496328e-19
0.1,0.8,37,True,True,0.195702981311797,0.035937570046543084,5.348753954834378,True,True,3.014499043388696e+39,15403.439555097859,1.9570298131179602e+35,1.957029813117966e+35,3.0162841996680594e-15,8.673617379884035e-19,1.0842021724855044e-19
0.1,0.8,38,True,True,0.19569281772115107,0.035937570046543084,5.348753954834378,True,True,3.768123804235869e+40,19255.299443872325,1.9569281772115008e+36,1.9569281772115067e+36,3.0164408547677933e-15,8.673617379884035e-19,1.8973538018496328e-19
0.1,0.8,39,True,True,0.19568468760868288,0.035937570046543084,5.348753954834378,True,True,4.710154755294835e+41,24070.124304840407,1.9568468760868184e+37,1.9568468760868247e+37,3.2578914731553863e-15,8.673617379884035e-19,1.8973538018496328e-19
0.1,0.8,40,True,True,0.1956781840050778,0.035937570046543084,5.348753954834378,True,True,5.887693444118543e+42,30088.655381050503,1.9567818400507677e+38,1.9567818400507738e+38,3.0890664326260826e-15,8.673617379884035e-19,8.131516293641283e-20
0.1,0.8,41,True,True,0.19567298143343864,0.035937570046543084,5.348753954834378,True,True,7.359616805148177e+43,37611.81922631313,1.956729814334375e+39,1.956729814334382e+39,3.552520849767263e-15,8.673617379884035e-19,1.0842021724855044e-19
0.1,0.8,42,True,True,0.19566881957530782,0.035937570046543084,5.348753954834378,True,True,9.19952100643522e+44,47015.77403289141,1.9566881957530674e+40,1.9566881957530737e+40,3.2127828417632015e-15,8.673617379884035e-19,1.8973538018496328e-19
0.1,0.8,43,True,True,0.19566549021627055,0.035937570046543084,5.348753954834378,True,True,1.1499401258044023e+46,58770.71754111426,1.9566549021626937e+41,1.956654902162701e+41,3.756548472156564e-15,8.673617379884035e-19,1.0842021724855044e-19
0.1,0.8,44,True,True,0.19566282681061553,0.035937570046543084,5.348753954834378,True,True,1.4374251572555026e+47,73464.3969263928,1.9566282681061438e+42,1.956628268106151e+42,3.637970145847225e-15,8.673617379884035e-19,8.131516293641283e-20
0.1,0.8,45,True,True,0.19566069613829726,0.035937570046543084,5.348753954834378,True,True,1.796781446569378e+48,91831.496157991,1.9566069613829607e+43,1.9566069613829677e+43,3.543105159504354e-15,8.673617379884035e-19,5.421010862427522e-20
0.1,0.8,46,True,True,0.19565899163385317,0.035937570046543084,5.348753954834378,True,True,2.2459768082117221e+49,114790.37019748875,1.9565899163385197e+44,1.956589916338527e+44,3.644368483523388e-15,8.673617379884035e-19,6.776263578034403e-20
0.1,0.8,47,True,True,0.19565762805168008,0.035937570046543084,5.348753954834378,True,True,2.8074710102646517e+50,143488.96274686095,1.956576280516788e+45,1.9565762805167957e+45,3.887353474079942e-15,8.673617379884035e-19,1.8973538018496328e-19
0.1,0.8,48,True,True,0.19565653719962592,0.035937570046543084,5.348753954834378,True,True,3.509338762830814e+51,179362.2034335762,1.9565653719962466e+46,1.9565653719962542e+46,3.887375147403937e-15,8.673617379884035e-19,1.6263032587282567e-19
0.1,0.8,49,True,True,0.19565566452674044,0.035937570046543084,5.348753954834378,True,True,4.386673453538517e+52,224203.7542919702,1.9565566452673914e+47,1.956556645267399e+47,3.939224385877307e-15,8.673617379884035e-19,6.776263578034403e-20
0.1,0.9,2,True,True,0.5763050861101168,0.008996093046431243,10.84217750326994,True,True,10.999999999999998,1.9087112477605632,5.763050861101168,5.763050861101168,0.0,0.0,6.938893903907228e-18
0.1,0.9,3,True,True,0.3944677114428525,0.008996093046431243,10.84217750326994,True,True,122.1111111111111,3.095592048952825,39.446771144285236,39.44677114428524,1.8012696987571778e-16,1.1102230246251565e-16,8.673617379884035e-19
0.1,0.9,4,True,True,0.29970194378409276,0.008996093046431243,10.84217750326994,True,True,1356.6790123456788,4.5267608051385855,299.70194378409275,299.70194378409275,0.0,1.1102230246251565e-16,2.168404344971009e-19
0.1,0.9,5,True,True,0.2457671470115613,0.008996093046431243,10.84217750326994,True,True,15074.100137174206,6.133488678397322,2457.6714701156116,2457.6714701156125,3.700635796248814e-16,1.1102230246251565e-16,2.168404344971009e-19
0.1,0.9,6,True,True,0.2123943832110525,0.008996093046431243,10.84217750326994,True,True,167489.89041304673,7.885796595977545,21239.43832110524,21239.438321105245,1.7128413435852113e-16,1.1102230246251565e-16,5.421010862427522e-20
0.1,0.9,7,True,True,0.1899400842558924,0.008996093046431243,10.84217750326994,True,True,1860998.671256074,9.797819552132491,189940.08425589226,189940.08425589235,4.596791230890092e-16,1.1102230246251565e-16,3.3881317890172014e-20
0.1,0.9,8,True,True,0.17374532554527958,0.008996093046431243,10.84217750326994,True,True,20677762.902845267,11.90119091719476,1737453.2554527945,1737453.2554527952,4.020205601327536e-16,1.3877787807814457e-17,1.3552527156068805e-20
0.1,0.9,9,True,True,0.16147147495239028,0.008996093046431243,10.84217750326994,True,True,229752921.03161404,14.228700214657522,16147147.495239014,16147147.495239021,4.614177580975605e-16,8.673617379884035e-19,5.082197683525802e-21
0.1,0.9,10,True,True,0.15185131938292884,0.008996093046431243,10.84217750326994,True,True,2552810233.573489,16.811248291731857,151851319.38292873,151851319.38292876,1.962598843974596e-16,1.1102230246251565e-16,2.541098841762901e-21
0.1,0.9,11,True,True,0.14413179413410096,0.008996093046431243,10.84217750326994,True,True,28364558150.705433,19.679598329508703,1441317941.3410084,1441317941.3410087,1.6541706188693995e-16,1.0842021724855044e-19,1.0587911840678754e-21
0.1,0.9,12,True,True,0.13782788155239917,0.008996093046431243,10.84217750326994,True,True,315161757229.9492,22.866328182671214,13782788155.239904,13782788155.239908,2.767725385211509e-16,1.1102230246251565e-16,6.352747104407253e-22
0.1,0.9,13,True,True,0.13260839498525004,0.008996093046431243,10.84217750326994,True,True,3501797302554.8794,26.407055925413975,132608394985.24988,132608394985.24995,5.75332695346974e-16,1.3877787807814457e-17,2.6469779601696886e-22
0.1,0.9,14,True,True,0.12823779725461396,0.008996093046431243,10.84217750326994,True,True,38908858917276.33,30.34117845928334,1282377972546.138,1282377972546.1387,5.711435245146869e-16,1.1102230246251565e-16,1.5881867761018131e-22
0.1,0.9,15,True,True,0.12454350213608362,0.008996093046431243,10.84217750326994,True,True,432320654636403.44,34.712421541191674,12454350213608.346,12454350213608.352,4.704681416134986e-16,6.776263578034403e-21,9.26442286059391e-23
0.1,0.9,16,True,True,0.12139602807870671,0.008996093046431243,10.84217750326994,True,True,4803562829293371.0,39.5693574601881,121396028078706.55,121396028078706.61,5.148438625972044e-16,1.1102230246251565e-16,5.293955920339377e-23
0.1,0.9,17,True,True,0.11869629584283381,0.008996093046431243,10.84217750326994,True,True,5.33729203254819e+16,44.96595276751792,1186962958428336.2,1186962958428337.2,8.424862738127096e-16,1.1102230246251565e-16,1.0587911840678754e-22
0.1,0.9,18,True,True,0.11636718981946553,0.008996093046431243,10.84217750326994,True,True,5.930324480609098e+17,50.96216974741366,1.1636718981946532e+16,1.1636718981946542e+16,8.593487576278345e-16,1.1102230246251565e-16,3.639594695233322e-23
0.1,0.9,19,True,True,0.11434778971640763,0.008996093046431243,10.84217750326994,True,True,6.589249422898998e+18,57.624633053607035,1.1434778971640744e+17,1.1434778971640752e+17,6.996199943908577e-16,1.1102230246251565e-16,4.632211430296955e-23
0.1,0.9,20,True,True,0.11258933339827779,0.008996093046431243,10.84217750326994,True,True,7.321388247665553e+19,65.02737005970722,1.1258933339827763e+18,1.1258933339827767e+18,3.410625042441847e-16,1.1102230246251565e-16,4.963083675318166e-23
0.1,0.9,21,True,True,0.11105233290866565,0.008996093046431243,10.84217750326994,True,True,8.134875830739502e+20,73.25263339969632,1.1105233290866547e+19,1.1105233290866553e+19,5.532526727784372e-16,1.1102230246251565e-16,3.3087224502121107e-23
0.1,0.9,22,True,True,0.10970447653410678,0.008996093046431243,10.84217750326994,True,True,9.03875092304389e+21,82.3918148885546,1.0970447653410655e+20,1.0970447653410665e+20,8.960801154676465e-16,1.1102230246251565e-16,3.143286327701505e-23
0.1,0.9,23,True,True,0.10851907759649392,0.008996093046431243,10.84217750326994,True,True,1.0043056581159877e+23,92.54646098728334,1.085190775964937e+21,1.0851907759649377e+21,7.246946964700421e-16,1.1102230246251565e-16,9.926167350636332e-24
0.1,0.9,24,True,True,0.10747391046223355,0.008996093046431243,10.84217750326994,True,True,1.1158951756844306e+24,103.82940109698156,1.0747391046223332e+22,1.0747391046223342e+22,9.756563202084956e-16,1.1102230246251565e-16,9.098986738083304e-24
0.1,0.9,25,True,True,0.10655032531419627,0.008996093046431243,10.84217750326994,True,True,1.239883528538256e+25,116.3660012188684,1.0655032531419603e+23,1.0655032531419612e+23,7.872906981056728e-16,1.1102230246251565e-16,7.444625512977249e-24
0.1,0.9,26,True,True,0.10573256661358367,0.008996093046431243,10.84217750326994,True,True,1.3776483650425064e+26,130.2955569098538,1.0573256661358341e+24,1.0573256661358352e+24,1.0155261130888465e-15,1.1102230246251565e-16,4.963083675318166e-24
0.1,0.9,27,True,True,0.1050072424319301,0.008996093046431243,10.84217750326994,True,True,1.530720405602785e+27,145.77284101094864,1.0500724243192986e+25,1.0500724243192995e+25,8.180325845208583e-16,1.1102230246251565e-16,1.075334796318936e-23
0.1,0.9,28,True,True,0.1043629069330242,0.008996093046431243,10.84217750326994,True,True,1.7008004506697608e+28,162.96982334549847,1.0436290693302394e+26,1.0436290693302406e+26,1.1523163528319259e-15,1.1102230246251565e-16,5.790264287871194e-24
0.1,0.9,29,True,True,0.1037897286972627,0.008996093046431243,10.84217750326994,True,True,1.8897782785219564e+29,182.0775814949983,1.0378972869726243e+27,1.0378972869726254e+27,1.05936458412286e-15,1.1102230246251565e-16,8.271806125530277e-24
0.1,0.9,30,True,True,0.10327922486906507,0.008996093046431243,10.84217750326994,True,True,2.0997536428021733e+30,203.30842388333144,1.032792248690648e+28,1.032792248690649e+28,1.0646009680745923e-15,1.1102230246251565e-16,4.549493369041652e-24
0.1,0.9,31,True,True,0.10282404627939405,0.008996093046431243,10.84217750326994,True,True,2.333059603113526e+31,226.89824875925714,1.0282404627939379e+29,1.0282404627939388e+29,8.554509709049208e-16,1.1102230246251565e-16,4.549493369041652e-24
0.1,0.9,32,True,True,0.10241780241160534,0.008996093046431243,10.84217750326994,True,True,2.5922884479039173e+32,253.10916528806348,1.0241780241160507e+30,1.0241780241160516e+30,9.619054454303204e-16,1.1102230246251565e-16,3.308722450212111e-24
0.1,0.9,33,True,True,0.10205491778078538,0.008996093046431243,10.84217750326994,True,True,2.880320497671019e+33,282.23240587562617,1.0205491778078508e+31,1.0205491778078519e+31,1.1032294487376556e-15,1.1102230246251565e-16,6.617444900424222e-24
0.1,0.9,34,True,True,0.10173051328276035,0.008996093046431243,10.84217750326994,True,True,3.200356108523354e+34,314.59156208402896,1.0173051328276005e+32,1.0173051328276017e+32,1.2395571937780013e-15,1.1102230246251565e-16,4.1359030627651384e-24
0.1,0.9,35,True,True,0.10144030754366012,0.008996093046431243,10.84217750326994,True,True,3.555951231692615e+35,350.5461800933655,1.014403075436598e+33,1.0144030754365993e+33,1.2786206233892361e-15,1.1102230246251565e-16,5.790264287871194e-24
0.1,0.9,36,True,True,0.10118053440637621,0.008996093046431243,10.84217750326994,True,True,3.951056924102905e+36,390.495755659295,1.0118053440637588e+34,1.0118053440637602e+34,1.3673636076792978e-15,1.1102230246251565e-16,3.308722450212111e-24
0.1,0.9,37,True,True,0.10094787352631034,0.008996093046431243,10.84217750326994,True,True,4.390063249003227e+37,434.8841729547722,1.0094787352631e+35,1.0094787352631013e+35,1.2791473857278661e-15,1.1102230246251565e-16,2.895132143935597e-24
0.1,0.9,38,True,True,0.10073939168641774,0.008996093046431243,10.84217750326994,True,True,4.87784805444803e+38,484.2046366164136,1.0073939168641741e+36,1.0073939168641753e+36,1.1719264936524208e-15,1.1102230246251565e-16,3.308722450212111e-24
0.1,0.9,39,True,True,0.10055249293164567,0.008996093046431243,10.84217750326994,True,True,5.419831171608921e+39,539.005151796015,1.0055249293164532e+37,1.0055249293164546e+37,1.4089257297916604e-15,1.1102230246251565e-16,3.7223127564886245e-24
0.1,0.9,40,True,True,0.10038487600238052,0.008996093046431243,10.84217750326994,True,True,6.022034635121024e+40,599.8946131066834,1.0038487600238016e+38,1.003848760023803e+38,1.5053634916901767e-15,1.1102230246251565e-16,3.308722450212111e-24
0.1,0.9,41,True,True,0.10023449784247164,0.008996093046431243,10.84217750326994,True,True,6.691149594578914e+41,667.5495701185372,1.0023449784247127e+39,1.0023449784247142e+39,1.507621933611342e-15,1.1102230246251565e-16,2.0679515313825692e-24
0.1,0.9,42,True,True,0.10009954218973298,0.008996093046431243,10.84217750326994,True,True,7.434610660643236e+42,742.7217445761524,1.0009954218973258e+40,1.0009954218973275e+40,1.6908130751012375e-15,1.1102230246251565e-16,1.6543612251060553e-24
0.1,0.9,43,True,True,0.09997839244037739,0.008996093046431243,10.84217750326994,True,True,8.260678511825816e+43,826.2463828623914,9.997839244037701e+40,9.997839244037717e+40,1.5477594821596511e-15,1.1102230246251565e-16,3.7223127564886245e-24
0.1,0.9,44,True,True,0.09986960812473432,0.008996093046431243,10.84217750326994,True,True,9.178531679806462e+44,919.0515365137683,9.986960812473392e+41,9.986960812473409e+41,1.7043899400220361e-15,1.1102230246251565e-16,5.790264287871194e-24
0.1,0.9,45,True,True,0.09977190444824188,0.008996093046431243,10.84217750326994,True,True,1.019836853311829e+46,1022.168373904187,9.977190444824147e+42,9.977190444824163e+42,1.613001235138152e-15,1.1102230246251565e-16,3.308722450212111e-24
0.1,0.9,46,True,True,0.09968413444547976,0.008996093046431243,10.84217750326994,True,True,1.1331520592353655e+47,1136.7426376713188,9.968413444547934e+43,9.968413444547952e+43,1.7882822241346018e-15,1.1102230246251565e-16,2.895132143935597e-24
0.1,0.9,47,True,True,0.09960527337080645,0.008996093046431243,10.84217750326994,True,True,1.2590578435948503e+48,1264.047375190354,9.960527337080603e+44,9.960527337080619e+44,1.590842730169861e-15,1.1102230246251565e-16,4.1359030627651384e-24
0.1,0.9,48,True,True,0.09953440501075295,0.008996093046431243,10.84217750326994,True,True,1.3989531595498336e+49,1405.4970835448382,9.95344050107525e+45,9.953440501075269e+45,1.910370489618065e-15,1.1102230246251565e-16,2.274746684520826e-24
0.1,0.9,49,True,True,0.09947070965361816,0.008996093046431243,10.84217750326994,True,True,1.5543923994998148e+50,1562.6634261609313,9.947070965361772e+46,9.94707096536179e+46,1.8351300304232396e-15,1.1102230246251565e-16,3.308722450212111e-24
0.2,0.1,2,True,True,0.765505323703934,0.588739667327231,1.9685294810171248,True,True,40.99999999999999,10.711878475676576,3.827526618519669,3.82752661851967,2.3205022674502945e-16,0.0,0.0
0.2,0.1,3,True,True,0.7398268916049215,0.588739667327231,1.9685294810171248,True,True,2040.999999999999,110.35013856132842,18.495672290123032,18.495672290123036,1.9208351137891337e-16,0.0,2.220446049250313e-16
0.2,0.1,4,True,True,0.7356413676963612,0.588739667327231,1.9685294810171248,True,True,102040.99999999994,1109.682021494123,91.95517096204514,91.95517096204514,0.0,3.469446951953614e-18,2.7755575615628914e-17
0.2,0.1,5,True,True,0.7348759176619393,0.588739667327231,1.9685294810171248,True,True,5102040.999999996,11108.359117239845,459.2974485387117,459.29744853871193,4.950466765418311e-16,3.469446951953614e-18,2.7755575615628914e-17
0.2,0.1,6,True,True,0.7347295486756855,0.588739667327231,1.9685294810171248,True,True,255102040.99999976,111105.71674589498,2296.029839611516,2296.0298396115168,3.9611623772573127e-16,1.1102230246251565e-16,2.220446049250313e-16
0.2,0.1,7,True,True,0.7347009382626406,0.588739667327231,1.9685294810171248,True,True,12755102040.999987,1111100.4329930223,11479.702160353752,11479.702160353756,3.169053304933136e-16,5.421010862427522e-20,2.220446049250313e-16
0.2,0.1,8,True,True,0.7346952823455286,0.588739667327231,1.9685294810171248,True,True,637755102040.9991,11111089.865805889,57398.06893324435,57398.0689332444,8.873417563667344e-16,8.470329472543003e-22,2.7755575615628914e-17
0.2,0.1,9,True,True,0.7346941577752107,0.588739667327231,1.9685294810171248,True,True,31887755102040.953,111111068.73154354,286989.90538094135,286989.9053809416,8.112851333388099e-16,5.421010862427522e-20,2.7755575615628914e-17
0.2,0.1,10,True,True,0.734693933522389,0.588739667327231,1.9685294810171248,True,True,1594387755102038.5,1111111026.46306,1434949.0889109143,1434949.0889109152,6.490283047758339e-16,1.1102230246251565e-16,1.734723475976807e-18
0.2,0.1,11,True,True,0.734693888737947,0.588739667327231,1.9685294810171248,True,True,7.971938775510189e+16,11111110941.926104,7174745.007206506,7174745.00720651,5.192226754707144e-16,3.469446951953614e-18,2.7755575615628914e-17
0.2,0.1,12,True,True,0.7346938797876711,0.588739667327231,1.9685294810171248,True,True,3.9859693877550935e+18,111111110772.85217,35873724.599007316,35873724.59900735,1.0384453635921024e-15,5.421010862427522e-20,2.220446049250313e-16
0.2,0.1,13,True,True,0.7346938779982771,0.588739667327231,1.9685294810171248,True,True,1.9929846938775464e+20,1111111110434.7039,179368622.5581728,179368622.55817303,1.3292100686352672e-15,8.470329472543003e-22,3.469446951953614e-18
0.2,0.1,14,True,True,0.7346938776404643,0.588739667327231,1.9685294810171248,True,True,9.964923469387732e+21,11111111109758.402,896843112.3540809,896843112.3540817,9.304470484978364e-16,2.6469779601696886e-23,3.469446951953614e-18
0.2,0.1,15,True,True,0.7346938775689086,0.588739667327231,1.9685294810171248,True,True,4.982461734693864e+23,111111111108405.72,4484215561.333661,4484215561.333667,1.276041666635599e-15,2.6469779601696886e-23,3.469446951953614e-18
0.2,0.1,16,True,True,0.734693877554598,0.588739667327231,1.9685294810171248,True,True,2.4912308673469316e+25,1111111111105699.6,22421077806.231583,22421077806.23161,1.1909722222164237e-15,2.6469779601696886e-23,3.469446951953614e-18
0.2,0.1,17,True,True,0.7346938775517359,0.588739667327231,1.9685294810171248,True,True,1.2456154336734656e+27,1.1111111111100282e+16,112105389030.72116,112105389030.72133,1.4972222222207654e-15,2.6469779601696886e-23,3.469446951953614e-18
0.2,0.1,18,True,True,0.7346938775511634,0.588739667327231,1.9685294810171248,True,True,6.228077168367326e+28,1.1111111111108938e+17,560526945153.1691,560526945153.1698,1.3066666666664136e-15,2.6469779601696886e-23,2.7755575615628914e-17
0.2,0.1,19,True,True,0.734693877551049,0.588739667327231,1.9685294810171248,True,True,3.114038584183663e+30,1.1111111111110668e+18,2802634725765.408,2802634725765.412,1.3937777777777251e-15,2.6469779601696886e-23,2.7755575615628914e-17
0.2,0.1,20,True,True,0.7346938775510261,0.588739667327231,1.9685294810171248,True,True,1.557019292091831e+32,1.1111111111111012e+19,14013173628826.604,14013173628826.625,1.5331555555555453e-15,2.6469779601696886e-23,2.7755575615628914e-17
0.2,0.1,21,True,True,0.7346938775510216,0.588739667327231,1.9685294810171248,True,True,7.785096460459154e+33,1.1111111111111082e+20,70065868144132.57,70065868144132.68,1.5610311111111104e-15,2.6469779601696886e-23,2.7755575615628914e-17
0.2,0.1,22,True,True,0.7346938775510207,0.588739667327231,1.9685294810171248,True,True,3.892548230229576e+35,1.1111111111111095e+21,350329340720662.4,350329340720663.0,1.784035555555557e-15,2.6469779601696886e-23,2.7755575615628914e-17
0.2,0.1,23,True,True,0.7346938775510203,0.588739667327231,1.9685294810171248,True,True,1.9462741151147877e+37,1.1111111111111099e+22,1751646703603310.8,1751646703603314.0,1.8553969777777803e-15,2.6469779601696886e-23,2.7755575615628914e-17
0.2,0.1,24,True,True,0.7346938775510203,0.588739667327231,1.9685294810171248,True,True,9.731370575573936e+38,1.1111111111111098e+23,8758233518016553.0,8758233518016570.0,1.941030684444447e-15,2.6469779601696886e-23,2.7755575615628914e-17
0.2,0.1,25,True,True,0.7346938775510203,0.588739667327231,1.9685294810171248,True,True,4.865685287786967e+40,1.1111111111111096e+24,4.379116759008277e+16,4.379116759008285e+16,1.8268524088888914e-15,2.6469779601696886e-23,2.7755575615628914e-17
0.2,0.1,26,True,True,0.7346938775510203,0.588739667327231,1.9685294810171248,True,True,2.432842643893483e+42,1.1111111111111096e+25,2.189558379504138e+17,2.189558379504142e+17,1.8999265052444474e-15,2.6469779601696886e-23,2.7755575615628914e-17
0.2,0.1,27,True,True,0.7346938775510203,0.588739667327231,1.9685294810171248,True,True,1.2164213219467414e+44,1.1111111111111095e+26,1.0947791897520689e+18,1.0947791897520709e+18,1.8706968667022253e-15,2.6469779601696886e-23,2.7755575615628914e-17
0.2,0.1,28,True,True,0.7346938775510203,0.588739667327231,1.9685294810171248,True,True,6.082106609733705e+45,1.1111111111111095e+27,5.473895948760343e+18,5.473895948760355e+18,2.24483624004267e-15,2.6469779601696886e-23,2.7755575615628914e-17
0.2,0.1,29,True,True,0.7346938775510203,0.588739667327231,1.9685294810171248,True,True,3.041053304866852e+47,1.1111111111111094e+28,2.736947974380171e+19,2.736947974380177e+19,2.2448362400426706e-15,2.6469779601696886e-23,2.7755575615628914e-17
0.2,0.1,30,True,True,0.7346938775510203,0.588739667327231,1.9685294810171248,True,True,1.5205266524334257e+49,1.1111111111111093e+29,1.3684739871900854e+20,1.3684739871900885e+20,2.2747673899099063e-15,2.6469779601696886e-23,2.7755575615628914e-17
0.2,0.1,31,True,True,0.7346938775510203,0.588739667327231,1.9685294810171248,True,True,7.602633262167128e+50,1.1111111111111094e+30,6.842369935950426e+20,6.842369935950443e+20,2.4902716689540026e-15,2.6469779601696886e-23,2.7755575615628914e-17
0.2,0.1,32,True,True,0.7346938775510203,0.588739667327231,1.9685294810171248,True,True,3.8013166310835627e+52,1.1111111111111094e+31,3.421184967975212e+21,3.421184967975221e+21,2.6052072844441876e-15,2.6469779601696886e-23,2.7755575615628914e-17
0.2,0.1,33,True,True,0.7346938775510203,0.588739667327231,1.9685294810171248,True,True,1.900658315541781e+54,1.111111111111109e+32,1.7105924839876063e+22,1.7105924839876105e+22,2.451959797123941e-15,2.6469779601696886e-23,2.7755575615628914e-17
0.2,0.1,34,True,True,0.7346938775510203,0.588739667327231,1.9685294810171248,True,True,9.503291577708903e+55,1.1111111111111091e+33,8.552962419938027e+22,8.552962419938053e+22,2.9423517565487295e-15,2.6469779601696886e-23,2.7755575615628914e-17
0.2,0.1,35,True,True,0.7346938775510203,0.588739667327231,1.9685294810171248,True,True,4.7516457888544506e+57,1.1111111111111092e+34,4.276481209969013e+23,4.276481209969025e+23,2.824657686286781e-15,2.6469779601696886e-23,2.7755575615628914e-17
0.2,0.1,36,True,True,0.7346938775510203,0.588739667327231,1.9685294810171248,True,True,2.375822894427225e+59,1.1111111111111091e+35,2.1382406049845065e+24,2.1382406049845127e+24,2.8874278570931537e-15,2.6469779601696886e-23,2.7755575615628914e-17
0.2,0.1,37,True,True,0.7346938775510203,0.588739667327231,1.9685294810171248,True,True,1.1879114472136122e+61,1.111111111111109e+36,1.0691203024922532e+25,1.0691203024922562e+25,2.8121036521255066e-15,2.6469779601696886e-23,2.7755575615628914e-17
0.2,0.1,38,True,True,0.7346938775510203,0.588739667327231,1.9685294810171248,True,True,5.93955723606806e+62,1.1111111111111087e+37,5.345601512461265e+25,5.345601512461281e+25,2.8924494707576642e-15,2.6469779601696886e-23,2.7755575615628914e-17
0.2,0.1,39,True,True,0.7346938775510203,0.588739667327231,1.9685294810171248,True,True,2.969778618034029e+64,1.1111111111111088e+38,2.672800756230632e+26,2.6728007562306405e+26,3.2138327452862933e-15,2.6469779601696886e-23,2.7755575615628914e-17
0.2,0.1,40,True,True,0.7346938775510203,0.588739667327231,1.9685294810171248,True,True,1.4848893090170145e+66,1.1111111111111087e+39,1.336400378115316e+27,1.33640037811532e+27,3.0852794354748422e-15,2.6469779601696886e-23,2.7755575615628914e-17
0.2,0.1,41,True,True,0.7346938775510203,0.588739667327231,1.9685294810171248,True,True,7.424446545085071e+67,1.1111111111111088e+40,6.682001890576577e+27,6.6820018905766e+27,3.2909647311731652e-15,2.6469779601696886e-23,2.7755575615628914e-17
0.2,0.1,42,True,True,0.7346938775510203,0.588739667327231,1.9685294810171248,True,True,3.7122232725425345e+69,1.1111111111111087e+41,3.3410009452882884e+28,3.3410009452883e+28,3.4226033204200915e-15,2.6469779601696886e-23,2.7755575615628914e-17
0.2,0.1,43,True,True,0.7346938775510203,0.588739667327231,1.9685294810171248,True,True,1.856111636271267e+71,1.1111111111111087e+42,1.670500472644144e+29,1.67050047264415e+29,3.580569627516404e-15,2.6469779601696886e-23,2.7755575615628914e-17
0.2,0.1,44,True,True,0.7346938775510203,0.588739667327231,1.9685294810171248,True,True,9.280558181356334e+72,1.1111111111111084e+43,8.352502363220721e+29,8.352502363220749e+29,3.3699478847213213e-15,2.6469779601696886e-23,2.7755575615628914e-17
0.2,0.1,45,True,True,0.7346938775510203,0.588739667327231,1.9685294810171248,True,True,4.640279090678166e+74,1.1111111111111085e+44,4.176251181610359e+30,4.176251181610374e+30,3.5047458001101747e-15,2.6469779601696886e-23,2.7755575615628914e-17
0.2,0.1,46,True,True,0.7346938775510203,0.588739667327231,1.9685294810171248,True,True,2.3201395453390826e+76,1.1111111111111085e+45,2.088125590805179e+31,2.0881255908051873e+31,3.882179963198962e-15,2.6469779601696886e-23,2.7755575615628914e-17
0.2,0.1,47,True,True,0.7346938775510203,0.588739667327231,1.9685294810171248,True,True,1.160069772669541e+78,1.1111111111111083e+46,1.0440627954025894e+32,1.0440627954025934e+32,3.795909297350097e-15,2.6469779601696886e-23,2.7755575615628914e-17
0.2,0.1,48,True,True,0.7346938775510203,0.588739667327231,1.9685294810171248,True,True,5.800348863347704e+79,1.111111111111108e+47,5.220313977012948e+32,5.220313977012967e+32,3.588859699312819e-15,2.6469779601696886e-23,2.7755575615628914e-17
0.2,0.1,49,True,True,0.7346938775510203,0.588739667327231,1.9685294810171248,True,True,2.9001744316738515e+81,1.1111111111111081e+48,2.6101569885064737e+33,2.610156988506483e+33,3.5336464731695457e-15,2.6469779601696886e-23,2.7755575615628914e-17
0.2,0.2,2,True,True,0.72120392628481,0.47428009097131657,1.634299176182061,True,True,20.999999999999996,5.823595583617749,3.6060196314240494,3.60601963142405,1.2315218862929145e-16,0.0,0.0
0.2,0.2,3,True,True,0.6770770111638867,0.47428009097131657,1.634299176182061,True,True,520.9999999999999,30.779364321019116,16.926925279097166,16.926925279097166,0.0,1.1102230246251565e-16,2.220446049250313e-16
0.2,0.2,4,True,True,0.6687292366422457,0.47428009097131657,1.634299176182061,True,True,13020.999999999995,155.77006999579922,83.59115458028069,83.5911545802807,1.7000428797228707e-16,6.938893903907228e-18,6.938893903907228e-18
0.2,0.2,5,True,True,0.6670784044915403,0.47428009097131657,1.634299176182061,True,True,325520.9999999997,780.768192304155,416.92400280721245,416.9240028072126,4.090200022887095e-16,1.1102230246251565e-16,1.3877787807814457e-17
0.2,0.2,6,True,True,0.6667489832161996,0.47428009097131657,1.634299176182061,True,True,8138020.999999993,3905.7678160051637,2083.5905725506223,2083.590572550623,4.3650355965067173e-16,6.938893903907228e-18,2.7755575615628914e-17
0.2,0.2,7,True,True,0.6666831287362082,0.47428009097131657,1.634299176182061,True,True,203450520.99999976,19530.76774071487,10416.923886503246,10416.92388650325,3.4923734172669555e-16,1.1102230246251565e-16,0.0
0.2,0.2,8,True,True,0.6666699590309624,0.47428009097131657,1.634299176182061,True,True,5086263020.999993,97655.76772565558,52083.590549293884,52083.59054929391,5.587907851550426e-16,6.938893903907228e-18,2.220446049250313e-16
0.2,0.2,9,True,True,0.6666673251375413,0.47428009097131657,1.634299176182061,True,True,127156575520.99982,488280.76772264356,260416.92388185178,260416.92388185198,7.823101899842897e-16,1.1102230246251565e-16,2.7755575615628914e-17
0.2,0.2,10,True,True,0.6666667983607624,0.47428009097131657,1.634299176182061,True,True,3178914388020.9946,2441405.76772204,1302083.5905483624,1302083.5905483633,7.152555960122795e-16,2.168404344971009e-19,2.7755575615628914e-17
0.2,0.2,11,True,True,0.6666666930054825,0.47428009097131657,1.634299176182061,True,True,79472859700520.86,12207030.767721916,6510416.923881657,6510416.923881662,7.152557090462052e-16,2.168404344971009e-19,2.7755575615628914e-17
0.2,0.2,12,True,True,0.6666666719344299,0.47428009097131657,1.634299176182061,True,True,1986821492513017.0,61035155.76772186,32552083.59054828,32552083.590548314,1.0299682535803073e-15,6.776263578034403e-21,2.7755575615628914e-17
0.2,0.2,13,True,True,0.6666666677202194,0.47428009097131657,1.634299176182061,True,True,4.9670537312825416e+16,305175780.7677217,162760416.9238814,162760416.9238816,1.0986328107637993e-15,1.1102230246251565e-16,2.7755575615628914e-17
0.2,0.2,14,True,True,0.6666666668773773,0.47428009097131657,1.634299176182061,True,True,1.2417634328206351e+18,1525878905.767721,813802083.590547,813802083.5905478,1.0253906246759097e-15,1.1102230246251565e-16,1.3877787807814457e-17
0.2,0.2,15,True,True,0.6666666667088088,0.47428009097131657,1.634299176182061,True,True,3.104408582051587e+19,7629394530.767716,4069010416.923874,4069010416.9238787,1.171874999925923e-15,1.1102230246251565e-16,6.938893903907228e-18
0.2,0.2,16,True,True,0.6666666666750951,0.47428009097131657,1.634299176182061,True,True,7.761021455128967e+20,38146972655.76769,20345052083.59051,20345052083.59053,9.374999999881483e-16,1.1102230246251565e-16,2.220446049250313e-16
0.2,0.2,17,True,True,0.6666666666683525,0.47428009097131657,1.634299176182061,True,True,1.940255363782241e+22,190734863280.76755,101725260416.92368,101725260416.92383,1.499999999996208e-15,1.1102230246251565e-16,2.220446049250313e-16
0.2,0.2,18,True,True,0.666666666667004,0.47428009097131657,1.634299176182061,True,True,4.850638409455602e+23,953674316405.7668,508626302083.58936,508626302083.5902,1.6799999999991515e-15,1.1102230246251565e-16,2.220446049250313e-16
0.2,0.2,19,True,True,0.6666666666667341,0.47428009097131657,1.634299176182061,True,True,1.2126596023639003e+25,4768371582030.763,2543131510416.918,2543131510416.9214,1.3439999999998654e-15,1.1102230246251565e-16,6.938893903907228e-18
0.2,0.2,20,True,True,0.6666666666666802,0.47428009097131657,1.634299176182061,True,True,3.03164900590975e+26,23841857910155.742,12715657552083.559,12715657552083.578,1.5359999999999705e-15,1.1102230246251565e-16,5.551115123125783e-17
0.2,0.2,21,True,True,0.6666666666666695,0.47428009097131657,1.634299176182061,True,True,7.579122514774375e+27,119209289550780.61,63578287760416.78,63578287760416.87,1.3516799999999958e-15,1.1102230246251565e-16,2.220446049250313e-16
0.2,0.2,22,True,True,0.6666666666666673,0.47428009097131657,1.634299176182061,True,True,1.894780628693593e+29,596046447753905.1,317891438802082.7,317891438802083.25,1.7694720000000004e-15,1.1102230246251565e-16,6.938893903907228e-18
0.2,0.2,23,True,True,0.6666666666666669,0.47428009097131657,1.634299176182061,True,True,4.7369515717339814e+30,2980232238769527.5,1589457194010412.0,1589457194010415.0,1.887436800000002e-15,1.1102230246251565e-16,6.938893903907228e-18
0.2,0.2,24,True,True,0.6666666666666669,0.47428009097131657,1.634299176182061,True,True,1.1842378929334953e+32,1.4901161193847636e+16,7947285970052060.0,7947285970052076.0,2.013265920000002e-15,1.1102230246251565e-16,6.938893903907228e-18
0.2,0.2,25,True,True,0.6666666666666669,0.47428009097131657,1.634299176182061,True,True,2.9605947323337375e+33,7.450580596923818e+16,3.9736429850260296e+16,3.9736429850260376e+16,2.013265920000002e-15,1.1102230246251565e-16,1.734723475976807e-18
0.2,0.2,26,True,True,0.6666666666666669,0.47428009097131657,1.634299176182061,True,True,7.401486830834342e+34,3.7252902984619085e+17,1.9868214925130144e+17,1.9868214925130186e+17,2.0937965568000024e-15,1.1102230246251565e-16,6.938893903907228e-18
0.2,0.2,27,True,True,0.6666666666666669,0.47428009097131657,1.634299176182061,True,True,1.8503717077085853e+36,1.8626451492309542e+18,9.934107462565071e+17,9.934107462565092e+17,2.0615843020800024e-15,1.1102230246251565e-16,6.938893903907228e-18
0.2,0.2,28,True,True,0.6666666666666669,0.47428009097131657,1.634299176182061,True,True,4.625929269271462e+37,9.31322574615477e+18,4.967053731282534e+18,4.967053731282546e+18,2.267742732288003e-15,1.1102230246251565e-16,6.938893903907228e-18
0.2,0.2,29,True,True,0.6666666666666669,0.47428009097131657,1.634299176182061,True,True,1.1564823173178653e+39,4.656612873077385e+19,2.483526865641267e+19,2.483526865641273e+19,2.308974418329603e-15,1.1102230246251565e-16,6.938893903907228e-18
0.2,0.2,30,True,True,0.6666666666666669,0.47428009097131657,1.634299176182061,True,True,2.8912057932946625e+40,2.3283064365386924e+20,1.2417634328206333e+20,1.2417634328206362e+20,2.3749451159961635e-15,1.1102230246251565e-16,6.938893903907228e-18
0.2,0.2,31,True,True,0.6666666666666669,0.47428009097131657,1.634299176182061,True,True,7.228014483236655e+41,1.1641532182693461e+21,6.208817164103165e+20,6.208817164103182e+20,2.7443810229288998e-15,1.1102230246251565e-16,6.938893903907228e-18
0.2,0.2,32,True,True,0.6666666666666669,0.47428009097131657,1.634299176182061,True,True,1.8070036208091633e+43,5.820766091346732e+21,3.104408582051581e+21,3.1044085820515906e+21,3.039929748475089e-15,1.1102230246251565e-16,6.938893903907228e-18
0.2,0.2,33,True,True,0.6666666666666669,0.47428009097131657,1.634299176182061,True,True,4.517509052022908e+44,2.9103830456733648e+22,1.5522042910257912e+22,1.5522042910257952e+22,2.5670517876011866e-15,1.1102230246251565e-16,6.938893903907228e-18
0.2,0.2,34,True,True,0.6666666666666669,0.47428009097131657,1.634299176182061,True,True,1.1293772630057267e+46,1.4551915228366826e+23,7.761021455128953e+22,7.761021455128977e+22,3.0264189495929775e-15,1.1102230246251565e-16,6.938893903907228e-18
0.2,0.2,35,True,True,0.6666666666666669,0.47428009097131657,1.634299176182061,True,True,2.8234431575143163e+47,7.275957614183412e+23,3.8805107275644764e+23,3.880510727564488e+23,2.939949836747464e-15,1.1102230246251565e-16,6.938893903907228e-18
0.2,0.2,36,True,True,0.6666666666666669,0.47428009097131657,1.634299176182061,True,True,7.05860789378579e+48,3.6379788070917056e+24,1.940255363782238e+24,1.940255363782244e+24,3.0437127721620806e-15,1.1102230246251565e-16,6.938893903907228e-18
0.2,0.2,37,True,True,0.6666666666666669,0.47428009097131657,1.634299176182061,True,True,1.764651973446447e+50,1.818989403545853e+25,9.701276818911187e+24,9.701276818911217e+24,3.09905300438321e-15,1.1102230246251565e-16,6.938893903907228e-18
0.2,0.2,38,True,True,0.6666666666666669,0.47428009097131657,1.634299176182061,True,True,4.411629933616117e+51,9.094947017729263e+25,4.850638409455593e+25,4.850638409455609e+25,3.187597375937016e-15,1.1102230246251565e-16,6.938893903907228e-18
0.2,0.2,39,True,True,0.6666666666666669,0.47428009097131657,1.634299176182061,True,True,1.1029074834040289e+53,4.547473508864631e+26,2.4253192047277962e+26,2.425319204727804e+26,3.2584328731800615e-15,1.1102230246251565e-16,6.938893903907228e-18
0.2,0.2,40,True,True,0.6666666666666669,0.47428009097131657,1.634299176182061,True,True,2.757268708510072e+54,2.2737367544323154e+27,1.2126596023638981e+27,1.212659602363902e+27,3.1734302764884077e-15,1.1102230246251565e-16,6.938893903907228e-18
0.2,0.2,41,True,True,0.6666666666666669,0.47428009097131657,1.634299176182061,True,True,6.893171771275178e+55,1.1368683772161579e+28,6.063298011819488e+27,6.06329801181951e+27,3.626777458843894e-15,1.1102230246251565e-16,6.938893903907228e-18
0.2,0.2,42,True,True,0.6666666666666669,0.47428009097131657,1.634299176182061,True,True,1.723292942818794e+57,5.6843418860807885e+28,3.031649005909744e+28,3.031649005909755e+28,3.626777458843895e-15,1.1102230246251565e-16,6.938893903907228e-18
0.2,0.2,43,True,True,0.6666666666666669,0.47428009097131657,1.634299176182061,True,True,4.3082323570469846e+58,2.8421709430403944e+29,1.5158245029548716e+29,1.5158245029548774e+29,3.829876996539153e-15,1.1102230246251565e-16,6.938893903907228e-18
0.2,0.2,44,True,True,0.6666666666666669,0.47428009097131657,1.634299176182061,True,True,1.077058089261746e+60,1.4210854715201968e+30,7.57912251477436e+29,7.579122514774387e+29,3.528129111963341e-15,1.1102230246251565e-16,6.938893903907228e-18
0.2,0.2,45,True,True,0.6666666666666669,0.47428009097131657,1.634299176182061,True,True,2.692645223154364e+61,7.105427357600984e+30,3.789561257387178e+30,3.789561257387193e+30,3.862372922570394e-15,1.1102230246251565e-16,6.938893903907228e-18
0.2,0.2,46,True,True,0.6666666666666669,0.47428009097131657,1.634299176182061,True,True,6.7316130578859095e+62,3.552713678800492e+31,1.894780628693589e+31,1.8947806286935964e+31,3.921794044456093e-15,1.1102230246251565e-16,6.938893903907228e-18
0.2,0.2,47,True,True,0.6666666666666669,0.47428009097131657,1.634299176182061,True,True,1.682903264471477e+64,1.776356839400246e+32,9.473903143467945e+31,9.47390314346798e+31,3.802951800684697e-15,1.1102230246251565e-16,6.938893903907228e-18
0.2,0.2,48,True,True,0.6666666666666669,0.47428009097131657,1.634299176182061,True,True,4.207258161178692e+65,8.881784197001228e+32,4.736951571733972e+32,4.7369515717339904e+32,3.955069872712085e-15,1.1102230246251565e-16,6.938893903907228e-18
0.2,0.2,49,True,True,0.6666666666666669,0.47428009097131657,1.634299176182061,True,True,1.0518145402946728e+67,4.440892098500614e+33,2.3684757858669855e+33,2.3684757858669948e+33,3.89422264390113e-15,1.1102230246251565e-16,6.938893903907228e-18
0.2,0.3,2,True,True,0.684978303708157,0.3695007924327774,1.6789036135458932,True,True,14.333333333333336,4.185047396607826,3.424891518540785,3.424891518540785,0.0,0.0,1.1102230246251565e-16
0.2,0.3,3,True,True,0.6182306789456563,0.3695007924327774,1.6789036135458932,True,True,236.5555555555556,15.305326222825594,15.455766973641408,15.455766973641406,1.1493165253006773e-16,1.1102230246251565e-16,2.7755575615628914e-17
0.2,0.3,4,True,True,0.6017932764347054,0.3695007924327774,1.6789036135458932,True,True,3940.25925925926,52.38023638420332,75.22415955433817,75.22415955433816,1.889134395039242e-16,6.938893903907228e-18,1.1102230246251565e-16
0.2,0.3,5,True,True,0.5974321562405773,0.3695007924327774,1.6789036135458932,True,True,65668.65432098767,175.86908541171684,373.39509765036087,373.39509765036075,3.044679441080128e-16,1.1102230246251565e-16,1.1102230246251565e-16
0.2,0.3,6,True,True,0.5962265268192292,0.3695007924327774,1.6789036135458932,True,True,1094475.2386831278,587.4144484094521,1863.207896310091,1863.2078963100905,2.440668868927879e-16,1.1102230246251565e-16,1.1102230246251565e-16
0.2,0.3,7,True,True,0.5958844433664721,0.3695007924327774,1.6789036135458932,True,True,18241251.644718796,1959.171980839952,9310.694427601124,9310.694427601124,0.0,0.0,1.1102230246251565e-16
0.2,0.3,8,True,True,0.5957856590588879,0.3695007924327774,1.6789036135458932,True,True,304020858.41198,6531.656021765217,46545.754613975616,46545.7546139756,3.126367882324023e-16,6.938893903907228e-18,2.220446049250313e-16
0.2,0.3,9,True,True,0.5957567848855979,0.3695007924327774,1.6789036135458932,True,True,5067014304.533,21773.24194821446,232717.49409593668,232717.4940959366,3.7518232872603637e-16,1.6940658945086007e-21,5.551115123125783e-17
0.2,0.3,10,True,True,0.5957482742364912,0.3695007924327774,1.6789036135458932,True,True,84450238406.54999,72578.50997481767,1163570.8481181469,1163570.8481181464,4.002002010112727e-16,1.1102230246251565e-16,5.551115123125783e-17
0.2,0.3,11,True,True,0.5957457513071202,0.3695007924327774,1.6789036135458932,True,True,1407503973440.1667,241929.39112707443,5817829.602608595,5817829.602608592,4.802422749875107e-16,1.1102230246251565e-16,5.551115123125783e-17
0.2,0.3,12,True,True,0.5957450004764512,0.3695007924327774,1.6789036135458932,True,True,23458399557333.777,806432.3201201354,29089111.35138922,29089111.3513892,7.683886083960429e-16,4.336808689942018e-19,1.1102230246251565e-16
0.2,0.3,13,True,True,0.5957447764364378,0.3695007924327774,1.6789036135458932,True,True,390973325955560.75,2688108.7446426637,145445502.05967715,145445502.0596771,4.09807411926252e-16,1.1102230246251565e-16,1.1102230246251565e-16
0.2,0.3,14,True,True,0.5957447094662315,0.3695007924327774,1.6789036135458932,True,True,6516222099259341.0,8960363.48941481,727227428.5476457,727227428.5476453,4.917689495933434e-16,4.336808689942018e-19,1.1102230246251565e-16
0.2,0.3,15,True,True,0.5957446894235257,0.3695007924327774,1.6789036135458932,True,True,1.0860370165432237e+17,29867879.302897766,3636137020.4072604,3636137020.407258,6.556919548506424e-16,6.617444900424222e-24,1.734723475976807e-18
0.2,0.3,16,True,True,0.5957446834203847,0.3695007924327774,1.6789036135458932,True,True,1.8100616942387062e+18,99559598.67955816,18180684918.83498,18180684918.834965,8.392857106660533e-16,6.938893903907228e-18,1.1102230246251565e-16
0.2,0.3,17,True,True,0.5957446816213766,0.3695007924327774,1.6789036135458932,True,True,3.0167694903978435e+19,331865329.93401533,90903424319.66806,90903424319.66798,8.392857132004976e-16,4.336808689942018e-19,5.551115123125783e-17
0.2,0.3,18,True,True,0.5957446810820609,0.3695007924327774,1.6789036135458932,True,True,5.0279491506630735e+20,1106217767.4481547,454517121186.8751,454517121186.87463,1.0742857138691662e-15,4.336808689942018e-19,2.7755575615628914e-17
0.2,0.3,19,True,True,0.5957446809203436,0.3695007924327774,1.6789036135458932,True,True,8.379915251105123e+21,3687392559.1614733,2272585605317.473,2272585605317.4707,1.0742857141607854e-15,4.336808689942018e-19,1.1102230246251565e-16
0.2,0.3,20,True,True,0.5957446808718438,0.3695007924327774,1.6789036135458932,True,True,1.3966525418508538e+23,12291308531.538883,11362928025662.307,11362928025662.293,1.2031999999580327e-15,4.336808689942018e-19,1.734723475976807e-18
0.2,0.3,21,True,True,0.595744680857297,0.3695007924327774,1.6789036135458932,True,True,2.3277542364180896e+24,40971028439.46337,56814640126924.234,56814640126924.164,1.2375771428441958e-15,4.336808689942018e-19,3.469446951953614e-18
0.2,0.3,22,True,True,0.5957446808529336,0.3695007924327774,1.6789036135458932,True,True,3.8795903940301495e+25,136570094799.21149,284073200632540.6,284073200632540.2,1.540095999995168e-15,4.336808689942018e-19,1.1102230246251565e-16
0.2,0.3,23,True,True,0.5957446808516248,0.3695007924327774,1.6789036135458932,True,True,6.46598399005025e+26,455233649331.70526,1420366003159582.2,1420366003159580.2,1.4080877714272474e-15,4.336808689942018e-19,1.1102230246251565e-16
0.2,0.3,24,True,True,0.5957446808512321,0.3695007924327774,1.6789036135458932,True,True,1.0776639983417085e+28,1517445497773.3516,7101830015793229.0,7101830015793221.0,1.1264702171425402e-15,4.336808689942018e-19,1.1102230246251565e-16
0.2,0.3,25,True,True,0.5957446808511142,0.3695007924327774,1.6789036135458932,True,True,1.7961066639028474e+29,5058151659245.505,3.5509150078959124e+16,3.550915007895907e+16,1.4644112822855924e-15,4.336808689942018e-19,1.1102230246251565e-16
0.2,0.3,26,True,True,0.595744680851079,0.3695007924327774,1.6789036135458932,True,True,2.9935111065047454e+30,16860505530819.348,1.775457503947851e+17,1.7754575039478486e+17,1.2616466431999696e-15,4.336808689942018e-19,3.469446951953614e-18
0.2,0.3,27,True,True,0.5957446808510684,0.3695007924327774,1.6789036135458932,True,True,4.98918517750791e+31,56201685102732.16,8.877287519739098e+17,8.877287519739084e+17,1.586070065737133e-15,4.336808689942018e-19,3.469446951953614e-18
0.2,0.3,28,True,True,0.5957446808510652,0.3695007924327774,1.6789036135458932,True,True,8.31530862917985e+32,187338950342441.53,4.438643759869525e+18,4.4386437598695183e+18,1.4995571530605703e-15,4.336808689942018e-19,1.734723475976807e-18
0.2,0.3,29,True,True,0.5957446808510644,0.3695007924327774,1.6789036135458932,True,True,1.385884771529975e+34,624463167808139.4,2.2193218799347593e+19,2.2193218799347556e+19,1.6610479233901728e-15,4.336808689942018e-19,1.1102230246251565e-16
0.2,0.3,30,True,True,0.5957446808510639,0.3695007924327774,1.6789036135458932,True,True,2.3098079525499585e+35,2081543892693799.5,1.1096609399673789e+20,1.1096609399673769e+20,1.7717844516161856e-15,4.336808689942018e-19,1.3877787807814457e-17
0.2,0.3,31,True,True,0.5957446808510639,0.3695007924327774,1.6789036135458932,True,True,3.8496799209165976e+36,6938479642312665.0,5.548304699836895e+20,5.5483046998368846e+20,1.8899034150572646e-15,4.336808689942018e-19,1.1102230246251565e-16
0.2,0.3,32,True,True,0.5957446808510638,0.3695007924327774,1.6789036135458932,True,True,6.416133201527662e+37,2.312826547437555e+16,2.774152349918447e+21,2.774152349918442e+21,1.889903415057265e-15,4.336808689942018e-19,2.7755575615628914e-17
0.2,0.3,33,True,True,0.5957446808510638,0.3695007924327774,1.6789036135458932,True,True,1.0693555335879438e+39,7.709421824791851e+16,1.3870761749592236e+22,1.3870761749592209e+22,1.9654995516595556e-15,4.336808689942018e-19,3.469446951953614e-18
0.2,0.3,34,True,True,0.5957446808510638,0.3695007924327774,1.6789036135458932,True,True,1.7822592226465733e+40,2.5698072749306176e+17,6.935380874796117e+22,6.935380874796104e+22,1.9352610970186395e-15,4.336808689942018e-19,3.469446951953614e-18
0.2,0.3,35,True,True,0.5957446808510638,0.3695007924327774,1.6789036135458932,True,True,2.9704320377442886e+41,8.566024249768724e+17,3.467690437398059e+23,3.4676904373980515e+23,2.1287872067205038e-15,4.336808689942018e-19,3.469446951953614e-18
0.2,0.3,36,True,True,0.5957446808510638,0.3695007924327774,1.6789036135458932,True,True,4.9507200629071474e+42,2.855341416589575e+18,1.7338452186990292e+24,1.733845218699026e+24,1.857850653137894e-15,4.336808689942018e-19,3.469446951953614e-18
0.2,0.3,37,True,True,0.5957446808510638,0.3695007924327774,1.6789036135458932,True,True,8.251200104845247e+43,9.51780472196525e+18,8.669226093495147e+24,8.669226093495127e+24,2.2294207837654734e-15,4.336808689942018e-19,3.469446951953614e-18
0.2,0.3,38,True,True,0.5957446808510638,0.3695007924327774,1.6789036135458932,True,True,1.3752000174742079e+45,3.1726015739884167e+19,4.334613046747573e+25,4.334613046747564e+25,2.179878099681796e-15,4.336808689942018e-19,3.469446951953614e-18
0.2,0.3,39,True,True,0.5957446808510638,0.3695007924327774,1.6789036135458932,True,True,2.2920000291236795e+46,1.0575338579961389e+20,2.1673065233737864e+26,2.167306523373782e+26,2.0609756578809707e-15,4.336808689942018e-19,3.469446951953614e-18
0.2,0.3,40,True,True,0.5957446808510638,0.3695007924327774,1.6789036135458932,True,True,3.8200000485394666e+47,3.5251128599871304e+20,1.0836532616868933e+27,1.0836532616868908e+27,2.282926882575845e-15,4.336808689942018e-19,3.469446951953614e-18
0.2,0.3,41,True,True,0.5957446808510638,0.3695007924327774,1.6789036135458932,True,True,6.366666747565778e+48,1.17503761999571e+21,5.418266308434467e+27,5.418266308434453e+27,2.4351220080809014e-15,4.336808689942018e-19,3.469446951953614e-18
0.2,0.3,42,True,True,0.5957446808510638,0.3695007924327774,1.6789036135458932,True,True,1.0611111245942963e+50,3.916792066652367e+21,2.709133154217233e+28,2.7091331542172265e+28,2.435122008080902e-15,4.336808689942018e-19,3.469446951953614e-18
0.2,0.3,43,True,True,0.5957446808510638,0.3695007924327774,1.6789036135458932,True,True,1.768518540990494e+51,1.3055973555507892e+22,1.3545665771086164e+29,1.3545665771086134e+29,2.207843953993351e-15,4.336808689942018e-19,3.469446951953614e-18
0.2,0.3,44,True,True,0.5957446808510638,0.3695007924327774,1.6789036135458932,True,True,2.947530901650823e+52,4.351991185169297e+22,6.772832885543083e+29,6.772832885543067e+29,2.493564936274843e-15,4.336808689942018e-19,3.469446951953614e-18
0.2,0.3,45,True,True,0.5957446808510638,0.3695007924327774,1.6789036135458932,True,True,4.912551502751372e+53,1.450663728389766e+23,3.3864164427715406e+30,3.3864164427715327e+30,2.327327273856521e-15,4.336808689942018e-19,3.469446951953614e-18
0.2,0.3,46,True,True,0.5957446808510638,0.3695007924327774,1.6789036135458932,True,True,8.187585837918954e+54,4.83554576129922e+23,1.6932082213857705e+31,1.6932082213857664e+31,2.39382233882385e-15,4.336808689942018e-19,3.469446951953614e-18
0.2,0.3,47,True,True,0.5957446808510638,0.3695007924327774,1.6789036135458932,True,True,1.364597639653159e+56,1.61184858709974e+24,8.466041106928853e+31,8.466041106928832e+31,2.55341049474544e-15,4.336808689942018e-19,3.469446951953614e-18
0.2,0.3,48,True,True,0.5957446808510638,0.3695007924327774,1.6789036135458932,True,True,2.2743293994219317e+57,5.3728286236658e+24,4.2330205534644264e+32,4.2330205534644156e+32,2.5534104947454402e-15,4.336808689942018e-19,3.469446951953614e-18
0.2,0.3,49,True,True,0.5957446808510638,0.3695007924327774,1.6789036135458932,True,True,3.790548999036553e+58,1.7909428745552668e+25,2.1165102767322133e+33,2.1165102767322076e+33,2.723637861061803e-15,4.336808689942018e-19,3.469446951953614e-18
0.2,0.4,2,True,True,0.6555802888214836,0.2756676980775449,1.8776077167561291,True,True,11.0,3.355805593171314,3.277901444107418,3.277901444107418,0.0,0.0,1.1102230246251565e-16
0.2,0.4,3,True,True,0.5647339818645589,0.2756676980775449,1.8776077167561291,True,True,135.99999999999994,9.632854006835174,14.11834954661397,14.11834954661397,0.0,0.0,1.1102230246251565e-16
0.2,0.4,4,True,True,0.5369422604360794,0.2756676980775449,1.8776077167561291,True,True,1698.499999999999,25.306259166422215,67.1177825545099,67.11778255450992,2.1173009855712402e-16,8.673617379884035e-19,1.1102230246251565e-16
0.2,0.4,5,True,True,0.5274386624759497,0.2756676980775449,1.8776077167561291,True,True,21229.749999999985,64.40104303417245,329.6491640474684,329.6491640474685,3.4487221604252413e-16,0.0,6.938893903907228e-18
0.2,0.4,6,True,True,0.5239454940973977,0.2756676980775449,1.8776077167561291,True,True,265370.37499999977,162.07510314844743,1637.3296690543666,1637.3296690543673,4.166057937028969e-16,6.776263578034403e-21,2.7755575615628914e-17
0.2,0.4,7,True,True,0.522607472935649,0.2756676980775449,1.8776077167561291,True,True,3317128.1874999963,406.2249680577013,8165.741764619506,8165.741764619513,7.796551857658636e-16,1.3877787807814457e-17,1.3877787807814457e-17
0.2,0.4,8,True,True,0.5220837073687766,0.2756676980775449,1.8776077167561291,True,True,41464100.84374994,1016.5812173585192,40787.789638185626,40787.789638185655,7.135427223417522e-16,1.1102230246251565e-16,2.7755575615628914e-17
0.2,0.4,9,True,True,0.5218764223326892,0.2756676980775449,1.8776077167561291,True,True,518301259.0468742,2542.462480349706,203857.97747370647,203857.97747370662,7.138261356607319e-16,5.421010862427522e-20,2.7755575615628914e-17
0.2,0.4,10,True,True,0.5217939415437187,0.2756676980775449,1.8776077167561291,True,True,6478765736.585926,6357.160927009482,1019128.7920775743,1019128.7920775751,7.996116478343139e-16,1.1102230246251565e-16,1.1102230246251565e-16
0.2,0.4,11,True,True,0.5217610340902941,0.2756676980775449,1.8776077167561291,True,True,80984571705.82407,15893.904682121722,5095322.598538021,5095322.598538025,9.13899519220528e-16,1.1102230246251565e-16,2.7755575615628914e-17
0.2,0.4,12,True,True,0.521747887794262,0.2756676980775449,1.8776077167561291,True,True,1012307146321.3005,39735.76288790924,25475971.08370416,25475971.08370418,8.77365644564924e-16,1.1102230246251565e-16,1.1102230246251565e-16
0.2,0.4,13,True,True,0.5217426325668256,0.2756676980775449,1.8776077167561291,True,True,12653839329014.756,99340.40781113674,127378572.40400994,127378572.40401009,1.1698326423839355e-15,8.673617379884035e-19,1.3877787807814457e-17
0.2,0.4,14,True,True,0.5217405311266585,0.2756676980775449,1.8776077167561291,True,True,158172991612682.9,248352.019823536,636890296.7854706,636890296.7854713,1.1230438600097131e-15,5.421010862427522e-20,4.163336342344337e-17
0.2,0.4,15,True,True,0.5217396906795703,0.2756676980775449,1.8776077167561291,True,True,1977162395158534.2,620881.0497066892,3184446354.2454176,3184446354.2454214,1.1979153803421258e-15,1.3877787807814457e-17,2.7755575615628914e-17
0.2,0.4,16,True,True,0.5217393545263412,0.2756676980775449,1.8776077167561291,True,True,2.471452993948167e+16,1552203.624340648,15922221512.644657,15922221512.644676,1.1979161521511139e-15,1.1102230246251565e-16,1.1102230246251565e-16
0.2,0.4,17,True,True,0.5217392200701405,0.2756676980775449,1.8776077167561291,True,True,3.089316242435209e+17,3880510.0608885833,79611087046.83524,79611087046.83534,1.3416664361668947e-15,1.1102230246251565e-16,5.551115123125783e-17
0.2,0.4,18,True,True,0.5217391662886736,0.2756676980775449,1.8776077167561291,True,True,3.8616453030440095e+18,9701276.152239937,398055394202.1731,398055394202.17365,1.3799999051664664e-15,1.1102230246251565e-16,2.7755575615628914e-17
0.2,0.4,19,True,True,0.5217391447762887,0.2756676980775449,1.8776077167561291,True,True,4.827056628805012e+19,24253191.380609084,1990276888947.63,1990276888947.6323,1.2266666329481946e-15,1.1102230246251565e-16,2.7755575615628914e-17
0.2,0.4,20,True,True,0.5217391361713749,0.2756676980775449,1.8776077167561291,True,True,6.033820786006263e+20,60632979.451527335,9951384280612.441,9951384280612.457,1.5701333160695068e-15,1.1102230246251565e-16,2.7755575615628914e-17
0.2,0.4,21,True,True,0.5217391327294175,0.2756676980775449,1.8776077167561291,True,True,7.542275982507828e+21,151582449.62882063,49756921074811.56,49756921074811.64,1.57013332642781e-15,1.1102230246251565e-16,4.163336342344337e-17
0.2,0.4,22,True,True,0.5217391313526362,0.2756676980775449,1.8776077167561291,True,True,9.427844978134782e+22,378956125.0720528,248784604717557.22,248784604717557.7,1.8841599966853515e-15,1.1102230246251565e-16,1.1102230246251565e-16
0.2,0.4,23,True,True,0.5217391308019239,0.2756676980775449,1.8776077167561291,True,True,1.1784806222668475e+24,947390313.6801322,1243923022274786.0,1243923022274788.0,1.607816532201935e-15,1.1102230246251565e-16,2.7755575615628914e-17
0.2,0.4,24,True,True,0.5217391305816391,0.2756676980775449,1.8776077167561291,True,True,1.4731007778335592e+25,2368475785.2003307,6219615108747929.0,6219615108747941.0,1.9293798394569302e-15,1.1102230246251565e-16,1.1102230246251565e-16
0.2,0.4,25,True,True,0.5217391304935252,0.2756676980775449,1.8776077167561291,True,True,1.8413759722919486e+26,5921189464.000828,3.1098075538487636e+16,3.10980755384877e+16,2.058005162434959e-15,1.1102230246251565e-16,1.1102230246251565e-16
0.2,0.4,26,True,True,0.5217391304582796,0.2756676980775449,1.8776077167561291,True,True,2.3017199653649353e+27,14802973661.002066,1.5549037768193418e+17,1.554903776819345e+17,2.0580051625739855e-15,1.1102230246251565e-16,1.1102230246251565e-16
0.2,0.4,27,True,True,0.5217391304441814,0.2756676980775449,1.8776077167561291,True,True,2.877149956706169e+28,37007434153.505165,7.774518883886629e+17,7.774518883886644e+17,1.9756849561244124e-15,1.1102230246251565e-16,1.3877787807814457e-17
0.2,0.4,28,True,True,0.521739130438542,0.2756676980775449,1.8776077167561291,True,True,3.59643744588271e+29,92518585384.76292,3.8872594419012966e+18,3.887259441901306e+18,2.3708219473749204e-15,1.1102230246251565e-16,1.1102230246251565e-16
0.2,0.4,29,True,True,0.5217391304362864,0.2756676980775449,1.8776077167561291,True,True,4.4955468073533863e+30,231296463462.90726,1.943629720942245e+19,1.9436297209422496e+19,2.3181370152210558e-15,1.1102230246251565e-16,1.1102230246251565e-16
0.2,0.4,30,True,True,0.5217391304353841,0.2756676980775449,1.8776077167561291,True,True,5.619433509191732e+31,578241158658.2682,9.718148604694417e+19,9.718148604694441e+19,2.528876743881889e-15,1.1102230246251565e-16,5.551115123125783e-17
0.2,0.4,31,True,True,0.5217391304350232,0.2756676980775449,1.8776077167561291,True,True,7.024291886489665e+32,1445602896646.6702,4.859074302343848e+20,4.8590743023438594e+20,2.2928482477878318e-15,1.1102230246251565e-16,1.3877787807814457e-17
0.2,0.4,32,True,True,0.5217391304348789,0.2756676980775449,1.8776077167561291,True,True,8.780364858112078e+33,3614007241617.6753,2.429537151171251e+21,2.4295371511712574e+21,2.589569785737562e-15,1.1102230246251565e-16,2.7755575615628914e-17
0.2,0.4,33,True,True,0.5217391304348211,0.2756676980775449,1.8776077167561291,True,True,1.0975456072640096e+35,9035018104045.188,1.214768575585491e+22,1.2147685755854944e+22,2.762207771453705e-15,1.1102230246251565e-16,2.7755575615628914e-17
0.2,0.4,34,True,True,0.521739130434798,0.2756676980775449,1.8776077167561291,True,True,1.3719320090800116e+36,22587545260113.97,6.073842877927184e+22,6.073842877927203e+22,3.03842854859921e-15,1.1102230246251565e-16,1.3877787807814457e-17
0.2,0.4,35,True,True,0.5217391304347887,0.2756676980775449,1.8776077167561291,True,True,1.7149150113500141e+37,56468863150285.92,3.0369214389635376e+23,3.036921438963546e+23,2.8726960823120324e-15,1.1102230246251565e-16,2.7755575615628914e-17
0.2,0.4,36,True,True,0.521739130434785,0.2756676980775449,1.8776077167561291,True,True,2.1436437641875175e+38,141172157875715.8,1.518460719481758e+24,1.5184607194817626e+24,3.0052820553418397e-15,1.1102230246251565e-16,1.1102230246251565e-16
0.2,0.4,37,True,True,0.5217391304347835,0.2756676980775449,1.8776077167561291,True,True,2.6795547052343964e+39,352930394689290.5,7.592303597408768e+24,7.592303597408789e+24,2.828500757968799e-15,1.1102230246251565e-16,5.551115123125783e-17
0.2,0.4,38,True,True,0.5217391304347829,0.2756676980775449,1.8776077167561291,True,True,3.349443381542995e+40,882325986723227.0,3.7961517987043794e+25,3.7961517987043906e+25,2.9416407882875542e-15,1.1102230246251565e-16,1.1102230246251565e-16
0.2,0.4,39,True,True,0.5217391304347827,0.2756676980775449,1.8776077167561291,True,True,4.186804226928742e+41,2205814966808068.8,1.8980758993521882e+26,1.8980758993521944e+26,3.2584328731800615e-15,1.1102230246251565e-16,2.7755575615628914e-17
0.2,0.4,40,True,True,0.5217391304347827,0.2756676980775449,1.8776077167561291,True,True,5.2335052836609276e+42,5514537417020172.0,9.49037949676094e+26,9.490379496760971e+26,3.3308424925840632e-15,1.1102230246251565e-16,2.7755575615628914e-17
0.2,0.4,41,True,True,0.5217391304347826,0.2756676980775449,1.8776077167561291,True,True,6.5418816045761575e+43,1.378634354255043e+16,4.745189748380469e+27,4.7451897483804844e+27,3.2439509492992624e-15,1.1102230246251565e-16,2.7755575615628914e-17
0.2,0.4,42,True,True,0.5217391304347826,0.2756676980775449,1.8776077167561291,True,True,8.177352005720196e+44,3.4465858856376076e+16,2.372594874190234e+28,2.372594874190242e+28,3.3366352621363842e-15,1.1102230246251565e-16,2.7755575615628914e-17
0.2,0.4,43,True,True,0.5217391304347826,0.2756676980775449,1.8776077167561291,True,True,1.0221690007150243e+46,8.61646471409402e+16,1.1862974370951168e+29,1.186297437095121e+29,3.559077612945476e-15,1.1102230246251565e-16,1.3877787807814457e-17
0.2,0.4,44,True,True,0.5217391304347826,0.2756676980775449,1.8776077167561291,True,True,1.2777112508937801e+47,2.154116178523504e+17,5.931487185475585e+29,5.931487185475605e+29,3.321805772082445e-15,1.1102230246251565e-16,1.734723475976807e-18
0.2,0.4,45,True,True,0.5217391304347826,0.2756676980775449,1.8776077167561291,True,True,1.5971390636172248e+48,5.385290446308761e+17,2.9657435927377915e+30,2.965743592737802e+30,3.606531981118084e-15,1.1102230246251565e-16,4.336808689942018e-19
0.2,0.4,46,True,True,0.5217391304347826,0.2756676980775449,1.8776077167561291,True,True,1.9964238295215307e+49,1.3463226115771901e+18,1.4828717963688954e+31,1.482871796368901e+31,3.796349453808509e-15,1.1102230246251565e-16,6.938893903907228e-18
0.2,0.4,47,True,True,0.5217391304347826,0.2756676980775449,1.8776077167561291,True,True,2.4955297869019127e+50,3.3658065289429755e+18,7.414358981844475e+31,7.414358981844505e+31,4.008945023221786e-15,1.1102230246251565e-16,6.938893903907228e-18
0.2,0.4,48,True,True,0.5217391304347826,0.2756676980775449,1.8776077167561291,True,True,3.1194122336273905e+51,8.414516322357437e+18,3.707179490922238e+32,3.7071794909222525e+32,3.887461840699914e-15,1.1102230246251565e-16,6.938893903907228e-18
0.2,0.4,49,True,True,0.5217391304347826,0.2756676980775449,1.8776077167561291,True,True,3.8992652920342373e+52,2.103629080589359e+19,1.8535897454611187e+33,1.853589745461126e+33,3.887461840699914e-15,1.1102230246251565e-16,6.938893903907228e-18
0.2,0.5,2,True,True,0.6323449565358912,0.19397386312252457,2.2235502630035797,True,True,9.0,2.8465475709029935,3.161724782679456,3.161724782679456,0.0,0.0,0.0
0.2,0.5,3,True,True,0.5174054927530173,0.19397386312252457,2.2235502630035797,True,True,89.0,6.880483585626256,12.935137318825431,12.935137318825431,0.0,0.0,5.551115123125783e-17
0.2,0.5,4,True,True,0.47612188681417267,0.19397386312252457,2.2235502630035797,True,True,888.9999999999999,14.937351541614321,59.515235851771564,59.51523585177158,2.3877675206724382e-16,1.734723475976807e-18,0.0
0.2,0.5,5,True,True,0.45920681753792686,0.19397386312252457,2.2235502630035797,True,True,8888.999999999998,30.971665613011815,287.00426096120424,287.00426096120424,0.0,1.3877787807814457e-17,5.551115123125783e-17
0.2,0.5,6,True,True,0.4515858337924772,0.19397386312252457,2.2235502630035797,True,True,88888.99999999997,62.98798117983356,1411.2057306014908,1411.2057306014908,0.0,1.1102230246251565e-16,1.1102230246251565e-16
0.2,0.5,7,True,True,0.44796151460289174,0.19397386312252457,2.2235502630035797,True,True,888888.9999999998,126.99505235495685,6999.398665670181,6999.398665670181,0.0,1.1102230246251565e-16,5.551115123125783e-17
0.2,0.5,8,True,True,0.4461908819105724,0.19397386312252457,2.2235502630035797,True,True,8888888.999999996,254.99799259188774,34858.66264926345,34858.66264926345,0.0,1.1102230246251565e-16,5.551115123125783e-17
0.2,0.5,9,True,True,0.44531490401514684,0.19397386312252457,2.2235502630035797,True,True,88888888.99999997,510.999191332388,173951.13438091666,173951.13438091666,0.0,1.1102230246251565e-16,5.551115123125783e-17
0.2,0.5,10,True,True,0.4448790377134432,0.19397386312252457,2.2235502630035797,True,True,888888888.9999995,1022.9996753884985,868904.3705340683,868904.3705340684,1.3397944097735477e-16,1.1102230246251565e-16,5.551115123125783e-17
0.2,0.5,11,True,True,0.44466159260989296,0.19397386312252457,2.2235502630035797,True,True,8888888888.999996,2046.9998699261375,4342398.365330984,4342398.365330984,0.0,1.3877787807814457e-17,2.7755575615628914e-17
0.2,0.5,12,True,True,0.4445529835401734,0.19397386312252457,2.2235502630035797,True,True,88888888888.99995,4094.9999479245644,21706688.64942252,21706688.649422515,1.7161946525459661e-16,3.469446951953614e-18,5.551115123125783e-17
0.2,0.5,13,True,True,0.4444987056711527,0.19397386312252457,2.2235502630035797,True,True,888888888888.9995,8190.999979160643,108520191.81424618,108520191.8142462,1.3731233740679288e-16,3.469446951953614e-18,5.551115123125783e-17
0.2,0.5,14,True,True,0.4444715730625457,0.19397386312252457,2.2235502630035797,True,True,8888888888888.994,16382.99999166242,542567838.211115,542567838.2111149,2.1971315134310733e-16,1.734723475976807e-18,5.551115123125783e-17
0.2,0.5,15,True,True,0.4444580082716763,0.19397386312252457,2.2235502630035797,True,True,88888888888888.94,32766.999996664603,2712756398.142554,2712756398.1425533,1.7577588556407767e-16,1.734723475976807e-18,2.7755575615628914e-17
0.2,0.5,16,True,True,0.4444512262410028,0.19397386312252457,2.2235502630035797,True,True,888888888888888.2,65534.99999866577,13563575019.56184,13563575019.561842,1.406228542299252e-16,1.734723475976807e-18,2.7755575615628914e-17
0.2,0.5,17,True,True,0.4444478353141384,0.19397386312252457,2.2235502630035797,True,True,8888888888888882.0,131070.9999994663,67817357683.4317,67817357683.43171,1.1249914169265723e-16,1.3877787807814457e-17,1.3877787807814457e-17
0.2,0.5,18,True,True,0.44444613987228093,0.19397386312252457,2.2235502630035797,True,True,8.88888888888888e+16,262142.99999978652,339085494897.67487,339085494897.6749,1.7999931335434577e-16,1.734723475976807e-18,5.551115123125783e-17
0.2,0.5,19,True,True,0.4444452921566372,0.19397386312252457,2.2235502630035797,True,True,8.88888888888888e+17,524286.9999999146,1695424240709.8267,1695424240709.8264,1.4399972534177357e-16,1.734723475976807e-18,5.551115123125783e-17
0.2,0.5,20,True,True,0.444444868300115,0.19397386312252457,2.2235502630035797,True,True,8.88888888888888e+18,1048574.9999999658,8477113119127.55,8477113119127.551,1.151998901367151e-16,1.734723475976807e-18,6.938893903907228e-18
0.2,0.5,21,True,True,0.4444446563721744,0.19397386312252457,2.2235502630035797,True,True,8.888888888888879e+19,2097150.999999986,42385545384614.35,42385545384614.36,1.8431991210937397e-16,1.734723475976807e-18,5.551115123125783e-17
0.2,0.5,22,True,True,0.44444455040828323,0.19397386312252457,2.2235502630035797,True,True,8.888888888888879e+20,4194302.9999999944,211927676395551.06,211927676395551.06,0.0,1.734723475976807e-18,5.551115123125783e-17
0.2,0.5,23,True,True,0.44444449742635744,0.19397386312252457,2.2235502630035797,True,True,8.888888888888878e+21,8388606.999999996,1059638255659000.6,1059638255659000.6,0.0,1.734723475976807e-18,5.551115123125783e-17
0.2,0.5,24,True,True,0.4444444709353993,0.19397386312252457,2.2235502630035797,True,True,8.888888888888877e+22,16777215.0,5298190962498172.0,5298190962498173.0,1.8874366875000021e-16,1.734723475976807e-18,1.3877787807814457e-17
0.2,0.5,25,True,True,0.44444445768992147,0.19397386312252457,2.2235502630035797,True,True,8.888888888888877e+23,33554431.0,2.649095402299886e+16,2.649095402299886e+16,0.0,1.734723475976807e-18,5.551115123125783e-17
0.2,0.5,26,True,True,0.4444444510671829,0.19397386312252457,2.2235502630035797,True,True,8.888888888888877e+24,67108863.0,1.324547681412644e+17,1.324547681412644e+17,0.0,1.734723475976807e-18,6.938893903907228e-18
0.2,0.5,27,True,True,0.4444444477558137,0.19397386312252457,2.2235502630035797,True,True,8.888888888888877e+25,134217726.99999999,6.622738357719973e+17,6.622738357719973e+17,0.0,1.734723475976807e-18,5.551115123125783e-17
0.2,0.5,28,True,True,0.44444444610012906,0.19397386312252457,2.2235502630035797,True,True,8.888888888888876e+26,268435455.0,3.311369166524175e+18,3.311369166524175e+18,0.0,1.734723475976807e-18,2.7755575615628914e-17
0.2,0.5,29,True,True,0.4444444452722867,0.19397386312252457,2.2235502630035797,True,True,8.888888888888876e+27,536870911.0,1.6556845801781346e+19,1.6556845801781342e+19,2.473901157888004e-16,1.734723475976807e-18,3.469446951953614e-18
0.2,0.5,30,True,True,0.4444444448583657,0.19397386312252457,2.2235502630035797,True,True,8.888888888888875e+28,1073741822.9999999,8.27842289318079e+19,8.27842289318079e+19,0.0,1.734723475976807e-18,5.551115123125783e-17
0.2,0.5,31,True,True,0.4444444446514051,0.19397386312252457,2.2235502630035797,True,True,8.888888888888874e+29,2147483647.0,4.139211444662924e+20,4.139211444662924e+20,0.0,1.734723475976807e-18,2.7755575615628914e-17
0.2,0.5,32,True,True,0.4444444445479247,0.19397386312252457,2.2235502630035797,True,True,8.888888888888875e+30,4294967295.0000005,2.069605721849594e+21,2.0696057218495939e+21,1.2666373949030424e-16,1.734723475976807e-18,5.551115123125783e-17
0.2,0.5,33,True,True,0.44444444449618464,0.19397386312252457,2.2235502630035797,True,True,8.888888888888873e+31,8589934591.0,1.0348028608043301e+22,1.0348028608043303e+22,2.0266198320807966e-16,1.734723475976807e-18,2.7755575615628914e-17
0.2,0.5,34,True,True,0.4444444444703146,0.19397386312252457,2.2235502630035797,True,True,8.888888888888873e+32,17179869182.999998,5.174014303720484e+22,5.174014303720485e+22,1.621295865759009e-16,1.734723475976807e-18,5.551115123125783e-17
0.2,0.5,35,True,True,0.4444444444573796,0.19397386312252457,2.2235502630035797,True,True,8.888888888888873e+33,34359738367.0,2.5870071517849496e+23,2.58700715178495e+23,1.2970366926449562e-16,1.734723475976807e-18,2.7755575615628914e-17
0.2,0.5,36,True,True,0.44444444445091197,0.19397386312252457,2.2235502630035797,True,True,8.888888888888873e+34,68719476735.0,1.293503575873652e+24,1.2935035758736517e+24,2.0752587082621297e-16,1.734723475976807e-18,1.3877787807814457e-17
0.2,0.5,37,True,True,0.4444444444476782,0.19397386312252457,2.2235502630035797,True,True,8.888888888888873e+35,137438953471.00002,6.467517879321201e+24,6.467517879321201e+24,0.0,1.734723475976807e-18,5.551115123125783e-17
0.2,0.5,38,True,True,0.4444444444460613,0.19397386312252457,2.2235502630035797,True,True,8.88888888888887e+36,274877906943.0,3.233758939648836e+25,3.233758939648836e+25,0.0,1.734723475976807e-18,2.7755575615628914e-17
0.2,0.5,39,True,True,0.444444444445253,0.19397386312252457,2.2235502630035797,True,True,8.888888888888872e+37,549755813886.99994,1.616879469821477e+26,1.616879469821477e+26,0.0,1.734723475976807e-18,5.551115123125783e-17
0.2,0.5,40,True,True,0.44444444444484876,0.19397386312252457,2.2235502630035797,True,True,8.88888888888887e+38,1099511627775.0,8.084397349100032e+26,8.084397349100032e+26,0.0,1.734723475976807e-18,2.7755575615628914e-17
0.2,0.5,41,True,True,0.4444444444446466,0.19397386312252457,2.2235502630035797,True,True,8.88888888888887e+39,2199023255551.0,4.0421986745481775e+27,4.042198674548177e+27,1.3600415470658423e-16,1.734723475976807e-18,1.3877787807814457e-17
0.2,0.5,42,True,True,0.4444444444445455,0.19397386312252457,2.2235502630035797,True,True,8.888888888888869e+40,4398046511103.0005,2.0210993372736284e+28,2.021099337273629e+28,2.1760664753058427e-16,1.734723475976807e-18,5.551115123125783e-17
0.2,0.5,43,True,True,0.444444444444495,0.19397386312252457,2.2235502630035797,True,True,8.88888888888887e+41,8796093022207.0,1.0105496686366996e+29,1.0105496686366996e+29,0.0,1.734723475976807e-18,2.7755575615628914e-17
0.2,0.5,44,True,True,0.4444444444444698,0.19397386312252457,2.2235502630035797,True,True,8.888888888888868e+42,17592186044414.998,5.0527483431832106e+29,5.052748343183211e+29,1.3926825441959765e-16,1.734723475976807e-18,5.551115123125783e-17
0.2,0.5,45,True,True,0.4444444444444571,0.19397386312252457,2.2235502630035797,True,True,8.888888888888868e+43,35184372088831.0,2.5263741715915332e+30,2.526374171591533e+30,1.1141460353568134e-16,1.734723475976807e-18,2.7755575615628914e-17
0.2,0.5,46,True,True,0.44444444444445075,0.19397386312252457,2.2235502630035797,True,True,8.888888888888868e+44,70368744177663.01,1.2631870857957485e+31,1.2631870857957485e+31,0.0,1.734723475976807e-18,5.551115123125783e-17
0.2,0.5,47,True,True,0.4444444444444476,0.19397386312252457,2.2235502630035797,True,True,8.888888888888866e+45,140737488355327.0,6.315935428978697e+31,6.3159354289786965e+31,1.4261069252567517e-16,1.734723475976807e-18,2.7755575615628914e-17
0.2,0.5,48,True,True,0.4444444444444461,0.19397386312252457,2.2235502630035797,True,True,8.888888888888866e+46,281474976710654.97,3.1579677144893376e+32,3.1579677144893376e+32,0.0,1.734723475976807e-18,5.551115123125783e-17
0.2,0.5,49,True,True,0.44444444444444525,0.19397386312252457,2.2235502630035797,True,True,8.888888888888865e+47,562949953421311.0,1.5789838572446657e+33,1.5789838572446657e+33,0.0,1.734723475976807e-18,5.551115123125783e-17
0.2,0.6,2,True,True,0.6151209653461047,0.12550462690731568,2.7858639836125705,True,True,7.666666666666667,2.49273463223707,3.075604826730523,3.0756048267305234,1.4439085476470173e-16,0.0,5.551115123125783e-17
0.2,0.6,3,True,True,0.4769240810548519,0.12550462690731568,2.7858639836125705,True,True,63.22222222222223,5.302497796495282,11.923102026371296,11.923102026371296,0.0,0.0,0.0
0.2,0.6,4,True,True,0.4209099123874485,0.12550462690731568,2.7858639836125705,True,True,526.1851851851853,10.000908407228588,52.61373904843107,52.61373904843106,2.7009779141757786e-16,0.0,2.7755575615628914e-17
0.2,0.6,5,True,True,0.39499065707809794,0.12550462690731568,2.7858639836125705,True,True,4384.209876543211,17.759244875207706,246.8691606738113,246.86916067381117,5.756431737530327e-16,1.3877787807814457e-17,5.551115123125783e-17
0.2,0.6,6,True,True,0.3815799985785139,0.12550462690731568,2.7858639836125705,True,True,36534.41563786009,30.638432432693893,1192.4374955578558,1192.4374955578555,1.9067974320688425e-16,1.734723475976807e-18,2.7755575615628914e-17
0.2,0.6,7,True,True,0.3741396279744232,0.12550462690731568,2.7858639836125705,True,True,304452.7969821674,52.07943118014417,5845.931687100362,5845.93168710036,3.1115474844833384e-16,1.1102230246251565e-16,5.551115123125783e-17
0.2,0.6,8,True,True,0.3698546536894638,0.12550462690731568,2.7858639836125705,True,True,2537105.9748513955,87.80464475475921,28894.89481948936,28894.89481948935,3.777115815598604e-16,1.3877787807814457e-17,4.163336342344337e-17
0.2,0.6,9,True,True,0.36733955526918755,0.12550462690731568,2.7858639836125705,True,True,21142549.123761628,147.34303719937503,143492.01377702635,143492.01377702632,2.0282543739304152e-16,1.1102230246251565e-16,5.551115123125783e-17
0.2,0.6,10,True,True,0.36584876529596005,0.12550462690731568,2.7858639836125705,True,True,176187908.69801357,246.57240316338738,714548.369718672,714548.3697186717,4.887646243155068e-16,1.3877787807814457e-17,2.7755575615628914e-17
0.2,0.6,11,True,True,0.3649604806970244,0.12550462690731568,2.7858639836125705,True,True,1468232571.8167799,411.95423424173515,3564067.1943068793,3564067.194306877,6.532723177211294e-16,1.1102230246251565e-16,2.7755575615628914e-17
0.2,0.6,12,True,True,0.364429657958872,0.12550462690731568,2.7858639836125705,True,True,12235271431.139832,687.590467562942,17794416.892523043,17794416.892523035,4.187032731628569e-16,1.1102230246251565e-16,5.551115123125783e-17
0.2,0.6,13,True,True,0.36411192113669866,0.12550462690731568,2.7858639836125705,True,True,101960595258.83194,1146.9841384934618,88894511.99626432,88894511.99626426,6.705098372990165e-16,1.1102230246251565e-16,5.551115123125783e-17
0.2,0.6,14,True,True,0.3639215481284343,0.12550462690731568,2.7858639836125705,True,True,849671627156.2662,1912.6402394858044,444240171.0552177,444240171.0552173,8.050327096778738e-16,3.3881317890172014e-21,2.7755575615628914e-17
0.2,0.6,15,True,True,0.3638074205054222,0.12550462690731568,2.7858639836125705,True,True,7080596892968.218,3188.7337353709167,2220504275.5457897,2220504275.545788,8.589709345836248e-16,1.1102230246251565e-16,2.7755575615628914e-17
0.2,0.6,16,True,True,0.3637389784164786,0.12550462690731568,2.7858639836125705,True,True,59004974108067.83,5315.556226584414,11100432690.932575,11100432690.932566,8.591325608282485e-16,1.1102230246251565e-16,5.551115123125783e-17
0.2,0.6,17,True,True,0.36369792554893826,0.12550462690731568,2.7858639836125705,True,True,491708117567231.2,8860.260377963034,55495899284.200775,55495899284.20074,6.873836292100623e-16,1.3877787807814457e-17,1.3877787807814457e-17
0.2,0.6,18,True,True,0.36367329828144057,0.12550462690731568,2.7858639836125705,True,True,4097567646393593.0,14768.100630045892,277460707307.00726,277460707307.007,8.799106272365307e-16,1.1102230246251565e-16,2.7755575615628914e-17
0.2,0.6,19,True,True,0.36365852352283073,0.12550462690731568,2.7858639836125705,True,True,3.414639705327994e+16,24614.50105011233,1387247175303.7673,1387247175303.7656,1.2319249268795834e-15,1.1102230246251565e-16,2.7755575615628914e-17
0.2,0.6,20,True,True,0.3636496592440989,0.12550462690731568,2.7858639836125705,True,True,2.8455330877733286e+17,41025.16841686584,6936066803819.635,6936066803819.629,8.447691127734374e-16,1.734723475976807e-18,5.551115123125783e-17
0.2,0.6,21,True,True,0.3636443408843256,0.12550462690731568,2.7858639836125705,True,True,2.371277573144441e+18,68376.28069478039,34679826820786.055,34679826820786.02,1.0137377611969051e-15,1.734723475976807e-18,2.7755575615628914e-17
0.2,0.6,22,True,True,0.36364114994313906,0.12550462690731568,2.7858639836125705,True,True,1.976064644287034e+19,113961.46782463529,173397612544602.94,173397612544602.7,1.4417730228880346e-15,1.734723475976807e-18,2.7755575615628914e-17
0.2,0.6,23,True,True,0.36363923540530885,0.12550462690731568,2.7858639836125705,True,True,1.6467205369058617e+20,189936.77970772597,866983498109123.1,866983498109122.2,1.009246429612976e-15,1.734723475976807e-18,2.7755575615628914e-17
0.2,0.6,24,True,True,0.3636380866922876,0.12550462690731568,2.7858639836125705,True,True,1.3722671140882182e+21,316562.29951287684,4334903796819300.0,4334903796819295.0,1.153428134591756e-15,1.734723475976807e-18,2.7755575615628914e-17
0.2,0.6,25,True,True,0.36363739746795853,0.12550462690731568,2.7858639836125705,True,True,1.1435559284068485e+22,527604.8325214614,2.1674477903125196e+16,2.167447790312517e+16,1.2918419592456608e-15,1.734723475976807e-18,2.7755575615628914e-17
0.2,0.6,26,True,True,0.3636369839346152,0.12550462690731568,2.7858639836125705,True,True,9.529632736723738e+22,879342.3875357689,1.0837226627308582e+17,1.0837226627308568e+17,1.3287532405858942e-15,1.734723475976807e-18,2.7755575615628914e-17
0.2,0.6,27,True,True,0.3636367358150607,0.12550462690731568,2.7858639836125705,True,True,7.94136061393645e+23,1465571.6458929484,5.418609616384814e+17,5.4186096163848064e+17,1.417337757046973e-15,1.734723475976807e-18,2.7755575615628914e-17
0.2,0.6,28,True,True,0.36363658694349044,0.12550462690731568,2.7858639836125705,True,True,6.617800511613708e+24,2442620.4098215806,2.7093036990127744e+18,2.7093036990127703e+18,1.5118275597868638e-15,1.734723475976807e-18,2.7755575615628914e-17
0.2,0.6,29,True,True,0.3636364976206068,0.12550462690731568,2.7858639836125705,True,True,5.51483375967809e+25,4071035.0163693014,1.3546515167527154e+19,1.3546515167527133e+19,1.5118279311489192e-15,1.734723475976807e-18,2.7755575615628914e-17
0.2,0.6,30,True,True,0.3636364440268977,0.12550462690731568,2.7858639836125705,True,True,4.5956947997317416e+26,6785059.360615503,6.7732565855029535e+19,6.773256585502943e+19,1.5723012801247987e-15,1.734723475976807e-18,1.3877787807814457e-17
0.2,0.6,31,True,True,0.3636364118706798,0.12550462690731568,2.7858639836125705,True,True,3.829745666443118e+27,11308433.267692506,3.38662799327336e+20,3.386627993273355e+20,1.5481121665602486e-15,1.734723475976807e-18,2.7755575615628914e-17
0.2,0.6,32,True,True,0.36363639257695185,0.12550462690731568,2.7858639836125705,True,True,3.1914547220359316e+28,18847389.779487506,1.6933139067932584e+21,1.6933139067932555e+21,1.7029234735695524e-15,1.734723475976807e-18,2.7755575615628914e-17
0.2,0.6,33,True,True,0.36363638100071594,0.12550462690731568,2.7858639836125705,True,True,2.6595456016966103e+29,31412317.29914585,8.466569264436048e+21,8.466569264436031e+21,1.981583741418497e-15,1.734723475976807e-18,5.551115123125783e-17
0.2,0.6,34,True,True,0.3636363740549749,0.12550462690731568,2.7858639836125705,True,True,2.216288001413842e+30,52353863.16524308,4.233284551358955e+22,4.233284551358948e+22,1.7834254013414756e-15,1.734723475976807e-18,2.7755575615628914e-17
0.2,0.6,35,True,True,0.3636363698875303,0.12550462690731568,2.7858639836125705,True,True,1.8469066678448683e+31,87256439.60873848,2.1166422514217574e+23,2.1166422514217533e+23,1.9023204498990653e-15,1.734723475976807e-18,2.7755575615628914e-17
0.2,0.6,36,True,True,0.3636363673870637,0.12550462690731568,2.7858639836125705,True,True,1.5390888898707236e+32,145427400.34789744,1.0583211184335631e+24,1.0583211184335611e+24,1.902320462979959e-15,1.734723475976807e-18,2.0816681711721685e-17
0.2,0.6,37,True,True,0.36363636588678366,0.12550462690731568,2.7858639836125705,True,True,1.2825740748922698e+33,242379001.5798291,5.291605570335868e+24,5.291605570335857e+24,2.029141835550396e-15,1.734723475976807e-18,2.7755575615628914e-17
0.2,0.6,38,True,True,0.3636363649866157,0.12550462690731568,2.7858639836125705,True,True,1.0688117290768916e+34,403965003.6330485,2.64580277861835e+25,2.6458027786183446e+25,2.1103075141963975e-15,1.734723475976807e-18,2.7755575615628914e-17
0.2,0.6,39,True,True,0.36363636444651487,0.12550462690731568,2.7858639836125705,True,True,8.906764408974095e+34,673275007.0550809,1.3229013873442995e+26,1.3229013873442968e+26,2.0778412478333928e-15,1.734723475976807e-18,6.938893903907228e-18
0.2,0.6,40,True,True,0.3636363641224544,0.12550462690731568,2.7858639836125705,True,True,7.42230367414508e+35,1122125012.7584682,6.614506930826872e+26,6.614506930826858e+26,2.077841249685095e-15,1.734723475976807e-18,2.7755575615628914e-17
0.2,0.6,41,True,True,0.3636363639280182,0.12550462690731568,2.7858639836125705,True,True,6.185253061787567e+36,1870208355.597447,3.3072534636450487e+27,3.3072534636450415e+27,2.1609549008279604e-15,1.734723475976807e-18,5.551115123125783e-17
0.2,0.6,42,True,True,0.36363636381135633,0.12550462690731568,2.7858639836125705,True,True,5.15437755148964e+37,3117013926.995745,1.6536267312920078e+28,1.653626731292004e+28,2.2606912815914494e-15,1.734723475976807e-18,2.7755575615628914e-17
0.2,0.6,43,True,True,0.3636363637413593,0.12550462690731568,2.7858639836125705,True,True,4.295314626241366e+38,5195023212.659575,8.268133654868491e+28,8.268133654868472e+28,2.3404803860981418e-15,1.734723475976807e-18,2.7755575615628914e-17
0.2,0.6,44,True,True,0.363636363699361,0.12550462690731568,2.7858639836125705,True,True,3.5794288552011387e+39,8658372022.099295,4.13406682695678e+29,4.13406682695677e+29,2.3830345752115192e-15,1.734723475976807e-18,2.7755575615628914e-17
0.2,0.6,45,True,True,0.36363636367416213,0.12550462690731568,2.7858639836125705,True,True,2.982857379334282e+40,14430620037.832155,2.0670334133351508e+30,2.067033413335146e+30,2.3149478732230374e-15,1.734723475976807e-18,2.7755575615628914e-17
0.2,0.6,46,True,True,0.36363636365904267,0.12550462690731568,2.7858639836125705,True,True,2.4857144827785687e+41,24051033397.386932,1.0335167066246034e+31,1.033516706624601e+31,2.396651915907029e-15,1.734723475976807e-18,2.7755575615628914e-17
0.2,0.6,47,True,True,0.3636363636499711,0.12550462690731568,2.7858639836125705,True,True,2.0714287356488073e+42,40085055663.31155,5.167583532994103e+31,5.167583532994089e+31,2.6145293628728926e-15,1.734723475976807e-18,2.7755575615628914e-17
0.2,0.6,48,True,True,0.36363636364452806,0.12550462690731568,2.7858639836125705,True,True,1.7261906130406726e+43,66808426106.51926,2.5837917664583757e+32,2.5837917664583692e+32,2.509948188395547e-15,1.734723475976807e-18,5.551115123125783e-17
0.2,0.6,49,True,True,0.36363636364126234,0.12550462690731568,2.7858639836125705,True,True,1.438492177533894e+44,111347376845.19876,1.2918958832175857e+33,1.2918958832175824e+33,2.5657248148273792e-15,1.734723475976807e-18,2.7755575615628914e-17
0.2,0.7,2,True,True,0.604253384228693,0.07120365625619378,3.7574341108866,True,True,6.714285714285715,2.222341120308743,3.0212669211434653,3.0212669211434653,0.0,0.0,5.551115123125783e-17
0.2,0.7,3,True,True,0.44448970522688036,0.07120365625619378,3.7574341108866,True,True,47.53061224489796,4.277319513678003,11.112242630672007,11.112242630672007,0.0,2.220446049250313e-16,0.0
0.2,0.7,4,True,True,0.3727864751015351,0.07120365625619378,3.7574341108866,True,True,339.07580174927125,7.276568746908918,46.59830938769189,46.598309387691884,1.5248251387158208e-16,0.0,1.3877787807814457e-17
0.2,0.7,5,True,True,0.33684322958204793,0.07120365625619378,3.7574341108866,True,True,2421.541441066224,11.5022834524932,210.52701848877996,210.52701848877993,1.3500266917957967e-16,3.469446951953614e-18,1.3877787807814457e-17
0.2,0.7,6,True,True,0.3166069155067213,0.07120365625619378,3.7574341108866,True,True,17296.29600761588,17.481660858793155,989.3966109585042,989.3966109585039,3.447156674960073e-16,1.3877787807814457e-17,6.938893903907228e-18
0.2,0.7,7,True,True,0.3041880834815997,0.07120365625619378,3.7574341108866,True,True,123544.54291154203,25.993295515854655,4752.938804399997,4752.938804399993,7.654167151750164e-16,4.336808689942018e-19,6.938893903907228e-18
0.2,0.7,8,True,True,0.29615756540888194,0.07120365625619378,3.7574341108866,True,True,882460.5922253004,38.14015544356944,23137.30979756891,23137.309797568894,6.289372168019233e-16,1.1102230246251565e-16,3.469446951953614e-18
0.2,0.7,9,True,True,0.2908081303087962,0.07120365625619378,3.7574341108866,True,True,6303289.515895003,55.48820503593438,113596.92590187353,113596.92590187347,5.124052473369566e-16,1.1102230246251565e-16,1.3877787807814457e-17
0.2,0.7,10,True,True,0.2871826408182824,0.07120365625619378,3.7574341108866,True,True,45023496.11353574,80.26958016838032,560903.5953482081,560903.5953482075,1.0377480443378553e-15,8.470329472543003e-22,1.3877787807814457e-17
0.2,0.7,11,True,True,0.2846993434847854,0.07120365625619378,3.7574341108866,True,True,321596400.38239825,115.67104790642922,2780267.026218609,2780267.026218606,1.0049278351678555e-15,1.3877787807814457e-17,1.3877787807814457e-17
0.2,0.7,12,True,True,0.2829866962376472,0.07120365625619378,3.7574341108866,True,True,2297117145.1599874,166.24441982024837,13817709.777228873,13817709.77722886,9.436090535136115e-16,5.421010862427522e-20,6.938893903907228e-18
0.2,0.7,13,True,True,0.2818001066201976,0.07120365625619378,3.7574341108866,True,True,16407979607.857054,238.49204771367357,68798854.1553217,68798854.15532164,8.663610100369696e-16,1.3877787807814457e-17,6.938893903907228e-18
0.2,0.7,14,True,True,0.28097540867314796,0.07120365625619378,3.7574341108866,True,True,117199854341.40755,341.7029309784448,342987559.41546404,342987559.41546357,1.3902462206377822e-15,1.3877787807814457e-17,1.0408340855860843e-17
0.2,0.7,15,True,True,0.2804009886209255,0.07120365625619378,3.7574341108866,True,True,837141816723.9111,489.14704590242616,1711431815.313267,1711431815.3132646,1.3930942323747896e-15,2.220446049250313e-16,1.3877787807814457e-17
0.2,0.7,16,True,True,0.2800002905111743,0.07120365625619378,3.7574341108866,True,True,5979584405170.365,699.7814946224238,8544930740.697463,8544930740.697451,1.4508913517851784e-15,1.3877787807814457e-17,6.938893903907228e-18
0.2,0.7,17,True,True,0.2797204826479942,0.07120365625619378,3.7574341108866,True,True,42711317179787.91,1000.6878495977205,42681958411.86438,42681958411.86432,1.4299989625835453e-15,1.1102230246251565e-16,1.3877787807814457e-17
0.2,0.7,18,True,True,0.2795249496727929,0.07120365625619378,3.7574341108866,True,True,305080836998484.6,1430.5540708932813,213260612238.15393,213260612238.15356,1.7171991285997196e-15,3.469446951953614e-18,6.938893903907228e-18
0.2,0.7,19,True,True,0.2793882391676772,0.07120365625619378,3.7574341108866,True,True,2179148835703461.2,2044.6486727159865,1065781552000.7224,1065781552000.7206,1.7180393900257357e-15,1.3877787807814457e-17,1.3877787807814457e-17
0.2,0.7,20,True,True,0.2792926213541185,0.07120365625619378,3.7574341108866,True,True,1.5565348826453296e+16,2921.9266753117895,5327083994943.976,5327083994943.966,1.833202744553819e-15,1.3877787807814457e-17,6.938893903907228e-18
0.2,0.7,21,True,True,0.27922572781729404,0.07120365625619378,3.7574341108866,True,True,1.1118106304609499e+17,4175.180964732056,26629040509919.57,26629040509919.523,1.760296244340411e-15,1.3877787807814457e-17,6.938893903907228e-18
0.2,0.7,22,True,True,0.27917892140418626,0.07120365625619378,3.7574341108866,True,True,7.9415045032925e+17,5965.544235331774,133122883512585.89,133122883512585.61,2.112709645246005e-15,1.3877787807814457e-17,1.3877787807814457e-17
0.2,0.7,23,True,True,0.2791461662508119,0.07120365625619378,3.7574341108866,True,True,5.6725032166375e+18,8523.206050474038,665536323191671.6,665536323191670.2,2.066002939412833e-15,1.3877787807814457e-17,1.0408340855860843e-17
0.2,0.7,24,True,True,0.2791232422163114,0.07120365625619378,3.7574341108866,True,True,4.05178801188393e+19,12177.008643534362,3327408340171715.0,3327408340171707.5,2.2540064919152576e-15,1.3877787807814457e-17,1.3877787807814457e-17
0.2,0.7,25,True,True,0.27910719763228725,0.07120365625619378,3.7574341108866,True,True,2.8941342942028074e+20,17396.726633620525,1.6636085369127248e+16,1.6636085369127206e+16,2.524632392061564e-15,1.3877787807814457e-17,1.3877787807814457e-17
0.2,0.7,26,True,True,0.27909596752093474,0.07120365625619378,3.7574341108866,True,True,2.0672387815734337e+21,24853.466619457897,8.317708001164645e+16,8.317708001164626e+16,2.3083282073994014e-15,1.3877787807814457e-17,6.938893903907228e-18
0.2,0.7,27,True,True,0.2790881069806778,0.07120365625619378,3.7574341108866,True,True,1.47659912969531e+22,35505.95231351128,4.158736869404883e+17,4.158736869404873e+17,2.4622861031035543e-15,1.3877787807814457e-17,1.0408340855860843e-17
0.2,0.7,28,True,True,0.2790826048659427,0.07120365625619378,3.7574341108866,True,True,1.0547136640680787e+23,50723.78901930184,2.0793274407531548e+18,2.0793274407531492e+18,2.708568111792938e-15,1.3877787807814457e-17,1.3877787807814457e-17
0.2,0.7,29,True,True,0.2790787535147082,0.07120365625619378,3.7574341108866,True,True,7.533669029057706e+23,72463.55574185977,1.0396493729751876e+19,1.0396493729751845e+19,2.9548423534453726e-15,1.3877787807814457e-17,1.3877787807814457e-17
0.2,0.7,30,True,True,0.2790760576320905,0.07120365625619378,3.7574341108866,True,True,5.381192163612647e+24,103520.36534551399,5.198196650149129e+19,5.198196650149115e+19,2.67908294689092e-15,1.3877787807814457e-17,1.0408340855860843e-17
0.2,0.7,31,True,True,0.2790741705452479,0.07120365625619378,3.7574341108866,True,True,3.8437086882947488e+25,147887.2362078771,2.5990807502087976e+20,2.59908075020879e+20,2.8997329149525517e-15,1.3877787807814457e-17,3.469446951953614e-18
0.2,0.7,32,True,True,0.2790728495996428,0.07120365625619378,3.7574341108866,True,True,2.7455062059248206e+26,211268.48029696732,1.2995342239720892e+21,1.2995342239720855e+21,2.8241010758319462e-15,1.3877787807814457e-17,6.938893903907228e-18
0.2,0.7,33,True,True,0.2790719249451596,0.07120365625619378,3.7574341108866,True,True,1.9610758613748722e+27,301813.11470995337,6.497649591070599e+21,6.497649591070579e+21,3.066177041522705e-15,1.3877787807814457e-17,5.204170427930421e-18
0.2,0.7,34,True,True,0.27907127769066714,0.07120365625619378,3.7574341108866,True,True,1.4007684724106232e+28,431162.59244279045,3.248817260501296e+22,3.248817260501285e+22,3.3566647569206013e-15,1.3877787807814457e-17,6.938893903907228e-18
0.2,0.7,35,True,True,0.2790708246143089,0.07120365625619378,3.7574341108866,True,True,1.0005489088647308e+29,615947.5606325578,1.6244059929991445e+23,1.6244059929991395e+23,3.098464806022583e-15,1.3877787807814457e-17,6.938893903907228e-18
0.2,0.7,36,True,True,0.2790705074617334,0.07120365625619378,3.7574341108866,True,True,7.146777920462364e+29,879926.0866179398,8.122020734640938e+23,8.122020734640911e+23,3.305032882458752e-15,1.3877787807814457e-17,1.0408340855860843e-17
0.2,0.7,37,True,True,0.27907028545535933,0.07120365625619378,3.7574341108866,True,True,5.104841371758832e+30,1257038.2665970572,4.061007136702534e+24,4.0610071367025195e+24,3.56943835261766e-15,1.3877787807814457e-17,1.3877787807814457e-17
0.2,0.7,38,True,True,0.2790701300511078,0.07120365625619378,3.7574341108866,True,True,3.646315265542024e+31,1795769.95228151,2.0305024376365203e+25,2.0305024376365126e+25,3.807403029665283e-15,1.3877787807814457e-17,1.3877787807814457e-17
0.2,0.7,39,True,True,0.27907002126823466,0.07120365625619378,3.7574341108866,True,True,2.6045109039585882e+32,2565386.6461164434,1.0152508230684728e+26,1.0152508230684692e+26,3.553577546222476e-15,1.3877787807814457e-17,6.938893903907228e-18
0.2,0.7,40,True,True,0.279069945120274,0.07120365625619378,3.7574341108866,True,True,1.860364931398992e+33,3664839.065880633,5.076252730219029e+26,5.07625273021901e+26,3.7904837502544614e-15,1.3877787807814457e-17,6.938893903907228e-18
0.2,0.7,41,True,True,0.27906989181672626,0.07120365625619378,3.7574341108866,True,True,1.328832093856423e+34,5235485.379829476,2.538125880316572e+27,2.538125880316562e+27,3.898784030660368e-15,1.3877787807814457e-17,1.3877787807814457e-17
0.2,0.7,42,True,True,0.27906985450425487,0.07120365625619378,3.7574341108866,True,True,9.491657813260166e+34,7479265.828327825,1.2690627704808107e+28,1.2690627704808059e+28,3.8121448952296496e-15,1.3877787807814457e-17,1.3877787807814457e-17
0.2,0.7,43,True,True,0.2790698283855308,0.07120365625619378,3.7574341108866,True,True,6.779755580900119e+35,10684666.469039751,6.3453132585330265e+28,6.345313258533e+28,4.158703911290397e-15,1.3877787807814457e-17,1.0408340855860843e-17
0.2,0.7,44,True,True,0.279069810102427,0.07120365625619378,3.7574341108866,True,True,4.8426825577857997e+36,15263810.241485357,3.172656421411687e+29,3.1726564214116745e+29,3.992356016395754e-15,1.3877787807814457e-17,6.938893903907228e-18
0.2,0.7,45,True,True,0.2790697973042557,0.07120365625619378,3.7574341108866,True,True,3.4590589698469995e+37,21805444.20212194,1.5863281379566622e+30,1.5863281379566557e+30,4.0810752261408724e-15,1.3877787807814457e-17,6.938893903907228e-18
0.2,0.7,46,True,True,0.2790697883455364,0.07120365625619378,3.7574341108866,True,True,2.4707564070335716e+38,31150635.574459918,7.931640435161197e+30,7.931640435161164e+30,4.258513416158457e-15,1.3877787807814457e-17,3.469446951953614e-18
0.2,0.7,47,True,True,0.27906978207443334,0.07120365625619378,3.7574341108866,True,True,1.76482600502398e+39,44500908.96351417,3.9658201284628642e+31,3.9658201284628467e+31,4.428854052327573e-15,1.3877787807814457e-17,6.938893903907228e-18
0.2,0.7,48,True,True,0.27906977768466135,0.07120365625619378,3.7574341108866,True,True,1.2605900035885573e+40,63572728.090734534,1.9829100330402264e+32,1.982910033040217e+32,4.724111063459752e-15,1.3877787807814457e-17,1.0408340855860843e-17
0.2,0.7,49,True,True,0.27906977461182103,0.07120365625619378,3.7574341108866,True,True,9.004214311346838e+40,90818183.98676364,9.91455005603191e+32,9.914550056031867e+32,4.360717952747991e-15,1.3877787807814457e-17,1.3877787807814457e-17
0.2,0.8,2,True,True,0.6005494495788031,0.03184172499109114,5.734695048468009,True,True,5.999999999999999,1.9981701770630602,3.002747247894014,3.0027472478940154,4.4368290753894696e-16,0.0,2.7755575615628914e-17
0.2,0.8,3,True,True,0.42301218049890904,0.03184172499109114,5.734695048468009,True,True,37.24999999999999,3.5223572007847728,10.575304512472721,10.575304512472725,3.3594433849260415e-16,1.1102230246251565e-16,4.163336342344337e-17
0.2,0.8,4,True,True,0.33446041387225717,0.03184172499109114,5.734695048468009,True,True,232.56249999999986,5.562691197023375,41.80755173403213,41.80755173403214,1.6995559564941109e-16,1.1102230246251565e-16,1.734723475976807e-17
0.2,0.8,5,True,True,0.287064380790971,0.03184172499109114,5.734695048468009,True,True,1453.2656249999989,8.10001224670621,179.41523799435672,179.41523799435686,7.920650929130656e-16,2.7755575615628914e-17,5.204170427930421e-18
0.2,0.8,6,True,True,0.259230382092761,0.03184172499109114,5.734695048468009,True,True,9082.66015624999,11.211846491666154,810.0949440398775,810.0949440398779,4.210130129488365e-16,1.1102230246251565e-16,3.469446951953614e-18
0.2,0.8,7,True,True,0.2413123389203463,0.03184172499109114,5.734695048468009,True,True,56766.375976562435,15.055376276051986,3770.505295630409,3770.5052956304094,1.2060647452569952e-16,1.1102230246251565e-16,3.469446951953614e-18
0.2,0.8,8,True,True,0.22894845123247598,0.03184172499109114,5.734695048468009,True,True,354789.5998535151,19.83549944836151,17886.597752537164,17886.597752537178,8.135652978668171e-16,1.1102230246251565e-16,3.469446951953614e-18
0.2,0.8,9,True,True,0.22002245030760217,0.03184172499109114,5.734695048468009,True,True,2217434.7490844694,25.800244246530468,85946.269651407,85946.26965140706,6.772563969274549e-16,3.469446951953614e-18,2.6020852139652106e-18
0.2,0.8,10,True,True,0.21339274267949956,0.03184172499109114,5.734695048468009,True,True,13858966.931777932,33.25226050319656,416782.70054589707,416782.7005458974,8.379569618013558e-16,1.1102230246251565e-16,1.734723475976807e-18
0.2,0.8,11,True,True,0.20837644153126747,0.03184172499109114,5.734695048468009,True,True,86618543.07361206,42.56593857519617,2034926.1868287812,2034926.1868287828,8.009206997905811e-16,2.7755575615628914e-17,1.734723475976807e-18
0.2,0.8,12,True,True,0.2045316924417126,0.03184172499109114,5.734695048468009,True,True,541365893.9600751,54.20760653736818,9986899.045005482,9986899.045005491,9.32544296701626e-16,1.0842021724855044e-19,8.673617379884035e-19
0.2,0.8,13,True,True,0.20155694249015033,0.03184172499109114,5.734695048468009,True,True,3383536837.000469,68.75956101105874,49208237.91263426,49208237.91263433,1.3626829209240566e-15,1.1102230246251565e-16,1.734723475976807e-18
0.2,0.8,14,True,True,0.19923881526583545,0.03184172499109114,5.734695048468009,True,True,21147105231.002934,86.94946605722075,243211444.4163026,243211444.41630286,1.1028300996812736e-15,2.7755575615628914e-17,1.734723475976807e-18
0.2,0.8,15,True,True,0.19742237468058824,0.03184172499109114,5.734695048468009,True,True,132169407693.51828,109.68683661890576,1204970548.5875723,1204970548.5875738,1.1871754677209106e-15,3.469446951953614e-18,2.168404344971009e-18
0.2,0.8,16,True,True,0.19599290059060975,0.03184172499109114,5.734695048468009,True,True,826058798084.2391,138.10854686091255,5981228655.719279,5981228655.719287,1.275556406618016e-15,3.469446951953614e-18,8.673617379884035e-19
0.2,0.8,17,True,True,0.194864140921794,0.03184172499109114,5.734695048468009,True,True,5162867488026.243,173.63568386401178,29733908221.70922,29733908221.709267,1.5395341522604768e-15,3.469446951953614e-18,1.0842021724855044e-18
0.2,0.8,18,True,True,0.19397045150586958,0.03184172499109114,5.734695048468009,True,True,32267921800163.766,218.04460490535553,147987710194.2971,147987710194.29733,1.6497358103552026e-15,2.7755575615628914e-17,4.336808689942018e-19
0.2,0.8,19,True,True,0.19326138049956143,0.03184172499109114,5.734695048468009,True,True,201674511251023.28,273.5557561512314,737233659742.588,737233659742.589,1.324630918698116e-15,1.1102230246251565e-16,1.734723475976807e-18
0.2,0.8,20,True,True,0.19269784537515267,0.03184172499109114,5.734695048468009,True,True,1260465695318894.8,342.94469519406834,3675419719222.11,3675419719222.1157,1.5942056819676931e-15,1.1102230246251565e-16,6.505213034913027e-19
0.2,0.8,21,True,True,0.19224937801360978,0.03184172499109114,5.734695048468009,True,True,7877910595743092.0,429.6808689938724,18334329415665.555,18334329415665.586,1.7044528486162547e-15,1.1102230246251565e-16,1.734723475976807e-18
0.2,0.8,22,True,True,0.19189210429127063,0.03184172499109114,5.734695048468009,True,True,4.923694122339431e+16,538.1010862426682,91501285691866.94,91501285691867.06,1.3661010231150272e-15,6.938893903907228e-18,1.3010426069826053e-18
0.2,0.8,23,True,True,0.1916072399861788,0.03184172499109114,5.734695048468009,True,True,3.0773088264621434e+17,673.6263578034184,456827259030767.0,456827259030767.8,1.778571624039793e-15,3.469446951953614e-18,7.589415207398531e-19
0.2,0.8,24,True,True,0.19137995676953315,0.03184172499109114,5.734695048468009,True,True,1.9233180165388393e+18,843.0329472542941,2281426868075520.0,2281426868075524.5,1.972449813302993e-15,4.336808689942018e-19,1.3010426069826053e-18
0.2,0.8,25,True,True,0.1911985180547797,0.03184172499109114,5.734695048468009,True,True,1.2020737603367743e+19,1054.791184067873,1.1396319750236214e+16,1.1396319750236238e+16,2.1059430172185627e-15,1.0842021724855044e-19,8.673617379884035e-19
0.2,0.8,26,True,True,0.1910536145952277,0.03184172499109114,5.734695048468009,True,True,7.512961002104839e+19,1319.4889800848423,5.693841415501446e+16,5.6938414155014584e+16,2.1075402569748524e-15,1.0842021724855044e-19,1.734723475976807e-18
0.2,0.8,27,True,True,0.19093784986948828,0.03184172499109114,5.734695048468009,True,True,4.6956006263155235e+20,1650.3612251060533,2.8451956789119187e+17,2.8451956789119242e+17,1.9119950308937613e-15,1.0842021724855044e-19,1.0842021724855044e-18
0.2,0.8,28,True,True,0.19084533904887732,0.03184172499109114,5.734695048468009,True,True,2.9347503914472015e+21,2063.951531382567,1.4219085801309094e+18,1.4219085801309125e+18,2.160476448997281e-15,1.0842021724855044e-19,1.5178830414797062e-18
0.2,0.8,29,True,True,0.1907713949113293,0.03184172499109114,5.734695048468009,True,True,1.8342189946545004e+22,2580.9394142282076,7.106788266872188e+18,7.106788266872205e+18,2.449489044319242e-15,1.0842021724855044e-19,2.168404344971009e-18
0.2,0.8,30,True,True,0.19071228084463146,0.03184172499109114,5.734695048468009,True,True,1.1463868716590625e+23,3227.17426778526,3.5522930481402327e+19,3.5522930481402417e+19,2.536727651092215e-15,1.0842021724855044e-19,1.3010426069826053e-18
0.2,0.8,31,True,True,0.19066501596207078,0.03184172499109114,5.734695048468009,True,True,7.16491794786914e+23,4034.967834731575,1.7757063355489636e+20,1.7757063355489678e+20,2.3989552296568513e-15,1.0842021724855044e-19,1.3010426069826053e-18
0.2,0.8,32,True,True,0.19062722092057785,0.03184172499109114,5.734695048468009,True,True,4.478073717418211e+24,5044.709793414469,8.876771708977267e+20,8.876771708977294e+20,2.9531456772160474e-15,1.0842021724855044e-19,8.673617379884035e-19
0.2,0.8,33,True,True,0.19059699567417449,0.03184172499109114,5.734695048468009,True,True,2.7987960733863817e+25,6306.887241768083,4.437682118131166e+21,4.437682118131177e+21,2.4810357540067825e-15,1.0842021724855044e-19,1.734723475976807e-18
0.2,0.8,34,True,True,0.19057282237725995,0.03184172499109114,5.734695048468009,True,True,1.749247545866488e+26,7884.609052210105,2.21855964485159e+22,2.2185596448515962e+22,2.8358290995691703e-15,1.0842021724855044e-19,2.6020852139652106e-18
0.2,0.8,35,True,True,0.1905534881541534,0.03184172499109114,5.734695048468009,True,True,1.0932797161665548e+27,9856.76131526263,1.1091672824355335e+23,1.1091672824355369e+23,3.025191288217621e-15,1.0842021724855044e-19,1.3010426069826053e-18
0.2,0.8,36,True,True,0.19053802360002603,0.03184172499109114,5.734695048468009,True,True,6.832998226040967e+27,12321.95164407829,5.545386334416256e+23,5.5453863344162724e+23,2.904419347672986e-15,1.0842021724855044e-19,8.673617379884035e-19
0.2,0.8,37,True,True,0.19052565376386588,0.03184172499109114,5.734695048468009,True,True,4.270623891275603e+28,15403.439555097859,2.772513162400936e+24,2.7725131624009446e+24,3.0982484442242564e-15,1.0842021724855044e-19,4.336808689942018e-19
0.2,0.8,38,True,True,0.19051575905127938,0.03184172499109114,5.734695048468009,True,True,2.6691399320472515e+29,19255.29944387232,1.386184587691084e+25,1.3861845876910882e+25,2.9434888884432456e-15,1.0842021724855044e-19,8.673617379884035e-19
0.2,0.8,39,True,True,0.19050784402115162,0.03184172499109114,5.734695048468009,True,True,1.6682124575295317e+30,24070.124304840407,6.930634991336795e+25,6.9306349913368185e+25,3.3464211327519995e-15,1.0842021724855044e-19,2.6020852139652106e-18
0.2,0.8,40,True,True,0.19050151247055197,0.03184172499109114,5.734695048468009,True,True,1.0426327859559572e+31,30088.6553810505,3.46520232543391e+26,3.465202325433921e+26,3.173008455251791e-15,1.0842021724855044e-19,8.673617379884035e-19
0.2,0.8,41,True,True,0.1904964475330831,0.03184172499109114,5.734695048468009,True,True,6.516454912224731e+31,37611.81922631313,1.7325550973790272e+27,1.7325550973790327e+27,3.173092819499116e-15,1.0842021724855044e-19,1.734723475976807e-18
0.2,0.8,42,True,True,0.19049239577701926,0.03184172499109114,5.734695048468009,True,True,4.072784320140456e+32,47015.77403289141,8.662591234361488e+27,8.662591234361518e+27,3.4270131357687326e-15,1.0842021724855044e-19,1.3010426069826053e-18
0.2,0.8,43,True,True,0.1904891544962634,0.03184172499109114,5.734695048468009,True,True,2.5454902000877847e+33,58770.71754111425,4.331221918988883e+28,4.331221918988899e+28,3.65554287822558e-15,1.0842021724855044e-19,8.673617379884035e-19
0.2,0.8,44,True,True,0.19048656155107543,0.03184172499109114,5.734695048468009,True,True,1.5909313750548652e+34,73464.3969263928,2.165581481120561e+29,2.1655814811205685e+29,3.4118864623978348e-15,1.0842021724855044e-19,5.421010862427522e-19
0.2,0.8,45,True,True,0.1904844872457497,0.03184172499109114,5.734695048468009,True,True,9.943321094092905e+34,91831.49615799102,1.0827789494996324e+30,1.0827789494996365e+30,3.76936323354879e-15,1.0842021724855044e-19,1.3010426069826053e-18
0.2,0.8,46,True,True,0.19048282783401582,0.03184172499109114,5.734695048468009,True,True,6.2145756838080645e+35,114790.37019748875,5.413847584180036e+30,5.413847584180057e+30,3.951366915559325e-15,1.0842021724855044e-19,1.0842021724855044e-18
0.2,0.8,47,True,True,0.19048150032544517,0.03184172499109114,5.734695048468009,True,True,3.8841098023800396e+36,143488.96274686093,2.7069049270585877e+31,2.7069049270585976e+31,3.660239072741032e-15,1.0842021724855044e-19,8.673617379884035e-19
0.2,0.8,48,True,True,0.19048043833191097,0.03184172499109114,5.734695048468009,True,True,2.4275686264875244e+37,179362.20343357613,1.3534449176113824e+32,1.3534449176113873e+32,3.593709307464182e-15,1.0842021724855044e-19,1.3010426069826053e-18
0.2,0.8,49,True,True,0.19047958874560975,0.03184172499109114,5.734695048468009,True,True,1.5172303915547026e+38,224203.75429197017,6.767194404688173e+32,6.767194404688199e+32,3.833307025387471e-15,1.0842021724855044e-19,1.3010426069826053e-18
0.2,0.9,2,True,True,0.6050768481064224,0.007990070979541596,11.71565771923813,True,True,5.444444444444445,1.7995877586401599,3.0253842405321114,3.025384240532112,1.46787705145167e-16,0.0,2.7755575615628914e-17
0.2,0.9,3,True,True,0.4194679921938507,0.007990070979541596,11.71565771923813,True,True,30.135802469135797,2.8737165199683696,10.486699804846268,10.486699804846266,1.6939140744539428e-16,1.1102230246251565e-16,0.0
0.2,0.9,4,True,True,0.31514655723966384,0.007990070979541596,11.71565771923813,True,True,167.31001371742104,4.247167163947396,39.39331965495796,39.39331965495798,3.607427563778177e-16,1.1102230246251565e-16,5.204170427930421e-18
0.2,0.9,5,True,True,0.25305615545509175,0.007990070979541596,11.71565771923813,True,True,929.3889650967836,5.876254388993698,158.16009715943227,158.16009715943233,3.594042990723972e-16,2.7755575615628914e-17,1.3010426069826053e-18
0.2,0.9,6,True,True,0.21460108918437673,0.007990070979541596,11.71565771923813,True,True,5163.160917204354,7.698989319135651,670.628403701177,670.628403701177,0.0,0.0,4.336808689942018e-19
0.2,0.9,7,True,True,0.18955735190883355,0.007990070979541596,11.71565771923813,True,True,28684.116206690847,9.684580517410502,2961.8336235755214,2961.8336235755232,6.141430055581495e-16,1.1102230246251565e-16,3.2526065174565133e-19
0.2,0.9,8,True,True,0.17225455699924788,0.007990070979541596,11.71565771923813,True,True,159356.09003717135,11.84153260157118,13457.38726556623,13457.387265566236,4.0549982719160165e-16,8.673617379884035e-19,3.2526065174565133e-19
0.2,0.9,9,True,True,0.15959873294048135,0.007990070979541596,11.71565771923813,True,True,885311.5002065074,14.20059795445783,62343.25505487547,62343.2550548755,4.668320643687286e-16,8.673617379884035e-19,1.3552527156068805e-19
0.2,0.9,10,True,True,0.14990139742038508,0.007990070979541596,11.71565771923813,True,True,4918397.112258373,16.799171754311054,292776.1668366894,292776.16683668946,1.9881283897652654e-16,1.1102230246251565e-16,6.776263578034403e-20
0.2,0.9,11,True,True,0.14221351185388792,0.007990070979541596,11.71565771923813,True,True,27324428.290324297,19.674793347371487,1388803.826698123,1388803.8266981235,3.352966620309849e-16,2.7755575615628914e-17,4.0657581468206416e-20
0.2,0.9,12,True,True,0.13597094025708145,0.007990070979541596,11.71565771923813,True,True,151802379.2795794,22.86453797971641,6639206.067240298,6639206.0672403015,5.611047858332847e-16,2.7755575615628914e-17,3.3881317890172014e-20
0.2,0.9,13,True,True,0.13081465505590917,0.007990070979541596,11.71565771923813,True,True,843346551.4421078,26.406425742058605,31937171.644509044,31937171.644509055,3.4993301910963695e-16,2.7755575615628914e-17,3.3881317890172014e-20
0.2,0.9,14,True,True,0.12650103798796686,0.007990070979541596,11.71565771923813,True,True,4685258619.011709,30.340967329133647,154420212.38765466,154420212.38765472,3.8598991578744766e-16,3.469446951953614e-18,1.6940658945086007e-20
0.2,0.9,15,True,True,0.12285616051656709,0.007990070979541596,11.71565771923813,True,True,26029214549.95393,34.71235381224025,749854495.3403742,749854495.3403747,6.359062473669356e-16,1.1102230246251565e-16,1.6940658945086007e-20
0.2,0.9,16,True,True,0.11975115872894856,0.007990070979541596,11.71565771923813,True,True,144606747499.63293,39.5693365505824,3654515342.069958,3654515342.06996,5.219156178811266e-16,1.1102230246251565e-16,1.1858461261560205e-20
0.2,0.9,17,True,True,0.11708796119772488,0.007990070979541596,11.71565771923813,True,True,803370819442.2942,44.96594652806483,17866205016.74266,17866205016.742676,8.540587689551738e-16,8.673617379884035e-19,2.0328790734103208e-20
0.2,0.9,18,True,True,0.11479040269821612,0.007990070979541596,11.71565771923813,True,True,4463171219123.744,50.96216794107295,87578127058.5754,87578127058.57545,6.969223743409979e-16,2.7755575615628914e-17,6.776263578034403e-21
0.2,0.9,19,True,True,0.11279836266782416,0.007990070979541596,11.71565771923813,True,True,24795395661798.465,57.624632544605454,430291605635.9251,430291605635.9255,8.510761834611646e-16,3.469446951953614e-18,3.3881317890172014e-21
0.2,0.9,20,True,True,0.11106373291384733,0.007990070979541596,11.71565771923813,True,True,137752198121102.47,65.02736991970143,2118372591282.79,2118372591282.7915,6.914948560172582e-16,1.0842021724855044e-19,4.235164736271502e-21
0.2,0.9,21,True,True,0.10954755880636971,0.007990070979541596,11.71565771923813,True,True,765289989561680.1,73.25263336201061,10447269325863.791,10447269325863.799,7.478030628213031e-16,1.1102230246251565e-16,4.235164736271502e-21
0.2,0.9,22,True,True,0.10821796602503209,0.007990070979541596,11.71565771923813,True,True,4251611053120444.5,82.39181487860552,51602347385898.52,51602347385898.57,9.083889081528407e-16,8.673617379884035e-19,5.505714157152952e-21
0.2,0.9,23,True,True,0.1070486293935651,0.007990070979541596,11.71565771923813,True,True,2.362006140622469e+16,92.54646098470207,255223821147834.97,255223821147835.2,8.57090842916625e-16,1.1102230246251565e-16,2.117582368135751e-21
0.2,0.9,24,True,True,0.10601762441328298,0.007990070979541596,11.71565771923813,True,True,1.3122256336791491e+17,103.82940109632223,1263828568616900.0,1263828568616901.0,7.912465541860415e-16,1.1102230246251565e-16,2.541098841762901e-21
0.2,0.9,25,True,True,0.10510655396862545,0.007990070979541596,11.71565771923813,True,True,7.290142409328605e+17,116.36600121870232,6264838812865329.0,6264838812865335.0,9.577261569249847e-16,1.1102230246251565e-16,1.6940658945086007e-21
0.2,0.9,26,True,True,0.10429987600909664,0.007990070979541596,11.71565771923813,True,True,4.050079116293669e+18,130.29555690981246,3.108378529819738e+16,3.1083785298197416e+16,1.1581601035600924e-15,1.1102230246251565e-16,2.117582368135751e-21
0.2,0.9,27,True,True,0.10358438006836099,0.007990070979541596,11.71565771923813,True,True,2.2500439534964826e+19,145.7728410109385,1.5435275445634237e+17,1.543527544563425e+17,8.29269295846637e-16,1.1102230246251565e-16,3.5998900258307764e-21
0.2,0.9,28,True,True,0.10294877540276798,0.007990070979541596,11.71565771923813,True,True,1.2500244186091569e+20,162.96982334549597,7.670281484929303e+17,7.67028148492931e+17,8.343891958300124e-16,1.1102230246251565e-16,2.541098841762901e-21
0.2,0.9,29,True,True,0.10238336380976622,0.007990070979541596,11.71565771923813,True,True,6.944580103384205e+20,182.0775814949977,3.814077519244178e+18,3.814077519244181e+18,8.054372215824194e-16,1.1102230246251565e-16,1.2705494208814505e-21
0.2,0.9,30,True,True,0.10187977737761439,0.007990070979541596,11.71565771923813,True,True,3.8581000574356685e+21,203.3084238833313,1.897658731371427e+19,1.897658731371429e+19,1.0792246077459459e-15,1.1102230246251565e-16,1.4823076576950256e-21
0.2,0.9,31,True,True,0.10143076651951066,0.007990070979541596,11.71565771923813,True,True,2.1433889207975934e+22,226.8982487592571,9.44647626201719e+19,9.4464762620172e+19,1.0406420052656563e-15,1.1102230246251565e-16,1.6940658945086007e-21
0.2,0.9,32,True,True,0.10103002731117706,0.007990070979541596,11.71565771923813,True,True,1.1907716226653297e+23,253.1091652880635,4.704577257445864e+20,4.704577257445869e+20,9.751184323180996e-16,1.1102230246251565e-16,2.117582368135751e-21
0.2,0.9,33,True,True,0.10067205981627607,0.007990070979541596,11.71565771923813,True,True,6.615397903696274e+23,282.23240587562617,2.343954048498435e+21,2.343954048498438e+21,1.230222069347842e-15,1.1102230246251565e-16,1.4823076576950256e-21
0.2,0.9,34,True,True,0.10035205104315655,0.007990070979541596,11.71565771923813,True,True,3.675221057609041e+24,314.591562084029,1.168251631818202e+22,1.1682516318182038e+22,1.6156081006816101e-15,1.1102230246251565e-16,1.4823076576950256e-21
0.2,0.9,35,True,True,0.10006577763114437,0.007990070979541596,11.71565771923813,True,True,2.041789476449467e+25,350.54618009336554,5.824594853396065e+22,5.824594853396072e+22,1.1521636386584329e-15,1.1102230246251565e-16,6.352747104407253e-22
0.2,0.9,36,True,True,0.09980952445507028,0.007990070979541596,11.71565771923813,True,True,1.1343274869163703e+26,390.49575565929507,2.904839477707572e+23,2.9048394777075766e+23,1.6171704206207082e-15,1.1102230246251565e-16,1.4823076576950256e-21
0.2,0.9,37,True,True,0.09958001616145516,0.007990070979541596,11.71565771923813,True,True,6.301819371757612e+26,434.8841729547723,1.4490799536208916e+24,1.4490799536208938e+24,1.4819635332294588e-15,1.1102230246251565e-16,1.2705494208814505e-21
0.2,0.9,38,True,True,0.0993743592787427,0.007990070979541596,11.71565771923813,True,True,3.501010762087562e+27,484.20463661641355,7.230436260487649e+24,7.230436260487659e+24,1.3365274331798385e-15,1.1102230246251565e-16,7.411538288475128e-22
0.2,0.9,39,True,True,0.0991899930274228,0.007990070979541596,11.71565771923813,True,True,1.9450059789375342e+28,539.0051517960151,3.6085109250933766e+25,3.6085109250933817e+25,1.428279105200887e-15,1.1102230246251565e-16,1.376428539288238e-21
0.2,0.9,40,True,True,0.09902464733026153,0.007990070979541596,11.71565771923813,True,True,1.080558877187519e+29,599.8946131066833,1.801247841836106e+26,1.8012478418361082e+26,1.3352863664271041e-15,1.1102230246251565e-16,7.411538288475128e-22
0.2,0.9,41,True,True,0.09887630681479587,0.007990070979541596,11.71565771923813,True,True,6.0031048732639936e+29,667.5495701185371,8.992747717893099e+26,8.992747717893111e+26,1.3754979234954032e-15,1.1102230246251565e-16,1.164670302474663e-21
0.2,0.9,42,True,True,0.09874317982943848,0.007990070979541596,11.71565771923813,True,True,3.33505826292444e+30,742.7217445761524,4.4903199445542706e+27,4.4903199445542783e+27,1.7140385294295514e-15,1.1102230246251565e-16,1.0587911840678754e-21
0.2,0.9,43,True,True,0.09862367167560261,0.007990070979541596,11.71565771923813,True,True,1.8528101460691333e+31,826.2463828623914,2.242442671458826e+28,2.2424426714588297e+28,1.5690199146068992e-15,1.1102230246251565e-16,8.999725064576941e-22
0.2,0.9,44,True,True,0.09851636140217694,0.007990070979541596,11.71565771923813,True,True,1.0293389700384072e+32,919.0515365137682,1.1200013591653321e+29,1.120001359165334e+29,1.7278018897476137e-15,1.1102230246251565e-16,6.352747104407253e-22
0.2,0.9,45,True,True,0.09841998162373995,0.007990070979541596,11.71565771923813,True,True,5.718549833546706e+32,1022.1683739041869,5.594528239711255e+29,5.594528239711264e+29,1.635157845510929e-15,1.1102230246251565e-16,1.7999450129153882e-21
0.2,0.9,46,True,True,0.09833340091640819,0.007990070979541596,11.71565771923813,True,True,3.17697212974817e+33,1136.7426376713188,2.7948033481495655e+30,2.79480334814957e+30,1.6114191470223887e-15,1.1102230246251565e-16,6.352747104407253e-22
0.2,0.9,47,True,True,0.0982556084199825,0.007990070979541596,11.71565771923813,True,True,1.7649845165267608e+34,1264.047375190354,1.3962961762101443e+31,1.3962961762101464e+31,1.4514254689269532e-15,1.1102230246251565e-16,1.9058241313221758e-21
0.2,0.9,48,True,True,0.09818570033581046,0.007990070979541596,11.71565771923813,True,True,9.805469536259783e+34,1405.497083544838,6.976513612912787e+31,6.976513612912797e+31,1.4201820178314523e-15,1.1102230246251565e-16,9.529120656610879e-22
0.2,0.9,49,True,True,0.09812286805939568,0.007990070979541596,11.71565771923813,True,True,5.4474830756998775e+35,1562.6634261609313,3.486024555577502e+32,3.486024555577509e+32,1.860337860511471e-15,1.1102230246251565e-16,6.352747104407253e-22
0.3,0.1,2,True,True,0.7147249316083732,0.47177982752123354,2.708089174505304,True,True,24.333333333333332,10.213719540428688,2.3824164386945776,2.3824164386945776,0.0,0.0,0.0
0.3,0.1,3,True,True,0.6668765598956323,0.47177982752123354,2.708089174505304,True,True,802.1111111111111,108.25091829782993,7.409739554395917,7.409739554395916,1.1986634795729128e-16,0.0,1.3877787807814457e-17
0.3,0.1,4,True,True,0.6545472014259348,0.47177982752123354,2.708089174505304,True,True,26728.037037037036,1102.5285852996785,24.2424889417013,24.24248894170129,4.3964714440140054e-16,1.1102230246251565e-16,1.734723475976807e-18
0.3,0.1,5,True,True,0.6509896097769005,0.47177982752123354,2.708089174505304,True,True,890925.5679012346,11085.425929414067,80.36908762677787,80.36908762677785,1.768199084353814e-16,1.1102230246251565e-16,3.469446951953614e-18
0.3,0.1,6,True,True,0.6499347372783759,0.47177982752123354,2.708089174505304,True,True,29697509.930041153,111034.14695480531,267.4628548470684,267.46285484706834,2.12528273854365e-16,1.1102230246251565e-16,1.3877787807814457e-17
0.3,0.1,7,True,True,0.6496194658873701,0.47177982752123354,2.708089174505304,True,True,989916988.6680384,1110880.327074617,891.1103784463243,891.110378446324,2.551577009344953e-16,1.1102230246251565e-16,2.220446049250313e-16
0.3,0.1,8,True,True,0.6495250020145557,0.47177982752123354,2.708089174505304,True,True,32997232946.601284,11110418.880010992,2969.9359945795886,2969.9359945795877,3.0623377184991246e-16,1.0587911840678754e-22,1.734723475976807e-18
0.3,0.1,9,True,True,0.6494966745625389,0.47177982752123354,2.708089174505304,True,True,1099907764877.7097,111109034.5493029,9899.354893500067,9899.354893500062,5.512448305313942e-16,1.0587911840678754e-22,3.469446951953614e-18
0.3,0.1,10,True,True,0.649488177496579,0.47177982752123354,2.708089174505304,True,True,36663592162581.32,1111104881.5663602,32997.41794932579,32997.41794932577,6.615024507696756e-16,1.0842021724855044e-19,1.3877787807814457e-17
0.3,0.1,11,True,True,0.6494856284937154,0.47177982752123354,2.708089174505304,True,True,1222119738752701.8,11111092422.625715,109990.96148854613,109990.96148854606,6.615050469343437e-16,1.0842021724855044e-19,1.734723475976807e-18
0.3,0.1,12,True,True,0.6494848638045476,0.47177982752123354,2.708089174505304,True,True,4.073732462509004e+16,111111055045.8111,366636.1066258802,366636.1066258801,1.5876139818619446e-16,1.1102230246251565e-16,1.3877787807814457e-17
0.3,0.1,13,True,True,0.6494846343989663,0.47177982752123354,2.708089174505304,True,True,1.357910820836335e+18,1111110942915.3733,1222119.9237525277,1222119.9237525268,7.620549804603847e-16,1.1102230246251565e-16,1.734723475976807e-18
0.3,0.1,14,True,True,0.6494845655774087,0.47177982752123354,2.708089174505304,True,True,4.526369402787783e+19,11111110606524.062,4073732.64750875,4073732.647508749,3.4292477754462595e-16,1.1102230246251565e-16,1.3877787807814457e-17
0.3,0.1,15,True,True,0.6494845449309532,0.47177982752123354,2.708089174505304,True,True,1.5087898009292613e+21,111111109597350.08,13579108.393363077,13579108.393363066,8.230194922700572e-16,1.1102230246251565e-16,3.469446951953614e-18
0.3,0.1,16,True,True,0.6494845387370178,0.47177982752123354,2.708089174505304,True,True,5.02929933643087e+22,1111111106569827.2,45263694.21287759,45263694.21287755,8.230195001189423e-16,1.1102230246251565e-16,2.168404344971009e-19
0.3,0.1,17,True,True,0.6494845368788372,0.47177982752123354,2.708089174505304,True,True,1.6764331121436236e+24,1.1111111097487254e+16,150878980.27792597,150878980.27792585,7.900987223746634e-16,1.1102230246251565e-16,1.734723475976807e-18
0.3,0.1,18,True,True,0.649484536321383,0.47177982752123354,2.708089174505304,True,True,5.588110373812079e+25,1.1111111107023946e+17,502929933.82808733,502929933.8280868,1.0666332761212896e-15,1.1102230246251565e-16,1.734723475976807e-18
0.3,0.1,19,True,True,0.6494845361541468,0.47177982752123354,2.708089174505304,True,True,1.8627034579373598e+27,1.1111111109884952e+18,1676433112.3286254,1676433112.3286235,1.1377421614890002e-15,1.1102230246251565e-16,1.734723475976807e-18
0.3,0.1,20,True,True,0.6494845361039759,0.47177982752123354,2.708089174505304,True,True,6.209011526457866e+28,1.1111111110743255e+19,5588110373.997085,5588110373.99708,8.533066211826656e-16,1.1102230246251565e-16,1.734723475976807e-18
0.3,0.1,21,True,True,0.6494845360889246,0.47177982752123354,2.708089174505304,True,True,2.0696705088192888e+30,1.1111111111000746e+20,18627034579.55862,18627034579.558598,1.2287615345315142e-15,1.1102230246251565e-16,1.734723475976807e-18
0.3,0.1,22,True,True,0.6494845360844093,0.47177982752123354,2.708089174505304,True,True,6.898901696064297e+31,1.1111111111077992e+21,62090115264.76375,62090115264.763664,1.3516376879940624e-15,1.1102230246251565e-16,1.734723475976807e-18
0.3,0.1,23,True,True,0.6494845360830547,0.47177982752123354,2.708089174505304,True,True,2.299633898688099e+33,1.1111111111101165e+22,206967050882.11417,206967050882.11386,1.4745138414511436e-15,1.1102230246251565e-16,1.734723475976807e-18
0.3,0.1,24,True,True,0.6494845360826483,0.47177982752123354,2.708089174505304,True,True,7.66544632896033e+34,1.1111111111108118e+23,689890169606.6155,689890169606.6147,1.0616499658454873e-15,1.1102230246251565e-16,1.734723475976807e-18
0.3,0.1,25,True,True,0.6494845360825264,0.47177982752123354,2.708089174505304,True,True,2.55514877632011e+36,1.1111111111110202e+24,2299633898688.287,2299633898688.284,1.2739799590148238e-15,1.1102230246251565e-16,1.734723475976807e-18
0.3,0.1,26,True,True,0.6494845360824898,0.47177982752123354,2.708089174505304,True,True,8.5171625877337e+37,1.1111111111110825e+25,7665446328960.527,7665446328960.516,1.5287759508178747e-15,1.1102230246251565e-16,1.734723475976807e-18
0.3,0.1,27,True,True,0.6494845360824787,0.47177982752123354,2.708089174505304,True,True,2.8390541959112334e+39,1.1111111111111014e+26,25551487763201.324,25551487763201.28,1.6816535458996911e-15,1.1102230246251565e-16,1.734723475976807e-18
0.3,0.1,28,True,True,0.6494845360824755,0.47177982752123354,2.708089174505304,True,True,9.463513986370778e+40,1.1111111111111069e+27,85171625877337.33,85171625877337.19,1.651078026883341e-15,1.1102230246251565e-16,1.734723475976807e-18
0.3,0.1,29,True,True,0.6494845360824746,0.47177982752123354,2.708089174505304,True,True,3.1545046621235926e+42,1.1111111111111088e+28,283905419591123.94,283905419591123.56,1.3208624215066747e-15,1.1102230246251565e-16,1.734723475976807e-18
0.3,0.1,30,True,True,0.6494845360824743,0.47177982752123354,2.708089174505304,True,True,1.0515015540411977e+44,1.1111111111111091e+29,946351398637079.6,946351398637078.1,1.5850349058080105e-15,1.1102230246251565e-16,1.734723475976807e-18
0.3,0.1,31,True,True,0.6494845360824741,0.47177982752123354,2.708089174505304,True,True,3.505005180137326e+45,1.1111111111111092e+30,3154504662123598.5,3154504662123593.5,1.5850349058080105e-15,1.1102230246251565e-16,1.734723475976807e-18
0.3,0.1,32,True,True,0.6494845360824741,0.47177982752123354,2.708089174505304,True,True,1.1683350600457751e+47,1.1111111111111092e+31,1.0515015540411994e+16,1.0515015540411978e+16,1.52163350957569e-15,1.1102230246251565e-16,1.734723475976807e-18
0.3,0.1,33,True,True,0.6494845360824741,0.47177982752123354,2.708089174505304,True,True,3.894450200152585e+48,1.111111111111109e+32,3.5050051801373332e+16,3.5050051801373264e+16,1.9400827247090047e-15,1.1102230246251565e-16,1.734723475976807e-18
0.3,0.1,34,True,True,0.6494845360824741,0.47177982752123354,2.708089174505304,True,True,1.2981500667175282e+50,1.1111111111111091e+33,1.1683350600457774e+17,1.1683350600457755e+17,1.643364190341745e-15,1.1102230246251565e-16,1.734723475976807e-18
0.3,0.1,35,True,True,0.6494845360824741,0.47177982752123354,2.708089174505304,True,True,4.3271668890584275e+51,1.1111111111111092e+34,3.8944502001525914e+17,3.894450200152585e+17,1.6433641903417452e-15,1.1102230246251565e-16,1.734723475976807e-18
0.3,0.1,36,True,True,0.6494845360824741,0.47177982752123354,2.708089174505304,True,True,1.4423889630194759e+53,1.111111111111109e+35,1.298150066717531e+18,1.2981500667175283e+18,1.972037028410094e-15,1.1102230246251565e-16,1.734723475976807e-18
0.3,0.1,37,True,True,0.6494845360824741,0.47177982752123354,2.708089174505304,True,True,4.80796321006492e+54,1.1111111111111088e+36,4.327166889058437e+18,4.327166889058428e+18,2.1297999906829015e-15,1.1102230246251565e-16,1.734723475976807e-18
0.3,0.1,38,True,True,0.6494845360824741,0.47177982752123354,2.708089174505304,True,True,1.6026544033549734e+56,1.1111111111111087e+37,1.4423889630194792e+19,1.442388963019476e+19,2.2717866567284286e-15,1.1102230246251565e-16,1.734723475976807e-18
0.3,0.1,39,True,True,0.6494845360824741,0.47177982752123354,2.708089174505304,True,True,5.3421813445165775e+57,1.1111111111111088e+38,4.8079632100649296e+19,4.80796321006492e+19,2.0446079910555857e-15,1.1102230246251565e-16,1.734723475976807e-18
0.3,0.1,40,True,True,0.6494845360824741,0.47177982752123354,2.708089174505304,True,True,1.7807271148388595e+59,1.1111111111111086e+39,1.6026544033549772e+20,1.6026544033549736e+20,2.2490687901611437e-15,1.1102230246251565e-16,1.734723475976807e-18
0.3,0.1,41,True,True,0.6494845360824741,0.47177982752123354,2.708089174505304,True,True,5.935757049462865e+60,1.1111111111111086e+40,5.342181344516591e+20,5.342181344516579e+20,2.208176630340032e-15,1.1102230246251565e-16,1.734723475976807e-18
0.3,0.1,42,True,True,0.6494845360824741,0.47177982752123354,2.708089174505304,True,True,1.9785856831542882e+62,1.1111111111111085e+41,1.7807271148388635e+21,1.7807271148388598e+21,2.0609648549840293e-15,1.1102230246251565e-16,1.734723475976807e-18
0.3,0.1,43,True,True,0.6494845360824741,0.47177982752123354,2.708089174505304,True,True,6.595285610514295e+63,1.1111111111111085e+42,5.935757049462879e+21,5.935757049462866e+21,2.296503695553633e-15,1.1102230246251565e-16,1.734723475976807e-18
0.3,0.1,44,True,True,0.6494845360824741,0.47177982752123354,2.708089174505304,True,True,2.1984285368380984e+65,1.1111111111111084e+43,1.9785856831542935e+22,1.9785856831542885e+22,2.5438194781517167e-15,1.1102230246251565e-16,1.734723475976807e-18
0.3,0.1,45,True,True,0.6494845360824741,0.47177982752123354,2.708089174505304,True,True,7.328095122793661e+66,1.1111111111111083e+44,6.595285610514312e+22,6.595285610514295e+22,2.5438194781517167e-15,1.1102230246251565e-16,1.734723475976807e-18
0.3,0.1,46,True,True,0.6494845360824741,0.47177982752123354,2.708089174505304,True,True,2.442698374264554e+68,1.1111111111111083e+45,2.198428536838104e+23,2.1984285368380988e+23,2.4420666990256476e-15,1.1102230246251565e-16,1.734723475976807e-18
0.3,0.1,47,True,True,0.6494845360824741,0.47177982752123354,2.708089174505304,True,True,8.14232791421518e+69,1.1111111111111083e+46,7.32809512279368e+23,7.328095122793663e+23,2.3810150315500063e-15,1.1102230246251565e-16,1.734723475976807e-18
0.3,0.1,48,True,True,0.6494845360824741,0.47177982752123354,2.708089174505304,True,True,2.714109304738393e+71,1.1111111111111083e+47,2.44269837426456e+24,2.442698374264554e+24,2.4176460320353914e-15,1.1102230246251565e-16,1.734723475976807e-18
0.3,0.1,49,True,True,0.6494845360824741,0.47177982752123354,2.708089174505304,True,True,9.047031015794645e+72,1.1111111111111081e+48,8.142327914215203e+24,8.142327914215182e+24,2.637432034947699e-15,1.1102230246251565e-16,1.734723475976807e-18
0.3,0.2,2,True,True,0.685142154675438,0.3863827537804119,2.00838307473473,True,True,12.666666666666668,5.546294260349687,2.2838071822514605,2.28380718225146,1.9445127123747082e-16,0.0,0.0
0.3,0.2,3,True,True,0.6188631444554715,0.3863827537804119,2.00838307473473,True,True,207.11111111111111,30.11974483696401,6.87625716061635,6.876257160616351,1.2916596906630433e-16,1.1102230246251565e-16,1.1102230246251565e-16
0.3,0.2,4,True,True,0.602130607963868,0.3863827537804119,2.00838307473473,True,True,3447.8518518518526,154.60433130080335,22.301133628291414,22.301133628291407,3.1861283269416386e-16,1.1102230246251565e-16,2.7755575615628914e-17
0.3,0.2,5,True,True,0.597560998589499,0.3863827537804119,2.00838307473473,True,True,57460.1975308642,778.8788108638436,73.77296278882706,73.77296278882704,1.926295783440359e-16,2.710505431213761e-20,6.938893903907228e-18
0.3,0.2,6,True,True,0.5962702726550649,0.3863827537804119,2.00838307473473,True,True,957665.9588477366,3902.807815049693,245.3787130267758,245.37871302677573,3.4748380264716726e-16,1.1102230246251565e-16,6.938893903907228e-18
0.3,0.2,7,True,True,0.5958985315786328,0.3863827537804119,2.00838307473473,True,True,15961095.314128947,19526.207680316453,817.4191105331043,817.4191105331042,1.3908022978257967e-16,6.938893903907228e-18,1.1102230246251565e-16
0.3,0.2,8,True,True,0.595790072686277,0.3863827537804119,2.00838307473473,True,True,266018251.23548242,97648.80989521732,2724.234443009956,2724.234443009955,3.338533157843951e-16,1.6940658945086007e-21,1.1102230246251565e-16
0.3,0.2,9,True,True,0.5957581458417107,0.3863827537804119,2.00838307473473,True,True,4433637516.591374,488270.21416984167,9080.294861175296,9080.29486117529,6.009681727374277e-16,2.710505431213761e-20,1.1102230246251565e-16
0.3,0.2,10,True,True,0.5957486898431938,0.3863827537804119,2.00838307473473,True,True,73893958605.85625,2441389.8209694633,30267.16912275539,30267.169122755375,4.807821692655913e-16,6.938893903907228e-18,1.1102230246251565e-16
0.3,0.2,11,True,True,0.5957458774481018,0.3863827537804119,2.00838307473473,True,True,1231565976760.2708,12207006.731331073,100890.08746093963,100890.08746093957,5.769413267284855e-16,1.6940658945086007e-21,1.1102230246251565e-16
0.3,0.2,12,True,True,0.5957450386100795,0.3863827537804119,2.00838307473473,True,True,20526099612667.176,61035119.59694277,336299.81800994655,336299.81800994644,3.461652834539795e-16,6.938893903907228e-18,1.1102230246251565e-16
0.3,0.2,13,True,True,0.595744787934751,0.3863827537804119,2.00838307473473,True,True,342101660211115.75,305175726.3953903,1120998.9216766332,1120998.9216766325,6.230977724018707e-16,1.1102230246251565e-16,1.1102230246251565e-16
0.3,0.2,14,True,True,0.5957447129273664,0.3863827537804119,2.00838307473473,True,True,5701694336851923.0,1525878824.093074,3736662.6017900202,3736662.601790018,6.23097850853149e-16,1.1102230246251565e-16,2.7755575615628914e-17
0.3,0.2,15,True,True,0.5957446904641939,0.3863827537804119,2.00838307473473,True,True,9.502823894753206e+16,7629394408.139602,12455541.536317604,12455541.53631759,1.0468044289041375e-15,6.938893903907228e-18,6.938893903907228e-18
0.3,0.2,16,True,True,0.5957446837330507,0.3863827537804119,2.00838307473473,True,True,1.5838039824588677e+18,38146972471.70937,41518471.318620406,41518471.31862037,8.972609491985754e-16,1.6940658945086007e-21,8.673617379884035e-19
0.3,0.2,17,True,True,0.5957446817152695,0.3863827537804119,2.00838307473473,True,True,2.639673304098113e+19,190734863004.56396,138394903.9266592,138394903.9266591,6.460278856110641e-16,1.6940658945086007e-21,6.938893903907228e-18
0.3,0.2,18,True,True,0.5957446811102475,0.3863827537804119,2.00838307473473,True,True,4.399455506830189e+20,953674315991.3451,461316345.9536972,461316345.9536967,1.0336446180274438e-15,4.336808689942018e-19,1.1102230246251565e-16
0.3,0.2,19,True,True,0.5957446809288032,0.3863827537804119,2.00838307473473,True,True,7.332425844716982e+21,4768371581409.015,1537721152.7106514,1537721152.7106497,1.085326849259371e-15,4.336808689942018e-19,1.1102230246251565e-16
0.3,0.2,20,True,True,0.5957446808743825,0.3863827537804119,2.00838307473473,True,True,1.222070974119497e+23,23841857909223.004,5125737175.23394,5125737175.233935,9.302801565930123e-16,4.336808689942018e-19,6.938893903907228e-18
0.3,0.2,21,True,True,0.5957446808580588,0.3863827537804119,2.00838307473473,True,True,2.0367849568658285e+24,119209289549381.4,17085790583.644978,17085790583.644957,1.2279698067364234e-15,4.336808689942018e-19,2.7755575615628914e-17
0.3,0.2,22,True,True,0.5957446808531621,0.3863827537804119,2.00838307473473,True,True,3.394641594776381e+25,596046447751806.2,56952635278.34847,56952635278.34841,1.0716827404333235e-15,4.336808689942018e-19,1.1102230246251565e-16
0.3,0.2,23,True,True,0.5957446808516933,0.3863827537804119,2.00838307473473,True,True,5.657735991293969e+26,2980232238766378.5,189842117594.0269,189842117594.02664,1.2860192885231588e-15,4.336808689942018e-19,1.1102230246251565e-16
0.3,0.2,24,True,True,0.5957446808512527,0.3863827537804119,2.00838307473473,True,True,9.429559985489948e+27,1.4901161193842914e+16,632807058646.2883,632807058646.2875,1.3503202529503155e-15,4.336808689942018e-19,6.938893903907228e-18
0.3,0.2,25,True,True,0.5957446808511204,0.3863827537804119,2.00838307473473,True,True,1.5715933309149913e+29,7.45058059692311e+16,2109356862153.8262,2109356862153.8232,1.3889008316063472e-15,4.336808689942018e-19,2.7755575615628914e-17
0.3,0.2,26,True,True,0.5957446808510809,0.3863827537804119,2.00838307473473,True,True,2.619322218191652e+30,3.725290298461803e+17,7031189540512.285,7031189540512.278,9.722305821245075e-16,4.336808689942018e-19,2.7755575615628914e-17
0.3,0.2,27,True,True,0.5957446808510689,0.3863827537804119,2.00838307473473,True,True,4.365537030319421e+31,1.8626451492309384e+18,23437298468373.824,23437298468373.79,1.5000128981349845e-15,4.336808689942018e-19,2.7755575615628914e-17
0.3,0.2,28,True,True,0.5957446808510654,0.3863827537804119,2.00838307473473,True,True,7.275895050532367e+32,9.313225746154746e+18,78124328227912.3,78124328227912.17,1.6000137580106595e-15,4.336808689942018e-19,2.7755575615628914e-17
0.3,0.2,29,True,True,0.5957446808510644,0.3863827537804119,2.00838307473473,True,True,1.212649175088728e+34,4.6566128730773815e+19,260414427426373.84,260414427426373.47,1.440012382209596e-15,4.336808689942018e-19,2.7755575615628914e-17
0.3,0.2,30,True,True,0.595744680851064,0.3863827537804119,2.00838307473473,True,True,2.0210819584812134e+35,2.328306436538692e+20,868048091421245.8,868048091421244.5,1.4400123822095967e-15,4.336808689942018e-19,2.7755575615628914e-17
0.3,0.2,31,True,True,0.5957446808510639,0.3863827537804119,2.00838307473473,True,True,3.368469930802023e+36,1.1641532182693461e+21,2893493638070819.0,2893493638070815.0,1.3824118869212127e-15,4.336808689942018e-19,2.7755575615628914e-17
0.3,0.2,32,True,True,0.5957446808510638,0.3863827537804119,2.00838307473473,True,True,5.614116551336704e+37,5.820766091346732e+21,9644978793569394.0,9644978793569380.0,1.451532481267274e-15,4.336808689942018e-19,2.7755575615628914e-17
0.3,0.2,33,True,True,0.5957446808510638,0.3863827537804119,2.00838307473473,True,True,9.356860918894509e+38,2.9103830456733648e+22,3.2149929311898e+16,3.2149929311897936e+16,1.990673117166547e-15,4.336808689942018e-19,2.7755575615628914e-17
0.3,0.2,34,True,True,0.5957446808510638,0.3863827537804119,2.00838307473473,True,True,1.5594768198157514e+40,1.4551915228366826e+23,1.0716643103965998e+17,1.0716643103965979e+17,1.791605805449892e-15,4.336808689942018e-19,2.7755575615628914e-17
0.3,0.2,35,True,True,0.5957446808510638,0.3863827537804119,2.00838307473473,True,True,2.5991280330262522e+41,7.275957614183412e+23,3.572214367988666e+17,3.57221436798866e+17,1.791605805449892e-15,4.336808689942018e-19,2.7755575615628914e-17
0.3,0.2,36,True,True,0.5957446808510638,0.3863827537804119,2.00838307473473,True,True,4.331880055043754e+42,3.637978807091706e+24,1.1907381226628887e+18,1.1907381226628867e+18,1.7199415732318963e-15,4.336808689942018e-19,2.7755575615628914e-17
0.3,0.2,37,True,True,0.5957446808510638,0.3863827537804119,2.00838307473473,True,True,7.219800091739591e+43,1.8189894035458527e+25,3.9691270755429637e+18,3.9691270755429555e+18,2.0639298878782754e-15,4.336808689942018e-19,2.7755575615628914e-17
0.3,0.2,38,True,True,0.5957446808510638,0.3863827537804119,2.00838307473473,True,True,1.2033000152899319e+45,9.094947017729263e+25,1.3230423585143214e+19,1.3230423585143185e+19,2.1671263822721892e-15,4.336808689942018e-19,2.7755575615628914e-17
0.3,0.2,39,True,True,0.5957446808510638,0.3863827537804119,2.00838307473473,True,True,2.0055000254832195e+46,4.547473508864632e+26,4.410141195047737e+19,4.410141195047729e+19,1.8575368990904477e-15,4.336808689942018e-19,2.7755575615628914e-17
0.3,0.2,40,True,True,0.5957446808510638,0.3863827537804119,2.00838307473473,True,True,3.342500042472033e+47,2.2737367544323157e+27,1.4700470650159129e+20,1.4700470650159097e+20,2.1175920649631103e-15,4.336808689942018e-19,2.7755575615628914e-17
0.3,0.2,41,True,True,0.5957446808510638,0.3863827537804119,2.00838307473473,True,True,5.570833404120055e+48,1.1368683772161577e+28,4.900156883386377e+20,4.900156883386366e+20,2.273625164486708e-15,4.336808689942018e-19,2.7755575615628914e-17
0.3,0.2,42,True,True,0.5957446808510638,0.3863827537804119,2.00838307473473,True,True,9.284722340200092e+49,5.684341886080788e+28,1.6333856277954591e+21,1.6333856277954555e+21,2.246876633139805e-15,4.336808689942018e-19,2.7755575615628914e-17
0.3,0.2,43,True,True,0.5957446808510638,0.3863827537804119,2.00838307473473,True,True,1.547453723366682e+51,2.842170943040394e+29,5.444618759318198e+21,5.444618759318184e+21,2.503662534070069e-15,4.336808689942018e-19,2.7755575615628914e-17
0.3,0.2,44,True,True,0.5957446808510638,0.3863827537804119,2.00838307473473,True,True,2.5790895389444705e+52,1.4210854715201968e+30,1.8148729197727329e+22,1.8148729197727282e+22,2.542180419209608e-15,4.336808689942018e-19,2.7755575615628914e-17
0.3,0.2,45,True,True,0.5957446808510638,0.3863827537804119,2.00838307473473,True,True,4.298482564907451e+53,7.105427357600984e+30,6.049576399242443e+22,6.049576399242428e+22,2.4959589570421607e-15,4.336808689942018e-19,2.7755575615628914e-17
0.3,0.2,46,True,True,0.5957446808510638,0.3863827537804119,2.00838307473473,True,True,7.164137608179084e+54,3.552713678800492e+31,2.0165254664141475e+23,2.0165254664141428e+23,2.3295616932393497e-15,4.336808689942018e-19,2.7755575615628914e-17
0.3,0.2,47,True,True,0.5957446808510638,0.3863827537804119,2.00838307473473,True,True,1.1940229346965142e+56,1.776356839400246e+32,6.721751554713826e+23,6.721751554713809e+23,2.595797315323847e-15,4.336808689942018e-19,2.7755575615628914e-17
0.3,0.2,48,True,True,0.5957446808510638,0.3863827537804119,2.00838307473473,True,True,1.99003822449419e+57,8.881784197001228e+32,2.2405838515712755e+24,2.2405838515712696e+24,2.6357326586365216e-15,4.336808689942018e-19,2.7755575615628914e-17
0.3,0.2,49,True,True,0.5957446808510638,0.3863827537804119,2.00838307473473,True,True,3.3167303741569836e+58,4.4408920985006144e+33,7.468612838570918e+24,7.4686128385709e+24,2.444043010735683e-15,4.336808689942018e-19,2.7755575615628914e-17
0.3,0.3,2,True,True,0.6620761312839847,0.3056780051837109,1.9411354658242153,True,True,8.777777777777777,3.9773875071231286,2.2069204376132823,2.2069204376132823,0.0,0.0,0.0
0.3,0.3,3,True,True,0.5739247917465846,0.3056780051837109,1.9411354658242153,True,True,95.19753086419753,14.928398112414815,6.376942130517605,6.376942130517608,4.178390213624377e-16,0.0,2.220446049250313e-16
0.3,0.3,4,True,True,0.5489543439689853,0.3056780051837109,1.9411354658242153,True,True,1055.4170096021949,51.91007152476279,20.331642369221676,20.33164236922168,1.7473815515162946e-16,1.3877787807814457e-17,1.1102230246251565e-16
0.3,0.3,5,True,True,0.5415962864600039,0.3056780051837109,1.9411354658242153,True,True,11724.52232891328,175.34948676427243,66.86373906913629,66.8637390691363,2.125345503114648e-16,1.1102230246251565e-16,1.1102230246251565e-16
0.3,0.3,6,True,True,0.5394007866378431,0.3056780051837109,1.9411354658242153,True,True,130270.13698792529,586.8668357971757,221.9756323612523,221.97563236125234,1.2803977233027697e-16,8.673617379884035e-19,2.7755575615628914e-17
0.3,0.3,7,True,True,0.5387432071181895,0.3056780051837109,1.9411354658242153,True,True,1447443.63319917,1958.6073562700312,739.0167450180926,739.0167450180927,1.538352662345056e-16,1.0842021724855044e-19,2.7755575615628914e-17
0.3,0.3,8,True,True,0.5385460295386308,0.3056780051837109,1.9411354658242153,True,True,16082704.702213002,6531.080586346952,2462.4875607619147,2462.4875607619156,3.693398156665297e-16,8.673617379884035e-19,3.469446951953614e-18
0.3,0.3,9,True,True,0.5384868849279226,0.3056780051837109,1.9411354658242153,True,True,178696716.5801445,21772.65947042071,8207.390411948218,8207.390411948221,4.4325645844696103e-16,6.776263578034403e-21,1.1102230246251565e-16
0.3,0.3,10,True,True,0.5384691423243481,0.3056780051837109,1.9411354658242153,True,True,1985519070.779383,72577.92285265267,27357.066622178947,27357.066622178947,0.0,1.3877787807814457e-17,2.220446049250313e-16
0.3,0.3,11,True,True,0.5384638196134418,0.3056780051837109,1.9411354658242153,True,True,22061323006.326477,241928.80092403755,91189.32066816403,91189.32066816407,4.787374811570628e-16,1.3877787807814457e-17,2.7755575615628914e-17
0.3,0.3,12,True,True,0.5384622228064848,0.3056780051837109,1.9411354658242153,True,True,245125811179.072,806431.7278678385,303963.5008250125,303963.50082501257,1.9149556034024204e-16,1.0842021724855044e-19,1.1102230246251565e-16
0.3,0.3,13,True,True,0.5384617437649661,0.3056780051837109,1.9411354658242153,True,True,2723620124209.578,2688108.151025598,1013210.7680155768,1013210.7680155772,4.595897536894121e-16,1.1102230246251565e-16,2.220446049250313e-16
0.3,0.3,14,True,True,0.5384616000525617,0.3056780051837109,1.9411354658242153,True,True,30262445824548.53,8960362.89488832,3377368.325317779,3377368.3253177805,4.1363088871622375e-16,1.0842021724855044e-19,1.1102230246251565e-16
0.3,0.3,15,True,True,0.538461556938845,0.3056780051837109,1.9411354658242153,True,True,336249398050536.94,29867878.70776513,11257893.516325213,11257893.51632522,6.618094749359321e-16,1.3877787807814457e-17,1.734723475976807e-18
0.3,0.3,16,True,True,0.5384615440047305,0.3056780051837109,1.9411354658242153,True,True,3736104422783742.0,99559598.08402145,37526310.81968337,37526310.81968339,3.970856944997552e-16,1.0842021724855044e-19,2.7755575615628914e-17
0.3,0.3,17,True,True,0.538461540124496,0.3056780051837109,1.9411354658242153,True,True,4.1512271364263784e+16,331865329.33820933,125087701.83087717,125087701.83087727,8.338799644585496e-16,1.1102230246251565e-16,2.7755575615628914e-17
0.3,0.3,18,True,True,0.5384615389604258,0.3056780051837109,1.9411354658242153,True,True,4.612474596029311e+17,1106217766.8521688,416959005.2015234,416959005.20152366,5.718034054362985e-16,1.1102230246251565e-16,1.1102230246251565e-16
0.3,0.3,19,True,True,0.5384615386112047,0.3056780051837109,1.9411354658242153,True,True,5.124971773365901e+18,3687392558.565368,1389863349.7703438,1389863349.770345,8.577051087107152e-16,1.1102230246251565e-16,2.7755575615628914e-17
0.3,0.3,20,True,True,0.5384615385064384,0.3056780051837109,1.9411354658242153,True,True,5.694413081517669e+19,12291308530.9427,4632877831.666412,4632877831.666416,8.233969045224916e-16,1.1102230246251565e-16,1.1102230246251565e-16
0.3,0.3,21,True,True,0.5384615384750083,0.3056780051837109,1.9411354658242153,True,True,6.327125646130744e+20,40971028438.86714,15442926104.653307,15442926104.653315,4.94038142742332e-16,1.1102230246251565e-16,1.1102230246251565e-16
0.3,0.3,22,True,True,0.5384615384655795,0.3056780051837109,1.9411354658242153,True,True,7.030139606811936e+21,136570094798.61525,51476420347.94295,51476420347.94301,1.185691542602359e-15,1.1102230246251565e-16,1.1102230246251565e-16
0.3,0.3,23,True,True,0.5384615384627508,0.3056780051837109,1.9411354658242153,True,True,7.811266229791041e+22,455233649331.10895,171588067825.57513,171588067825.57526,7.114149255651527e-16,1.1102230246251565e-16,3.469446951953614e-18
0.3,0.3,24,True,True,0.5384615384619021,0.3056780051837109,1.9411354658242153,True,True,8.679184699767823e+23,1517445497772.755,571960226084.3489,571960226084.3495,1.0671223883494107e-15,1.1102230246251565e-16,1.3877787807814457e-17
0.3,0.3,25,True,True,0.5384615384616476,0.3056780051837109,1.9411354658242153,True,True,9.643538555297583e+24,5058151659244.908,1906534086946.9285,1906534086946.9302,8.963828062139288e-16,1.1102230246251565e-16,2.7755575615628914e-17
0.3,0.3,26,True,True,0.5384615384615713,0.3056780051837109,1.9411354658242153,True,True,1.0715042839219537e+26,16860505530818.746,6355113623155.53,6355113623155.534,6.146624956896382e-16,1.1102230246251565e-16,1.1102230246251565e-16
0.3,0.3,27,True,True,0.5384615384615483,0.3056780051837109,1.9411354658242153,True,True,1.1905603154688374e+27,56201685102731.58,21183712077184.184,21183712077184.21,1.2907912409482954e-15,1.1102230246251565e-16,1.1102230246251565e-16
0.3,0.3,28,True,True,0.5384615384615415,0.3056780051837109,1.9411354658242153,True,True,1.322844794965375e+28,187338950342440.94,70612373590613.08,70612373590613.14,8.851139937931281e-16,1.1102230246251565e-16,1.3877787807814457e-17
0.3,0.3,29,True,True,0.5384615384615394,0.3056780051837109,1.9411354658242153,True,True,1.4698275499615277e+29,624463167808138.9,235374578635376.0,235374578635376.25,1.0621367925517577e-15,1.1102230246251565e-16,2.7755575615628914e-17
0.3,0.3,30,True,True,0.5384615384615389,0.3056780051837109,1.9411354658242153,True,True,1.6331417221794752e+30,2081543892693798.8,784581928784585.6,784581928784586.8,1.4338846699448743e-15,1.1102230246251565e-16,1.1102230246251565e-16
0.3,0.3,31,True,True,0.5384615384615387,0.3056780051837109,1.9411354658242153,True,True,1.8146019135327505e+31,6938479642312664.0,2615273095948618.5,2615273095948621.5,1.1471077359558999e-15,1.1102230246251565e-16,1.1102230246251565e-16
0.3,0.3,32,True,True,0.5384615384615385,0.3056780051837109,1.9411354658242153,True,True,2.0162243483697227e+32,2.312826547437555e+16,8717576986495393.0,8717576986495404.0,1.26181850955149e-15,1.1102230246251565e-16,1.1102230246251565e-16
0.3,0.3,33,True,True,0.5384615384615385,0.3056780051837109,1.9411354658242153,True,True,2.240249275966359e+33,7.709421824791851e+16,2.905858995498465e+16,2.905858995498468e+16,1.101223426517664e-15,1.1102230246251565e-16,1.1102230246251565e-16
0.3,0.3,34,True,True,0.5384615384615385,0.3056780051837109,1.9411354658242153,True,True,2.489165862184843e+34,2.5698072749306173e+17,9.686196651661547e+16,9.68619665166156e+16,1.3214681118211967e-15,1.1102230246251565e-16,1.1102230246251565e-16
0.3,0.3,35,True,True,0.5384615384615385,0.3056780051837109,1.9411354658242153,True,True,2.7657398468720484e+35,8.566024249768724e+17,3.2287322172205165e+17,3.2287322172205203e+17,1.189321300639077e-15,1.1102230246251565e-16,1.1102230246251565e-16
0.3,0.3,36,True,True,0.5384615384615385,0.3056780051837109,1.9411354658242153,True,True,3.073044274302276e+36,2.8553414165895747e+18,1.0762440724068389e+18,1.07624407240684e+18,1.0703891705751693e-15,1.1102230246251565e-16,1.1102230246251565e-16
0.3,0.3,37,True,True,0.5384615384615385,0.3056780051837109,1.9411354658242153,True,True,3.41449363811364e+37,9.51780472196525e+18,3.587480241356129e+18,3.5874802413561334e+18,1.2844670046902032e-15,1.1102230246251565e-16,1.1102230246251565e-16
0.3,0.3,38,True,True,0.5384615384615385,0.3056780051837109,1.9411354658242153,True,True,3.793881820126267e+38,3.1726015739884167e+19,1.1958267471187098e+19,1.1958267471187112e+19,1.1988358710441897e-15,1.1102230246251565e-16,1.1102230246251565e-16
0.3,0.3,39,True,True,0.5384615384615385,0.3056780051837109,1.9411354658242153,True,True,4.215424244584741e+39,1.057533857996139e+20,3.986089157062365e+19,3.986089157062371e+19,1.4386030452530275e-15,1.1102230246251565e-16,1.1102230246251565e-16
0.3,0.3,40,True,True,0.5384615384615385,0.3056780051837109,1.9411354658242153,True,True,4.683804716205267e+40,3.5251128599871304e+20,1.3286963856874548e+20,1.3286963856874571e+20,1.7263236543036328e-15,1.1102230246251565e-16,1.1102230246251565e-16
0.3,0.3,41,True,True,0.5384615384615385,0.3056780051837109,1.9411354658242153,True,True,5.2042274624502985e+41,1.17503761999571e+21,4.4289879522915176e+20,4.428987952291524e+20,1.4797059894031136e-15,1.1102230246251565e-16,1.1102230246251565e-16
0.3,0.3,42,True,True,0.5384615384615385,0.3056780051837109,1.9411354658242153,True,True,5.782474958278109e+42,3.916792066652367e+21,1.4763293174305058e+21,1.476329317430508e+21,1.5980824685553626e-15,1.1102230246251565e-16,1.1102230246251565e-16
0.3,0.3,43,True,True,0.5384615384615385,0.3056780051837109,1.9411354658242153,True,True,6.424972175864565e+43,1.305597355550789e+22,4.921097724768352e+21,4.92109772476836e+21,1.704621299792387e-15,1.1102230246251565e-16,1.1102230246251565e-16
0.3,0.3,44,True,True,0.5384615384615385,0.3056780051837109,1.9411354658242153,True,True,7.13885797318285e+44,4.351991185169297e+22,1.6403659082561174e+22,1.64036590825612e+22,1.5341591698131483e-15,1.1102230246251565e-16,1.1102230246251565e-16
0.3,0.3,45,True,True,0.5384615384615385,0.3056780051837109,1.9411354658242153,True,True,7.932064414647612e+45,1.4506637283897657e+23,5.467886360853724e+22,5.467886360853734e+22,1.687575086794463e-15,1.1102230246251565e-16,1.1102230246251565e-16
0.3,0.3,46,True,True,0.5384615384615385,0.3056780051837109,1.9411354658242153,True,True,8.813404905164014e+46,4.8355457612992194e+23,1.8226287869512413e+23,1.8226287869512447e+23,1.8409910037757776e-15,1.1102230246251565e-16,1.1102230246251565e-16
0.3,0.3,47,True,True,0.5384615384615385,0.3056780051837109,1.9411354658242153,True,True,9.792672116848905e+47,1.61184858709974e+24,6.075429289837472e+23,6.075429289837483e+23,1.7673513636247464e-15,1.1102230246251565e-16,1.1102230246251565e-16
0.3,0.3,48,True,True,0.5384615384615385,0.3056780051837109,1.9411354658242153,True,True,1.0880746796498783e+49,5.3728286236658e+24,2.0251430966124903e+24,2.025143096612494e+24,1.8557189318059837e-15,1.1102230246251565e-16,1.1102230246251565e-16
0.3,0.3,49,True,True,0.5384615384615385,0.3056780051837109,1.9411354658242153,True,True,1.2089718662776427e+50,1.7909428745552665e+25,6.750476988708303e+24,6.750476988708315e+24,1.7496778499884989e-15,1.1102230246251565e-16,1.1102230246251565e-16
0.3,0.4,2,True,True,0.644620810707179,0.23125566756394542,2.096028687051745,True,True,6.833333333333333,3.1801641615495697,2.1487360356905967,2.1487360356905967,0.0,0.0,1.1102230246251565e-16
0.3,0.4,3,True,True,0.5335224106550016,0.23125566756394542,2.096028687051745,True,True,55.44444444444444,9.3529341979727,5.928026785055574,5.928026785055574,0.0,0.0,1.1102230246251565e-16
0.3,0.4,4,True,True,0.49694849693135745,0.23125566756394542,2.096028687051745,True,True,460.53703703703707,25.021707635263358,18.40549988634658,18.405499886346572,3.8604913756631494e-16,1.3877787807814457e-17,1.1102230246251565e-16
0.3,0.4,5,True,True,0.48435679879748594,0.23125566756394542,2.096028687051745,True,True,3836.308641975309,64.15539139152739,59.79713565401063,59.797135654010624,1.1882554707491975e-16,0.0,1.1102230246251565e-16
0.3,0.4,6,True,True,0.47988014397451706,0.23125566756394542,2.096028687051745,True,True,31967.738683127576,161.87709780324872,197.48154073025404,197.48154073025395,4.3176252309920073e-16,1.734723475976807e-18,1.1102230246251565e-16
0.3,0.4,7,True,True,0.4782493846945554,0.23125566756394542,2.096028687051745,True,True,266396.32235939644,406.0704001198703,656.0348212545344,656.0348212545343,1.7329390763772702e-16,1.1102230246251565e-16,5.551115123125783e-17
0.3,0.4,8,True,True,0.47764374938718906,0.23125566756394542,2.096028687051745,True,True,2219967.8529949705,1016.4625205980382,2184.0134859953782,2184.0134859953782,0.0,1.3877787807814457e-17,5.551115123125783e-17
0.3,0.4,9,True,True,0.47741528472657974,0.23125566756394542,2.096028687051745,True,True,18499730.60829142,2542.3721528001247,7276.5627911382435,7276.562791138239,6.249480200188448e-16,1.1102230246251565e-16,1.1102230246251565e-16
0.3,0.4,10,True,True,0.4773280014537119,0.23125566756394542,2.096028687051745,True,True,154164420.23576188,6357.092553252935,24250.774854123476,24250.774854123458,7.500747561625093e-16,2.710505431213761e-20,4.163336342344337e-17
0.3,0.4,11,True,True,0.4772943133739344,0.23125566756394542,2.096028687051745,True,True,1284703500.4646823,15893.853095104107,80830.21107452028,80830.21107452025,3.6006129477877825e-16,1.3877787807814457e-17,1.1102230246251565e-16
0.3,0.4,12,True,True,0.47728120481417524,0.23125566756394542,2.096028687051745,True,True,10705862502.37235,39735.724046500865,269426.63709471555,269426.6370947154,6.481281309947632e-16,2.168404344971009e-19,1.1102230246251565e-16
0.3,0.4,13,True,True,0.4772760712473251,0.23125566756394542,2.096028687051745,True,True,89215520851.60294,99340.37860516855,898079.1306040097,898079.1306040093,5.185080817929213e-16,1.1102230246251565e-16,1.1102230246251565e-16
0.3,0.4,14,True,True,0.4772740507544277,0.23125566756394542,2.096028687051745,True,True,743462673761.8578,248351.99788180165,2993584.4289672053,2993584.428967204,4.666592491614415e-16,1.734723475976807e-18,2.7755575615628914e-17
0.3,0.4,15,True,True,0.4772732524336809,0.23125566756394542,2.096028687051745,True,True,6195522281347.314,620881.0332318187,9978598.072320385,9978598.072320376,9.333200594569225e-16,2.220446049250313e-16,2.7755575615628914e-17
0.3,0.4,16,True,True,0.4772729360677056,0.23125566756394542,2.096028687051745,True,True,51629352344559.47,1552203.6119752284,33261971.526312504,33261971.52631248,6.719908882457474e-16,1.1102230246251565e-16,2.7755575615628914e-17
0.3,0.4,17,True,True,0.47727281040991604,0.23125566756394542,2.096028687051745,True,True,430244602871327.44,3880510.0516098905,110873209.23001699,110873209.23001692,6.719910651694853e-16,1.1102230246251565e-16,5.551115123125783e-17
0.3,0.4,18,True,True,0.4772727604133649,0.23125566756394542,2.096028687051745,True,True,3585371690594393.5,9701276.145278605,369577325.38510555,369577325.3851052,9.676672352117112e-16,1.734723475976807e-18,1.1102230246251565e-16
0.3,0.4,19,True,True,0.47727274049471136,0.23125566756394542,2.096028687051745,True,True,2.9878097421619944e+16,24253191.37538693,1231924366.5368254,1231924366.5368242,9.67667275596646e-16,1.1102230246251565e-16,2.7755575615628914e-17
0.3,0.4,20,True,True,0.4772727325512398,0.23125566756394542,2.096028687051745,True,True,2.4898414518016627e+17,60632979.44761014,4106414486.77779,4106414486.7777863,9.28960600033902e-16,1.1102230246251565e-16,1.1102230246251565e-16
0.3,0.4,21,True,True,0.4772727293810479,0.23125566756394542,2.096028687051745,True,True,2.0748678765013857e+18,151582449.62588242,13688048198.33909,13688048198.339071,1.393440909306515e-15,1.1102230246251565e-16,2.7755575615628914e-17
0.3,0.4,22,True,True,0.4772727281151303,0.23125566756394542,2.096028687051745,True,True,1.7290565637511549e+19,378956125.0698489,45626827206.77642,45626827206.77636,1.3377032764823771e-15,1.1102230246251565e-16,2.7755575615628914e-17
0.3,0.4,23,True,True,0.4772727276094109,0.23125566756394542,2.096028687051745,True,True,1.440880469792629e+20,947390313.6784794,152089423861.43372,152089423861.43353,1.2039329501098296e-15,1.1102230246251565e-16,2.7755575615628914e-17
0.3,0.4,24,True,True,0.4772727274073174,0.23125566756394542,2.096028687051745,True,True,1.200733724827191e+21,2368475785.1990914,506964745990.1131,506964745990.1124,1.3243262456815773e-15,1.1102230246251565e-16,4.163336342344337e-17
0.3,0.4,25,True,True,0.47727272732653836,0.23125566756394542,2.096028687051745,True,True,1.0006114373559925e+22,5921189463.999897,1689882486347.6956,1689882486347.693,1.4447195409880595e-15,1.1102230246251565e-16,6.938893903907228e-18
0.3,0.4,26,True,True,0.47727272729424425,0.23125566756394542,2.096028687051745,True,True,8.33842864463327e+22,14802973661.001371,5632941620777.838,5632941620777.831,1.2135644145120843e-15,1.1102230246251565e-16,2.7755575615628914e-17
0.3,0.4,27,True,True,0.4772727272813319,0.23125566756394542,2.096028687051745,True,True,6.948690537194393e+23,37007434153.50465,18776472068751.473,18776472068751.45,1.2482376835319142e-15,1.1102230246251565e-16,1.1102230246251565e-16
0.3,0.4,28,True,True,0.47727272727616843,0.23125566756394542,2.096028687051745,True,True,5.790575447661994e+24,92518585384.76251,62588240228494.47,62588240228494.375,1.4978852202545023e-15,1.1102230246251565e-16,1.1102230246251565e-16
0.3,0.4,29,True,True,0.4772727272741036,0.23125566756394542,2.096028687051745,True,True,4.825479539718329e+25,231296463462.90698,208627467427412.3,208627467427412.0,1.4978852202609826e-15,1.1102230246251565e-16,1.1102230246251565e-16
0.3,0.4,30,True,True,0.4772727272732777,0.23125566756394542,2.096028687051745,True,True,4.021232949765274e+26,578241158658.268,695424891423504.5,695424891423503.4,1.6177160378846603e-15,1.1102230246251565e-16,2.7755575615628914e-17
0.3,0.4,31,True,True,0.47727272727294745,0.23125566756394542,2.096028687051745,True,True,3.3510274581377283e+27,1445602896646.67,2318082971410078.0,2318082971410074.0,1.7255637737448317e-15,1.1102230246251565e-16,2.7755575615628914e-17
0.3,0.4,32,True,True,0.4772727272728154,0.23125566756394542,2.096028687051745,True,True,2.7925228817814403e+28,3614007241617.6753,7726943238031454.0,7726943238031442.0,1.5530073963707782e-15,1.1102230246251565e-16,1.1102230246251565e-16
0.3,0.4,33,True,True,0.47727272727276254,0.23125566756394542,2.096028687051745,True,True,2.327102401484534e+29,9035018104045.188,2.5756477460102e+16,2.5756477460101956e+16,1.708308136008045e-15,1.1102230246251565e-16,5.551115123125783e-17
0.3,0.4,34,True,True,0.4772727272727414,0.23125566756394542,2.096028687051745,True,True,1.9392520012371118e+30,22587545260113.97,8.585492486700288e+16,8.585492486700272e+16,1.8636088756452225e-15,1.1102230246251565e-16,1.1102230246251565e-16
0.3,0.4,35,True,True,0.47727272727273296,0.23125566756394542,2.096028687051745,True,True,1.6160433343642596e+31,56468863150285.914,2.8618308289000454e+17,2.8618308289000403e+17,1.789064520619445e-15,1.1102230246251565e-16,2.7755575615628914e-17
0.3,0.4,36,True,True,0.4772727272727295,0.23125566756394542,2.096028687051745,True,True,1.3467027786368831e+32,141172157875715.8,9.539436096333416e+17,9.539436096333399e+17,1.7443379076039715e-15,1.1102230246251565e-16,1.1102230246251565e-16
0.3,0.4,37,True,True,0.47727272727272824,0.23125566756394542,2.096028687051745,True,True,1.1222523155307361e+33,352930394689290.5,3.17981203211113e+18,3.179812032111124e+18,1.9321896822690203e-15,1.1102230246251565e-16,1.1102230246251565e-16
0.3,0.4,38,True,True,0.4772727272727277,0.23125566756394542,2.096028687051745,True,True,9.3521026294228e+33,882325986723227.0,1.0599373440370426e+19,1.0599373440370401e+19,2.3186276187228267e-15,1.1102230246251565e-16,2.7755575615628914e-17
0.3,0.4,39,True,True,0.47727272727272746,0.23125566756394542,2.096028687051745,True,True,7.793418857852334e+34,2205814966808068.8,3.533124480123473e+19,3.5331244801234657e+19,2.086764856850545e-15,1.1102230246251565e-16,2.7755575615628914e-17
0.3,0.4,40,True,True,0.4772727272727273,0.23125566756394542,2.096028687051745,True,True,6.494515714876945e+35,5514537417020172.0,1.1777081600411578e+20,1.177708160041155e+20,2.365000171097285e-15,1.1102230246251565e-16,2.7755575615628914e-17
0.3,0.4,41,True,True,0.4772727272727273,0.23125566756394542,2.096028687051745,True,True,5.412096429064121e+36,1.378634354255043e+16,3.925693866803859e+20,3.92569386680385e+20,2.337176639672611e-15,1.1102230246251565e-16,1.1102230246251565e-16
0.3,0.4,42,True,True,0.4772727272727273,0.23125566756394542,2.096028687051745,True,True,4.510080357553435e+37,3.4465858856376076e+16,1.3085646222679532e+21,1.3085646222679503e+21,2.2036236888341754e-15,1.1102230246251565e-16,2.7755575615628914e-17
0.3,0.4,43,True,True,0.4772727272727273,0.23125566756394542,2.096028687051745,True,True,3.758400297961196e+38,8.61646471409402e+16,4.361882074226511e+21,4.3618820742265003e+21,2.403953115091828e-15,1.1102230246251565e-16,2.7755575615628914e-17
0.3,0.4,44,True,True,0.4772727272727273,0.23125566756394542,2.096028687051745,True,True,3.1320002483009964e+39,2.1541161785235046e+17,1.453960691408837e+22,1.4539606914088334e+22,2.452032177393665e-15,1.1102230246251565e-16,2.7755575615628914e-17
0.3,0.4,45,True,True,0.4772727272727273,0.23125566756394542,2.096028687051745,True,True,2.610000206917497e+40,5.385290446308761e+17,4.846535638029456e+22,4.846535638029445e+22,2.250100115725951e-15,1.1102230246251565e-16,2.7755575615628914e-17
0.3,0.4,46,True,True,0.4772727272727273,0.23125566756394542,2.096028687051745,True,True,2.1750001724312475e+41,1.3463226115771901e+18,1.6155118793431524e+23,1.6155118793431484e+23,2.492418589727207e-15,1.1102230246251565e-16,2.7755575615628914e-17
0.3,0.4,47,True,True,0.4772727272727273,0.23125566756394542,2.096028687051745,True,True,1.8125001436927064e+42,3.365806528942975e+18,5.385039597810509e+23,5.385039597810495e+23,2.6170395192135673e-15,1.1102230246251565e-16,2.7755575615628914e-17
0.3,0.4,48,True,True,0.4772727272727273,0.23125566756394542,2.096028687051745,True,True,1.5104167864105886e+43,8.414516322357437e+18,1.7950131992701695e+24,1.795013199270165e+24,2.5422669615217513e-15,1.1102230246251565e-16,2.7755575615628914e-17
0.3,0.4,49,True,True,0.4772727272727273,0.23125566756394542,2.096028687051745,True,True,1.2586806553421574e+44,2.103629080589359e+19,5.983377330900567e+24,5.983377330900551e+24,2.6918120769053833e-15,1.1102230246251565e-16,2.7755575615628914e-17
0.3,0.5,2,True,True,0.6322983510280581,0.1647378584160612,2.4322173295688,True,True,5.666666666666667,2.688604196477752,2.1076611700935275,2.107661170093527,2.1070237292000603e-16,0.0,5.551115123125783e-17
0.3,0.5,3,True,True,0.49868435669951205,0.1647378584160612,2.4322173295688,True,True,36.77777777777777,6.637465072910795,5.5409372966612445,5.540937296661245,1.6029389472342653e-16,1.3877787807814457e-17,0.0
0.3,0.5,4,True,True,0.44805439972259226,0.1647378584160612,2.4322173295688,True,True,244.18518518518522,14.714731077480726,16.59460739713305,16.594607397133046,2.14088444142058e-16,1.3877787807814457e-17,2.7755575615628914e-17
0.3,0.5,5,True,True,0.4277584531519168,0.1647378584160612,2.4322173295688,True,True,1626.9012345679012,30.8068722029905,52.80968557431071,52.80968557431073,2.6909561306145846e-16,1.3877787807814457e-17,1.3877787807814457e-17
0.3,0.5,6,True,True,0.41912282653252986,0.1647378584160612,2.4322173295688,True,True,10845.008230452677,62.87743909828448,172.47852943725513,172.4785294372551,1.647840431103824e-16,1.3877787807814457e-17,5.551115123125783e-17
0.3,0.5,7,True,True,0.4152549322561289,0.1647378584160612,2.4322173295688,True,True,72299.0548696845,126.92446713069013,569.6226779919465,569.6226779919465,0.0,5.421010862427522e-20,5.551115123125783e-17
0.3,0.5,8,True,True,0.4134540651616322,0.1647378584160612,2.4322173295688,True,True,481992.69913123007,254.95408603321195,1890.5078425314691,1890.5078425314691,0.0,1.3877787807814457e-17,5.551115123125783e-17
0.3,0.5,9,True,True,0.4125929164701615,0.1647378584160612,2.4322173295688,True,True,3213283.660874868,510.97227454520936,6288.567542602677,6288.567542602676,1.446266889258077e-16,1.3877787807814457e-17,2.7755575615628914e-17
0.3,0.5,10,True,True,0.4121739400891697,0.1647378584160612,2.4322173295688,True,True,21421890.072499115,1022.9833118653277,20940.605603270324,20940.605603270324,0.0,2.7755575615628914e-17,1.1102230246251565e-16
0.3,0.5,11,True,True,0.411967879914924,0.1647378584160612,2.4322173295688,True,True,142812599.48332745,2046.9899713134182,69767.12220612104,69767.12220612104,0.0,1.3877787807814457e-17,0.0
0.3,0.5,12,True,True,0.41186586467390723,0.1647378584160612,2.4322173295688,True,True,952083995.5555162,4094.993978056612,232499.48611825626,232499.48611825626,0.0,1.1102230246251565e-16,6.938893903907228e-18
0.3,0.5,13,True,True,0.4118151580054075,0.1647378584160612,2.4322173295688,True,True,6347226636.036776,8190.996385416501,774902.8735182415,774902.8735182413,1.5023214625386775e-16,1.3877787807814457e-17,5.551115123125783e-17
0.3,0.5,14,True,True,0.41178989406390387,0.1647378584160612,2.4322173295688,True,True,42314844239.245186,16382.997830825028,2582851.1165171936,2582851.116517193,1.8028963587171576e-16,1.1102230246251565e-16,1.1102230246251565e-16
0.3,0.5,15,True,True,0.41177728868508046,0.1647378584160612,2.4322173295688,True,True,282098961593.96783,32766.998698367624,8609240.174566898,8609240.174566898,0.0,3.469446951953614e-18,5.551115123125783e-17
0.3,0.5,16,True,True,0.4117709939163626,0.1647378584160612,2.4322173295688,True,True,1880659743958.7856,65534.99921898236,28697028.55530131,28697028.55530131,0.0,3.469446951953614e-18,1.1102230246251565e-16
0.3,0.5,17,True,True,0.41176784889392787,0.1647378584160612,2.4322173295688,True,True,12537731626390.906,131070.99953137794,95656031.24426787,95656031.24426785,1.557785849989527e-16,1.1102230246251565e-16,5.551115123125783e-17
0.3,0.5,18,True,True,0.4117662770877072,0.1647378584160612,2.4322173295688,True,True,83584877509271.72,262142.99971882335,318852220.34891456,318852220.34891456,0.0,1.3877787807814457e-17,5.551115123125783e-17
0.3,0.5,19,True,True,0.41176549139519925,0.1647378584160612,2.4322173295688,True,True,557232516728477.0,524286.999831293,1062838706.4866863,1062838706.4866865,1.1216122335705932e-16,1.3877787807814457e-17,8.673617379884035e-19
0.3,0.5,20,True,True,0.41176509861190175,0.1647378584160612,2.4322173295688,True,True,3714883444856513.0,1048574.9998987755,3542792308.814468,3542792308.814468,0.0,1.1102230246251565e-16,2.7755575615628914e-17
0.3,0.5,21,True,True,0.41176490223908374,0.1647378584160612,2.4322173295688,True,True,2.476588963237675e+16,2097150.9999392652,11809302064.130808,11809302064.130808,0.0,1.3877787807814457e-17,6.938893903907228e-18
0.3,0.5,22,True,True,0.4117648040583099,0.1647378584160612,2.4322173295688,True,True,1.6510593088251168e+17,4194302.999963559,39364330827.779045,39364330827.77905,1.9381491748529878e-16,1.3877787807814457e-17,5.551115123125783e-17
0.3,0.5,23,True,True,0.41176475496961,0.1647378584160612,2.4322173295688,True,True,1.1007062058834112e+18,8388606.999978136,131214420449.81725,131214420449.81723,1.16288964354613e-16,1.3877787807814457e-17,5.551115123125783e-17
0.3,0.5,24,True,True,0.4117647304257654,0.1647378584160612,2.4322173295688,True,True,7.338041372556076e+18,16777214.999986881,437381375428.6283,437381375428.6283,0.0,1.3877787807814457e-17,5.551115123125783e-17
0.3,0.5,25,True,True,0.41176471815399435,0.1647378584160612,2.4322173295688,True,True,4.89202758170405e+19,33554430.999992132,1457937874644.6921,1457937874644.6921,0.0,1.3877787807814457e-17,2.7755575615628914e-17
0.3,0.5,26,True,True,0.4117647120181542,0.1647378584160612,2.4322173295688,True,True,3.2613517211360336e+20,67108862.99999528,4859792843064.951,4859792843064.951,0.0,1.3877787807814457e-17,5.551115123125783e-17
0.3,0.5,27,True,True,0.4117647089502478,0.1647378584160612,2.4322173295688,True,True,2.174234480757356e+21,134217726.99999717,16199309356188.113,16199309356188.113,0.0,1.3877787807814457e-17,5.551115123125783e-17
0.3,0.5,28,True,True,0.41176470741629856,0.1647378584160612,2.4322173295688,True,True,1.4494896538382372e+22,268435454.99999833,53997697652802.47,53997697652802.47,0.0,1.3877787807814457e-17,5.551115123125783e-17
0.3,0.5,29,True,True,0.41176470664932524,0.1647378584160612,2.4322173295688,True,True,9.663264358921584e+22,536870910.99999905,179992325174078.97,179992325174078.97,0.0,1.3877787807814457e-17,1.3877787807814457e-17
0.3,0.5,30,True,True,0.411764706265839,0.1647378584160612,2.4322173295688,True,True,6.442176239281056e+23,1073741822.9999993,599974416688159.5,599974416688159.5,0.0,1.3877787807814457e-17,5.551115123125783e-17
0.3,0.5,31,True,True,0.4117647060740959,0.1647378584160612,2.4322173295688,True,True,4.2947841595207034e+24,2147483646.9999995,1999914721362581.0,1999914721362581.2,1.250053301421123e-16,1.3877787807814457e-17,2.7755575615628914e-17
0.3,0.5,32,True,True,0.41176470597822434,0.1647378584160612,2.4322173295688,True,True,2.863189439680469e+25,4294967295.0000005,6666382402989796.0,6666382402989798.0,3.0001279241092174e-16,1.3877787807814457e-17,5.551115123125783e-17
0.3,0.5,33,True,True,0.41176470593028863,0.1647378584160612,2.4322173295688,True,True,1.9087929597869797e+26,8589934591.0,2.2221274674045764e+16,2.2221274674045764e+16,0.0,1.3877787807814457e-17,2.7755575615628914e-17
0.3,0.5,34,True,True,0.4117647059063208,0.1647378584160612,2.4322173295688,True,True,1.2725286398579866e+27,17179869183.0,7.407091557584106e+16,7.407091557584106e+16,0.0,1.3877787807814457e-17,1.3877787807814457e-17
0.3,0.5,35,True,True,0.4117647058943369,0.1647378584160612,2.4322173295688,True,True,8.48352426571991e+27,34359738366.999996,2.469030519122844e+17,2.469030519122844e+17,0.0,1.3877787807814457e-17,5.551115123125783e-17
0.3,0.5,36,True,True,0.41176470588834485,0.1647378584160612,2.4322173295688,True,True,5.655682843813274e+28,68719476735.0,8.230101730289715e+17,8.230101730289715e+17,0.0,1.3877787807814457e-17,5.551115123125783e-17
0.3,0.5,37,True,True,0.4117647058853489,0.1647378584160612,2.4322173295688,True,True,3.7704552292088495e+29,137438953471.0,2.743367243409945e+18,2.7433672434099446e+18,1.8663195794508189e-16,1.3877787807814457e-17,2.7755575615628914e-17
0.3,0.5,38,True,True,0.4117647058838509,0.1647378584160612,2.4322173295688,True,True,2.513636819472566e+30,274877906943.0,9.144557477999881e+18,9.14455747799988e+18,1.1197917476745652e-16,1.3877787807814457e-17,1.3877787807814457e-17
0.3,0.5,39,True,True,0.411764705883102,0.1647378584160612,2.4322173295688,True,True,1.6757578796483775e+31,549755813886.99994,3.048185825994416e+19,3.048185825994416e+19,0.0,1.3877787807814457e-17,5.551115123125783e-17
0.3,0.5,40,True,True,0.4117647058827274,0.1647378584160612,2.4322173295688,True,True,1.1171719197655851e+32,1099511627775.0,1.0160619419972146e+20,1.0160619419972146e+20,0.0,1.3877787807814457e-17,2.7755575615628914e-17
0.3,0.5,41,True,True,0.4117647058825402,0.1647378584160612,2.4322173295688,True,True,7.447812798437233e+32,2199023255551.0,3.386873139989175e+20,3.386873139989176e+20,3.8700002799756147e-16,1.3877787807814457e-17,1.3877787807814457e-17
0.3,0.5,42,True,True,0.4117647058824465,0.1647378584160612,2.4322173295688,True,True,4.9652085322914893e+33,4398046511103.0005,1.1289577133294682e+21,1.1289577133294685e+21,2.322000167985897e-16,1.3877787807814457e-17,5.551115123125783e-17
0.3,0.5,43,True,True,0.4117647058823997,0.1647378584160612,2.4322173295688,True,True,3.3101390215276596e+34,8796093022207.0,3.763192377764467e+21,3.763192377764467e+21,0.0,1.3877787807814457e-17,5.551115123125783e-17
0.3,0.5,44,True,True,0.41176470588237635,0.1647378584160612,2.4322173295688,True,True,2.2067593476851066e+35,17592186044415.0,1.2543974592547511e+22,1.2543974592547511e+22,0.0,1.3877787807814457e-17,2.7755575615628914e-17
0.3,0.5,45,True,True,0.41176470588236463,0.1647378584160612,2.4322173295688,True,True,1.471172898456738e+36,35184372088831.0,4.181324864182386e+22,4.181324864182385e+22,2.0062081451402142e-16,1.3877787807814457e-17,1.3877787807814457e-17
0.3,0.5,46,True,True,0.41176470588235875,0.1647378584160612,2.4322173295688,True,True,9.80781932304492e+36,70368744177663.01,1.3937749547274418e+23,1.3937749547274418e+23,0.0,1.3877787807814457e-17,5.551115123125783e-17
0.3,0.5,47,True,True,0.41176470588235586,0.1647378584160612,2.4322173295688,True,True,6.53854621536328e+37,140737488355327.0,4.645916515758107e+23,4.645916515758107e+23,0.0,1.3877787807814457e-17,2.7755575615628914e-17
0.3,0.5,48,True,True,0.4117647058823544,0.1647378584160612,2.4322173295688,True,True,4.359030810242187e+38,281474976710655.0,1.54863883858603e+24,1.5486388385860304e+24,1.7333638374011876e-16,1.3877787807814457e-17,1.3877787807814457e-17
0.3,0.5,49,True,True,0.4117647058823537,0.1647378584160612,2.4322173295688,True,True,2.906020540161458e+39,562949953421310.94,5.162129461953425e+24,5.162129461953425e+24,0.0,1.3877787807814457e-17,5.551115123125783e-17
0.3,0.6,2,True,True,0.6249523746825472,0.10770597701369843,3.013416227324364,True,True,4.888888888888888,2.3468454974855955,2.083174582275157,2.0831745822751575,2.1317906508106807e-16,0.0,5.551115123125783e-17
0.3,0.6,3,True,True,0.4704410977925917,0.10770597701369843,3.013416227324364,True,True,26.493827160493826,5.068529207232866,5.227123308806575,5.227123308806575,0.0,0.0,2.7755575615628914e-17
0.3,0.6,4,True,True,0.4041220713476538,0.10770597701369843,3.013416227324364,True,True,146.52126200274347,9.789304654609634,14.967484123987177,14.967484123987179,1.186810571960739e-16,1.1102230246251565e-16,5.551115123125783e-17
0.3,0.6,5,True,True,0.3740493364618489,0.10770597701369843,3.013416227324364,True,True,813.3403444596861,17.612801702685026,46.17893042738876,46.178930427388764,1.5386730034324846e-16,2.7755575615628914e-17,5.551115123125783e-17
0.3,0.6,6,True,True,0.3593595223201559,0.10770597701369843,3.013416227324364,True,True,4517.890802553811,30.55011476897769,147.8845770864839,147.88457708648392,1.921884620448473e-16,1.1102230246251565e-16,5.551115123125783e-17
0.3,0.6,7,True,True,0.3516616571531626,0.10770597701369843,3.013416227324364,True,True,25098.726680854514,52.03004472669558,482.38910446250026,482.38910446250026,0.0,8.673617379884035e-19,8.326672684688674e-17
0.3,0.6,8,True,True,0.3474074940453026,0.10770597701369843,3.013416227324364,True,True,139436.70378252506,87.77820755145153,1588.5116325802587,1588.5116325802592,2.8627259729147003e-16,2.7755575615628914e-17,2.7755575615628914e-17
0.3,0.6,9,True,True,0.344973147742022,0.10770597701369843,3.013416227324364,True,True,774647.687680695,147.3292490195153,5257.935493705563,5257.935493705564,1.72975629476952e-16,1.0842021724855044e-19,5.551115123125783e-17
0.3,0.6,10,True,True,0.34355078687373547,0.10770597701369843,3.013416227324364,True,True,4303597.5982260825,246.56532530957767,17454.18822708609,17454.18822708609,0.0,2.7755575615628914e-17,5.551115123125783e-17
0.3,0.6,11,True,True,0.34270978799537244,0.10770597701369843,3.013416227324364,True,True,23908874.87903379,411.9506364233546,58038.203525101606,58038.20352510163,3.7609490847024036e-16,1.1102230246251565e-16,2.7755575615628914e-17
0.3,0.6,12,True,True,0.34220924239405676,0.10770597701369843,3.013416227324364,True,True,132827081.9946322,687.5886498415557,193178.1189599918,193178.11895999193,6.026320292053623e-16,3.469446951953614e-18,5.551115123125783e-17
0.3,0.6,13,True,True,0.34191024750977267,0.10770597701369843,3.013416227324364,True,True,737928232.6368455,1146.9832236296124,643364.4515755704,643364.4515755706,3.6189541259806607e-16,3.469446951953614e-18,5.551115123125783e-17
0.3,0.6,14,True,True,0.3417312919118063,0.10770597701369843,3.013416227324364,True,True,4099601291.7602525,1912.639780137521,2143425.716820282,2143425.7168202833,6.517528696985158e-16,1.1102230246251565e-16,2.7755575615628914e-17
0.3,0.6,15,True,True,0.34162406588019445,0.10770597701369843,3.013416227324364,True,True,22775562731.33474,3188.7335050842757,7142510.559449464,7142510.559449468,5.215659490392203e-16,5.551115123125783e-17,2.7755575615628914e-17
0.3,0.6,16,True,True,0.3415597798271922,0.10770597701369843,3.013416227324364,True,True,126530904062.30411,5315.556111244987,23803888.325932577,23803888.32593259,4.694977031634976e-16,2.7755575615628914e-17,2.7755575615628914e-17
0.3,0.6,17,True,True,0.3415212249969554,0.10770597701369843,3.013416227324364,True,True,702949467012.134,8860.260320230402,79337337.91174373,79337337.91174376,3.7564056435631778e-16,2.7755575615628914e-17,5.551115123125783e-17
0.3,0.6,18,True,True,0.3414980978347049,0.10770597701369843,3.013416227324364,True,True,3905274816733.4116,14768.100601159349,264439884.46468422,264439884.46468443,7.888986078487249e-16,1.1102230246251565e-16,4.163336342344337e-17
0.3,0.6,19,True,True,0.34148422350849245,0.10770597701369843,3.013416227324364,True,True,21695971204073.84,24614.501035662543,881430469.4878758,881430469.4878765,8.114715363995314e-16,3.469446951953614e-18,5.551115123125783e-17
0.3,0.6,20,True,True,0.3414758995942477,0.10770597701369843,3.013416227324364,True,True,120533173355965.12,41025.168409638834,2938029946.7008634,2938029946.7008653,6.491930536495298e-16,2.7755575615628914e-17,2.7755575615628914e-17
0.3,0.6,21,True,True,0.34147090548259884,0.10770597701369843,3.013416227324364,True,True,669628740866472.2,68376.2806911662,9793289925.946266,9793289925.946274,7.790430579448828e-16,2.6469779601696886e-23,5.551115123125783e-17
0.3,0.6,22,True,True,0.34146790909836294,0.10770597701369843,3.013416227324364,True,True,3720159671480400.5,113961.467822828,32644013301.618805,32644013301.61884,1.0517173569746843e-15,3.469446951953614e-18,8.326672684688674e-17
0.3,0.6,23,True,True,0.34146611129685367,0.10770597701369843,3.013416227324364,True,True,2.066755373044667e+16,189936.7797068222,108812804778.24342,108812804778.2435,7.011485961416422e-16,2.7755575615628914e-17,2.7755575615628914e-17
0.3,0.6,24,True,True,0.3414650326261721,0.10770597701369843,3.013416227324364,True,True,1.1481974294692595e+17,316562.2995124249,362708203484.0328,362708203484.0332,1.1779333625378225e-15,2.7755575615628914e-17,2.7755575615628914e-17
0.3,0.6,25,True,True,0.34146438542737556,0.10770597701369843,3.013416227324364,True,True,6.378874608162554e+17,527604.8325212355,1209025053406.0095,1209025053406.0107,1.0096590815559119e-15,6.938893903907228e-18,1.3877787807814457e-17
0.3,0.6,26,True,True,0.34146399710937764,0.10770597701369843,3.013416227324364,True,True,3.5438192267569746e+18,879342.3875356558,4030078928286.94,4030078928286.943,7.269553654239015e-16,8.470329472543003e-22,5.551115123125783e-17
0.3,0.6,27,True,True,0.3414637641190335,0.10770597701369843,3.013416227324364,True,True,1.9687884593094304e+19,1465571.6458928918,13433587261508.164,13433587261508.176,8.723470337352279e-16,8.673617379884035e-19,6.938893903907228e-18
0.3,0.6,28,True,True,0.34146362432498883,0.10770597701369843,3.013416227324364,True,True,1.093771366283017e+20,2442620.409821552,44778605872818.5,44778605872818.54,8.723473908711319e-16,8.673617379884035e-19,2.7755575615628914e-17
0.3,0.6,29,True,True,0.34146354044861976,0.10770597701369843,3.013416227324364,True,True,6.076507590461205e+20,4071035.016369288,149261982911669.4,149261982911669.6,1.256180551419841e-15,8.673617379884035e-19,5.551115123125783e-17
0.3,0.6,30,True,True,0.34146349012281885,0.10770597701369843,3.013416227324364,True,True,3.375837550256225e+21,6785059.3606154965,497539869710143.7,497539869710144.3,1.2561807365590845e-15,8.673617379884035e-19,8.326672684688674e-17
0.3,0.6,31,True,True,0.3414634599273458,0.10770597701369843,3.013416227324364,True,True,1.875465305697903e+22,11308433.2676925,1658466085709673.2,1658466085709675.2,1.205933613736924e-15,8.673617379884035e-19,1.3877787807814457e-17
0.3,0.6,32,True,True,0.3414634418100645,0.10770597701369843,3.013416227324364,True,True,1.0419251698321683e+23,18847389.779487506,5528219992384007.0,5528219992384013.0,1.0853403099489415e-15,8.673617379884035e-19,5.551115123125783e-17
0.3,0.6,33,True,True,0.3414634309396967,0.10770597701369843,3.013416227324364,True,True,5.788473165734269e+23,31412317.299145848,1.84273993879836e+16,1.8427399387983624e+16,1.3024084134004404e-15,8.673617379884035e-19,1.3877787807814457e-17
0.3,0.6,34,True,True,0.3414634244174764,0.10770597701369843,3.013416227324364,True,True,3.215818425407927e+24,52353863.165243074,6.142466345335255e+16,6.142466345335264e+16,1.4326492821052134e-15,8.673617379884035e-19,5.551115123125783e-17
0.3,0.6,35,True,True,0.3414634205041443,0.10770597701369843,3.013416227324364,True,True,1.786565791893293e+25,87256439.60873848,2.04748875831323e+17,2.047488758313233e+17,1.4066011294599774e-15,8.673617379884035e-19,2.7755575615628914e-17
0.3,0.6,36,True,True,0.3414634181561451,0.10770597701369843,3.013416227324364,True,True,9.925365510518296e+25,145427400.34789747,6.824962480780393e+17,6.824962480780402e+17,1.3128277298566873e-15,8.673617379884035e-19,2.7755575615628914e-17
0.3,0.6,37,True,True,0.3414634167473456,0.10770597701369843,3.013416227324364,True,True,5.5140919502879415e+26,242379001.5798291,2.274987484207389e+18,2.274987484207392e+18,1.3503370991380587e-15,8.673617379884035e-19,2.7755575615628914e-17
0.3,0.6,38,True,True,0.3414634159020659,0.10770597701369843,3.013416227324364,True,True,3.0633844168266344e+27,403965003.6330485,7.583291595252481e+18,7.58329159525249e+18,1.2153033922326902e-15,8.673617379884035e-19,2.7755575615628914e-17
0.3,0.6,39,True,True,0.34146341539489805,0.10770597701369843,3.013416227324364,True,True,1.7018802315703525e+28,673275007.0550809,2.52776386132973e+19,2.5277638613297332e+19,1.2963236203069362e-15,8.673617379884035e-19,2.7755575615628914e-17
0.3,0.6,40,True,True,0.3414634150905974,0.10770597701369843,3.013416227324364,True,True,9.454890175390847e+28,1122125012.7584682,8.425879530256907e+19,8.42587953025692e+19,1.555588345754611e-15,8.673617379884035e-19,1.3877787807814457e-17
0.3,0.6,41,True,True,0.341463414908017,0.10770597701369843,3.013416227324364,True,True,5.2527167641060274e+29,1870208355.597447,2.8086265085838642e+20,2.8086265085838682e+20,1.4000295119277452e-15,8.673617379884035e-19,5.551115123125783e-17
0.3,0.6,42,True,True,0.3414634147984687,0.10770597701369843,3.013416227324364,True,True,2.918175980058904e+30,3117013926.995745,9.362088358942668e+20,9.362088358942683e+20,1.5400324636145929e-15,8.673617379884035e-19,2.7755575615628914e-17
0.3,0.6,43,True,True,0.3414634147327398,0.10770597701369843,3.013416227324364,True,True,1.621208877810502e+31,5195023212.659575,3.120696119046847e+21,3.120696119046852e+21,1.6800354151756764e-15,8.673617379884035e-19,2.7755575615628914e-17
0.3,0.6,44,True,True,0.3414634146933024,0.10770597701369843,3.013416227324364,True,True,9.006715987836124e+31,8658372022.099293,1.0402320395621408e+22,1.0402320395621422e+22,1.4112297489105583e-15,8.673617379884035e-19,2.7755575615628914e-17
0.3,0.6,45,True,True,0.34146341466964,0.10770597701369843,3.013416227324364,True,True,5.003731104353402e+32,14430620037.832157,3.467440131633518e+22,3.4674401316335243e+22,1.8144382487250243e-15,8.673617379884035e-19,2.7755575615628914e-17
0.3,0.6,46,True,True,0.3414634146554425,0.10770597701369843,3.013416227324364,True,True,2.779850613529668e+33,24051033397.38693,1.155813377163116e+23,1.155813377163118e+23,1.741860718848447e-15,8.673617379884035e-19,2.7755575615628914e-17
0.3,0.6,47,True,True,0.3414634146469241,0.10770597701369843,3.013416227324364,True,True,1.5443614519609267e+34,40085055663.31155,3.852711257114274e+23,3.852711257114281e+23,1.7418607188919008e-15,8.673617379884035e-19,2.7755575615628914e-17
0.3,0.6,48,True,True,0.34146341464181296,0.10770597701369843,3.013416227324364,True,True,8.57978584422737e+34,66808426106.51926,1.284237085685535e+24,1.2842370856855373e+24,1.8812095764314115e-15,8.673617379884035e-19,2.7755575615628914e-17
0.3,0.6,49,True,True,0.3414634146387463,0.10770597701369843,3.013416227324364,True,True,4.766547691237429e+35,111347376845.19876,4.280790285580005e+24,4.2807902855800133e+24,1.881209576448306e-15,8.673617379884035e-19,2.7755575615628914e-17
0.3,0.7,2,True,True,0.6226538552975477,0.06161816606019055,4.043750489763876,True,True,4.333333333333333,2.087837389810698,2.0755128509918257,2.0755128509918257,0.0,0.0,0.0
0.3,0.7,3,True,True,0.45036829143514384,0.06161816606019055,4.043750489763876,True,True,20.20634920634921,4.037965068047682,5.004092127057154,5.004092127057154,0.0,0.0,2.7755575615628914e-17
0.3,0.7,4,True,True,0.36732219188995774,0.06161816606019055,4.043750489763876,True,True,95.79213907785336,7.041196563143863,13.60452562555399,13.604525625553991,1.3057102381163807e-16,2.7755575615628914e-17,1.3877787807814457e-17
0.3,0.7,5,True,True,0.32569346280851147,0.06161816606019055,4.043750489763876,True,True,455.72447179930174,11.33387262287377,40.20906948253228,40.209069482532286,1.767120564848624e-16,2.7755575615628914e-17,2.7755575615628914e-17
0.3,0.7,6,True,True,0.3033328221375967,0.06161816606019055,4.043750489763876,True,True,2169.687960949056,17.381375704586915,124.82832186732372,124.82832186732377,3.4152957844710007e-16,1.1102230246251565e-16,1.3877787807814457e-17
0.3,0.7,7,True,True,0.29034857546532844,0.06161816606019055,4.043750489763876,True,True,10331.418861662172,25.93987016496005,398.2833682651967,398.2833682651969,4.281631375299521e-16,2.7755575615628914e-17,1.3877787807814457e-17
0.3,0.7,8,True,True,0.2822963436076764,0.06161816606019055,4.043750489763876,True,True,49196.8041031532,38.11363944661106,1290.792609088598,1290.7926090885985,3.5230086358144835e-16,1.1102230246251565e-16,2.7755575615628914e-17
0.3,0.7,9,True,True,0.2770667975996636,0.06161816606019055,4.043750489763876,True,True,234270.06715787243,55.47564428285244,4222.935491535795,4222.935491535797,4.307405138420257e-16,1.1102230246251565e-16,2.7755575615628914e-17
0.3,0.7,10,True,True,0.2735702331634484,0.06161816606019055,4.043750489763876,True,True,1115571.3197993925,80.2638139160866,13898.807761187234,13898.807761187243,6.543688619916841e-16,1.1102230246251565e-16,1.3877787807814457e-17
0.3,0.7,11,True,True,0.2711912147816055,0.06161816606019055,4.043750489763876,True,True,5312243.951425678,115.66845678992532,45926.47035201366,45926.47035201369,6.337049251479788e-16,8.673617379884035e-19,1.3877787807814457e-17
0.3,0.7,12,True,True,0.26955564508157986,0.06161816606019055,4.043750489763876,True,True,25296399.340122275,166.24327242519558,152164.9506238208,152164.95062382089,5.737950231788319e-16,1.1102230246251565e-16,2.7755575615628914e-17
0.3,0.7,13,True,True,0.26842408564682707,0.06161816606019055,4.043750489763876,True,True,120459044.04820132,238.49154472765508,505087.2733696252,505087.27336962556,6.914566727267831e-16,1.1102230246251565e-16,1.3877787807814457e-17
0.3,0.7,14,True,True,0.26763813994497543,0.06161816606019055,4.043750489763876,True,True,573614495.039054,341.7027120133815,1678694.5929085591,1678694.592908561,1.1095795251259356e-15,1.1102230246251565e-16,2.0816681711721685e-17
0.3,0.7,15,True,True,0.2670908669208636,0.06161816606019055,4.043750489763876,True,True,2731497594.995495,489.1469510377883,5584206.523622953,5584206.523622957,6.671118417097863e-16,2.7755575615628914e-17,1.3877787807814457e-17
0.3,0.7,16,True,True,0.2667091530951191,0.06161816606019055,4.043750489763876,True,True,13007131404.311884,699.781453659703,18587419.452584017,18587419.452584036,1.0020999170877433e-15,2.7755575615628914e-17,6.938893903907228e-18
0.3,0.7,17,True,True,0.26644261633541566,0.06161816606019055,4.043750489763876,True,True,61938720972.48516,1000.6878319506346,61896146.8250777,61896146.82507776,9.6297827623805e-16,6.938893903907228e-18,1.3877787807814457e-17
0.3,0.7,18,True,True,0.2662563617024268,0.06161816606019055,4.043750489763876,True,True,294946290344.73883,1430.5540633028847,206176262.6878724,206176262.68787268,1.3009300779465268e-15,2.7755575615628914e-17,1.3877787807814457e-17
0.3,0.7,19,True,True,0.2661261396316754,0.06161816606019055,4.043750489763876,True,True,1404506144498.328,2044.6486694547987,686918083.0332267,686918083.0332276,1.2147955447186912e-15,2.168404344971009e-19,1.3877787807814457e-17
0.3,0.7,20,True,True,0.2660350603413705,0.06161816606019055,4.043750489763876,True,True,6688124497610.657,2921.9266739117047,2288943304.883482,2288943304.8834844,1.0416098056814863e-15,1.1102230246251565e-16,1.3877787807814457e-17
0.3,0.7,21,True,True,0.2659713420414532,0.06161816606019055,4.043750489763876,True,True,31848211893383.656,4175.180964131295,7627983593.283633,7627983593.283644,1.3752543319187849e-15,3.469446951953614e-18,2.7755575615628914e-17
0.3,0.7,22,True,True,0.2659267574249683,0.06161816606019055,4.043750489763876,True,True,151658151873255.1,5965.544235074088,25422349729.902157,25422349729.902187,1.2004231886207088e-15,6.776263578034403e-21,2.0816681711721685e-17
0.3,0.7,23,True,True,0.26589555709678386,0.06161816606019055,4.043750489763876,True,True,722181675586928.6,8523.206050363537,84731223358.85869,84731223358.85878,1.0805076422330214e-15,1.1102230246251565e-16,2.0816681711721685e-17
0.3,0.7,24,True,True,0.2658737212260652,0.06161816606019055,4.043750489763876,True,True,3438960359937754.5,12177.008643486986,282414216875.5971,282414216875.59753,1.5128349361328379e-15,2.7755575615628914e-17,2.0816681711721685e-17
0.3,0.7,25,True,True,0.26585843825131805,0.06161816606019055,4.043750489763876,True,True,1.6376001713989306e+16,17396.726633600218,941326610395.8044,941326610395.8057,1.2967902017416921e-15,1.1102230246251565e-16,2.0816681711721685e-17
0.3,0.7,26,True,True,0.2658477412146543,0.06161816606019055,4.043750489763876,True,True,7.798096054280622e+16,24853.466619449195,3137629117773.931,3137629117773.9365,1.7118319432892842e-15,1.1102230246251565e-16,1.3877787807814457e-17
0.3,0.7,27,True,True,0.26584025380124315,0.06161816606019055,4.043750489763876,True,True,3.713379073466964e+17,35505.95231350755,10458469162237.568,10458469162237.584,1.4940045008132949e-15,2.7755575615628914e-17,1.3877787807814457e-17
0.3,0.7,28,True,True,0.2658350128628209,0.06161816606019055,4.043750489763876,True,True,1.7682757492699825e+18,50723.789019300246,34860876591793.23,34860876591793.297,1.904893292776031e-15,2.7755575615628914e-17,1.3877787807814457e-17
0.3,0.7,29,True,True,0.2658313443288859,0.06161816606019055,4.043750489763876,True,True,8.420360710809442e+18,72463.55574185909,116201318367618.56,116201318367618.75,1.6135789389825864e-15,2.7755575615628914e-17,6.938893903907228e-18
0.3,0.7,30,True,True,0.26582877641537805,0.06161816606019055,4.043750489763876,True,True,4.009695576575925e+19,103520.36534551368,387333986234786.3,387333986234787.1,2.0976728840610787e-15,2.7755575615628914e-17,2.7755575615628914e-17
0.3,0.7,31,True,True,0.265826978905442,0.06161816606019055,4.043750489763876,True,True,1.9093788459885357e+20,147887.236207877,1291104557059019.2,1291104557059021.8,1.9363265247043155e-15,2.7755575615628914e-17,1.3877787807814457e-17
0.3,0.7,32,True,True,0.26582572066295096,0.06161816606019055,4.043750489763876,True,True,9.092280218993027e+20,211268.48029696726,4303661486186941.5,4303661486186951.0,2.2074226865870463e-15,2.7755575615628914e-17,1.3877787807814457e-17
0.3,0.7,33,True,True,0.26582483990029443,0.06161816606019055,4.043750489763876,True,True,4.329657247139537e+21,301813.1147099533,1.434549075609388e+16,1.434549075609391e+16,2.0912494741426753e-15,2.7755575615628914e-17,1.3877787807814457e-17
0.3,0.7,34,True,True,0.2658242233699076,0.06161816606019055,4.043750489763876,True,True,2.0617415462569227e+22,431162.59244279045,4.781819161481381e+16,4.7818191614813896e+16,1.840303805481802e-15,2.7755575615628914e-17,2.7755575615628914e-17
0.3,0.7,35,True,True,0.26582379180033844,0.06161816606019055,4.043750489763876,True,True,9.817816886937726e+22,615947.560632558,1.5939371327090166e+17,1.5939371327090205e+17,2.409128892978119e-15,2.7755575615628914e-17,1.3877787807814457e-17
0.3,0.7,36,True,True,0.2658234897024738,0.06161816606019055,4.043750489763876,True,True,4.6751508985417744e+23,879926.08661794,5.313117737548909e+17,5.313117737548922e+17,2.5295882124005436e-15,2.7755575615628914e-17,1.3877787807814457e-17
0.3,0.7,37,True,True,0.2658232782343771,0.06161816606019055,4.043750489763876,True,True,2.2262623326389403e+24,1257038.2665970572,1.7710378369512018e+18,1.7710378369512061e+18,2.457316218320807e-15,2.7755575615628914e-17,6.938893903907228e-18
0.3,0.7,38,True,True,0.2658231302069096,0.06161816606019055,4.043750489763876,True,True,1.0601249203042574e+25,1795769.95228151,5.903456169078773e+18,5.903456169078785e+18,2.0814925440392492e-15,2.7755575615628914e-17,1.3877787807814457e-17
0.3,0.7,39,True,True,0.2658230265877805,0.06161816606019055,4.043750489763876,True,True,5.048213906210749e+25,2565386.6461164434,1.9678179559610954e+19,1.9678179559611003e+19,2.497792026498392e-15,2.7755575615628914e-17,1.3877787807814457e-17
0.3,0.7,40,True,True,0.2658229540544381,0.06161816606019055,4.043750489763876,True,True,2.4039113839098806e+26,3664839.065880634,6.559391396719459e+19,6.559391396719476e+19,2.6226823434570123e-15,2.7755575615628914e-17,1.3877787807814457e-17
0.3,0.7,41,True,True,0.26582290328112207,0.06161816606019055,4.043750489763876,True,True,1.1447197066237528e+27,5235485.379829477,2.1864633812825912e+20,2.1864633812825968e+20,2.5477490488462994e-15,2.7755575615628914e-17,2.7755575615628914e-17
0.3,0.7,42,True,True,0.26582286773981234,0.06161816606019055,4.043750489763876,True,True,5.45104622201787e+27,7479265.828327824,7.28821029648653e+20,7.28821029648655e+20,2.8774581340099097e-15,2.7755575615628914e-17,6.938893903907228e-18
0.3,0.7,43,True,True,0.2658228428609012,0.06161816606019055,4.043750489763876,True,True,2.5957362961989863e+28,10684666.469039751,2.4294032047892925e+21,2.429403204789299e+21,2.589712562985466e-15,2.7755575615628914e-17,2.7755575615628914e-17
0.3,0.7,44,True,True,0.26582282544566616,0.06161816606019055,4.043750489763876,True,True,1.2360649029518982e+29,15263810.24148536,8.098010152094328e+21,8.098010152094351e+21,2.8486840059139534e-15,2.7755575615628914e-17,6.938893903907228e-18
0.3,0.7,45,True,True,0.265822813255003,0.06161816606019055,4.043750489763876,True,True,5.886023347389992e+29,21805444.20212194,2.6993365935729066e+22,2.699336593572914e+22,2.7968898795266405e-15,2.7755575615628914e-17,1.3877787807814457e-17
0.3,0.7,46,True,True,0.2658228047215394,0.06161816606019055,4.043750489763876,True,True,2.802868260661901e+30,31150635.57445992,8.997788356395345e+22,8.99778835639537e+22,2.7968899693126095e-15,2.7755575615628914e-17,6.938893903907228e-18
0.3,0.7,47,True,True,0.26582279874811526,0.06161816606019055,4.043750489763876,True,True,1.3346991717437625e+31,44500908.96351417,2.9992627180673282e+23,2.999262718067337e+23,2.908765633449298e-15,2.7755575615628914e-17,1.3877787807814457e-17
0.3,0.7,48,True,True,0.26582279456671853,0.06161816606019055,4.043750489763876,True,True,6.355710341636964e+31,63572728.090734534,9.997542236296262e+23,9.997542236296293e+23,3.087766644078333e-15,2.7755575615628914e-17,1.3877787807814457e-17
0.3,0.7,49,True,True,0.26582279163974093,0.06161816606019055,4.043750489763876,True,True,3.02652873411284e+32,90818183.98676363,3.3325140420710727e+24,3.332514042071084e+24,3.383118273372159e-15,2.7755575615628914e-17,2.0816681711721685e-17
0.3,0.8,2,True,True,0.6255699867524613,0.027723678030623162,6.166894861931333,True,True,3.9166666666666665,1.8782870420299567,2.0852332891748713,2.0852332891748713,0.0,0.0,5.551115123125783e-17
0.3,0.8,3,True,True,0.4413348749336991,0.027723678030623162,6.166894861931333,True,True,16.069444444444443,3.276990063876703,4.903720832596658,4.903720832596657,1.8112336530173354e-16,0.0,6.938893903907228e-17
0.3,0.8,4,True,True,0.34162350911525874,0.027723678030623162,6.166894861931333,True,True,66.70601851851853,5.272068379206149,12.652722559824406,12.652722559824397,7.01966249161518e-16,0.0,6.938893903907228e-18
0.3,0.8,5,True,True,0.2863694416483171,0.027723678030623162,6.166894861931333,True,True,277.69174382716045,7.854550094637226,35.35425205534781,35.3542520553478,2.0097801380375155e-16,1.1102230246251565e-16,2.0816681711721685e-17
0.3,0.8,6,True,True,0.25447647761202563,0.027723678030623162,6.166894861931333,True,True,1156.7989326131687,11.046291714771675,104.72283029301472,104.72283029301468,4.070990444616519e-16,1.1102230246251565e-16,6.938893903907228e-18
0.3,0.8,7,True,True,0.23487437239909142,0.027723678030623162,6.166894861931333,True,True,4819.74555255487,14.95946310328955,322.18706776281425,322.18706776281414,3.528597175269287e-16,2.7755575615628914e-17,6.938893903907228e-18
0.3,0.8,8,True,True,0.2219773983360306,0.027723678030623162,6.166894861931333,True,True,20082.023135645293,19.78552092550018,1014.9858177230489,1014.9858177230483,5.600415086422268e-16,1.1102230246251565e-16,3.469446951953614e-18
0.3,0.8,9,True,True,0.21298419643577596,0.027723678030623162,6.166894861931333,True,True,83674.84639852207,25.776122191594034,3246.215461603051,3246.2154616030484,8.405123250726564e-16,1.734723475976807e-18,1.3877787807814457e-17
0.3,0.8,10,True,True,0.2064415661994479,0.027723678030623162,6.166894861931333,True,True,348644.9433271752,33.241263113063596,10488.318152692582,10488.318152692575,6.937201473351123e-16,1.1102230246251565e-16,6.938893903907228e-18
0.3,0.8,11,True,True,0.2015446995245642,0.027723678030623162,6.166894861931333,True,True,1452687.0138632304,42.56113690112451,34131.77183772196,34131.771837721935,6.395177181638848e-16,6.938893903907228e-18,6.938893903907228e-18
0.3,0.8,12,True,True,0.19781107967095118,0.027723678030623162,6.166894861931333,True,True,6052862.30776346,54.20557842447454,111664.93345693203,111664.93345693196,6.515884072943714e-16,2.7755575615628914e-17,3.469446951953614e-18
0.3,0.8,13,True,True,0.19492914753340623,0.027723678030623162,6.166894861931333,True,True,25220259.365681086,68.75872606614635,366793.58110007783,366793.58110007754,7.934661879699822e-16,1.0842021724855044e-19,5.204170427930421e-18
0.3,0.8,14,True,True,0.19268565373011476,0.027723678030623162,6.166894861931333,True,True,105084413.77367117,86.9491291009882,1208573.50568307,1208573.5056830696,3.8529827529567905e-16,2.7755575615628914e-17,6.938893903907228e-18
0.3,0.8,15,True,True,0.19092845070829256,0.027723678030623162,6.166894861931333,True,True,437851723.8069633,109.68670273059028,3991839.6023117197,3991839.6023117155,1.049879755524904e-15,6.938893903907228e-18,5.204170427930421e-18
0.3,0.8,16,True,True,0.1895458378427349,0.027723678030623162,6.166894861931333,True,True,1824382182.2790136,138.10849430362182,13209775.339873284,13209775.339873275,7.050252942639469e-16,1.0842021724855044e-19,6.938893903907228e-18
0.3,0.8,17,True,True,0.1884541584674581,0.027723678030623162,6.166894861931333,True,True,7601592425.912558,173.6356634287138,43778981.0906755,43778981.09067546,1.021117496749243e-15,2.7755575615628914e-17,3.469446951953614e-18
0.3,0.8,18,True,True,0.18758985133366385,0.027723678030623162,6.166894861931333,True,True,31673301774.385662,218.0445970191099,145260658.63310406,145260658.6331039,1.0258222242737226e-15,1.734723475976807e-18,6.938893903907228e-18
0.3,0.8,19,True,True,0.18690410031350616,0.027723678030623162,6.166894861931333,True,True,131972090726.35693,273.55575312577986,482432152.19705755,482432152.1970571,8.648522108810631e-16,1.1102230246251565e-16,5.204170427930421e-18
0.3,0.8,20,True,True,0.1863591010893017,0.027723678030623162,6.166894861931333,True,True,549883711359.5706,342.9446940388076,1603418046.4601262,1603418046.4601245,1.0408577210387799e-15,2.7755575615628914e-17,8.673617379884035e-18
0.3,0.8,21,True,True,0.18592538550597595,0.027723678030623162,6.166894861931333,True,True,2291182130664.627,429.68086855436826,5332287980.08427,5332287980.084264,1.0730939363757089e-15,6.938893903907228e-18,5.204170427930421e-18
0.3,0.8,22,True,True,0.18557986407602914,0.027723678030623162,6.166894861931333,True,True,9546592211102.363,538.1010860759543,17741261740.837368,17741261740.837345,1.2901102485323986e-15,2.7755575615628914e-17,6.938893903907228e-18
0.3,0.8,23,True,True,0.1853043702671471,0.027723678030623162,6.166894861931333,True,True,39777467546259.6,673.6263577403271,59049749299.73453,59049749299.734436,1.5504339215782536e-15,1.734723475976807e-18,4.336808689942018e-18
0.3,0.8,24,True,True,0.1850845634599782,0.027723678030623162,6.166894861931333,True,True,165739448109414.78,843.0329472304619,196599016270.8388,196599016270.83856,1.2418201760667369e-15,1.1102230246251565e-16,3.903127820947816e-18
0.3,0.8,25,True,True,0.18490909312034298,0.027723678030623162,6.166894861931333,True,True,690581033789228.0,1054.7911840588838,654708765323.4275,654708765323.4265,1.4915983284836237e-15,1.1102230246251565e-16,8.673617379884035e-18
0.3,0.8,26,True,True,0.1847689562208589,0.027723678030623162,6.166894861931333,True,True,2877420974121783.0,1319.4889800814556,2180708605799.9153,2180708605799.912,1.4554113816760029e-15,1.734723475976807e-18,8.673617379884035e-18
0.3,0.8,27,True,True,0.1846569995449767,0.027723678030623162,6.166894861931333,True,True,1.1989254058840764e+16,1650.3612251047787,7264624178309.562,7264624178309.551,1.478698310653651e-15,1.734723475976807e-18,2.6020852139652106e-18
0.3,0.8,28,True,True,0.184567531843365,0.027723678030623162,6.166894861931333,True,True,4.995522524516984e+16,2063.951531382087,24203681377981.9,24203681377981.863,1.4525166420337077e-15,1.1102230246251565e-16,4.336808689942018e-18
0.3,0.8,29,True,True,0.18449602007873264,0.027723678030623162,6.166894861931333,True,True,2.0814677185487434e+17,2580.939414228027,80647678402451.83,80647678402451.7,1.5499516226148423e-15,3.469446951953614e-18,5.204170427930421e-18
0.3,0.8,30,True,True,0.18443885055369352,0.027723678030623162,6.166894861931333,True,True,8.672782160619766e+17,3227.1742677851917,268742294061854.06,268742294061853.66,1.511671251516881e-15,1.734723475976807e-18,3.469446951953614e-18
0.3,0.8,31,True,True,0.1843931404370038,0.027723678030623162,6.166894861931333,True,True,3.6136592335915694e+18,4034.9678347315494,895585635772977.6,895585635772976.1,1.6748817087774709e-15,1.0842021724855044e-19,5.204170427930421e-18
0.3,0.8,32,True,True,0.18435658865345392,0.027723678030623162,6.166894861931333,True,True,1.5056913473298205e+19,5044.7097934144585,2984693687029138.5,2984693687029134.5,1.3401710257180422e-15,4.336808689942018e-19,5.204170427930421e-18
0.3,0.8,33,True,True,0.18432735765857672,0.027723678030623162,6.166894861931333,True,True,6.273713947207586e+19,6306.8872417680805,9947401478274734.0,9947401478274714.0,2.010575329012338e-15,4.336808689942018e-19,3.469446951953614e-18
0.3,0.8,34,True,True,0.18430397953590272,0.027723678030623162,6.166894861931333,True,True,2.6140474780031612e+20,7884.609052210104,3.3153799518701916e+16,3.3153799518701852e+16,1.9303971469061338e-15,4.336808689942018e-19,6.938893903907228e-18
0.3,0.8,35,True,True,0.18428528130697727,0.027723678030623162,6.166894861931333,True,True,1.0891864491679837e+21,9856.761315262633,1.1050145319857149e+17,1.105014531985713e+17,1.7375337105746082e-15,4.336808689942018e-19,5.204170427930421e-18
0.3,0.8,36,True,True,0.18427032545528832,0.027723678030623162,6.166894861931333,True,True,4.5382768715332657e+21,12321.951644078288,3.6830828448464826e+17,3.6830828448464755e+17,1.9114422065880663e-15,4.336808689942018e-19,5.204170427930421e-18
0.3,0.8,37,True,True,0.18425836252163344,0.027723678030623162,6.166894861931333,True,True,1.890948696472194e+22,15403.43955509786,1.2276145790089935e+18,1.2276145790089915e+18,1.6682760493552266e-15,4.336808689942018e-19,1.734723475976807e-18
0.3,0.8,38,True,True,0.18424879329301358,0.027723678030623162,6.166894861931333,True,True,7.878952901967476e+22,19255.29944387232,4.0918360812481787e+18,4.0918360812481695e+18,2.252289636487286e-15,4.336808689942018e-19,3.469446951953614e-18
0.3,0.8,39,True,True,0.184241138625719,0.027723678030623162,6.166894861931333,True,True,3.282897042486448e+23,24070.124304840407,1.3638886949272093e+19,1.3638886949272066e+19,1.9520654507236732e-15,4.336808689942018e-19,4.336808689942018e-18
0.3,0.8,40,True,True,0.1842350153498101,0.027723678030623162,6.166894861931333,True,True,1.3678737677026868e+24,30088.655381050503,4.546144553086803e+19,4.546144553086794e+19,1.982163104312526e-15,4.336808689942018e-19,6.071532165918825e-18
0.3,0.8,41,True,True,0.1842301170221264,0.027723678030623162,6.166894861931333,True,True,5.699474032094529e+24,37611.819226313135,1.5153412276604774e+20,1.515341227660474e+20,2.1624172431835904e-15,4.336808689942018e-19,6.938893903907228e-18
0.3,0.8,42,True,True,0.18422619854751207,0.027723678030623162,6.166894861931333,True,True,2.3747808467060538e+25,47015.77403289141,5.051029990582946e+20,5.0510299905829346e+20,2.2057125023552303e-15,4.336808689942018e-19,2.6020852139652106e-18
0.3,0.8,43,True,True,0.18422306388783363,0.027723678030623162,6.166894861931333,True,True,9.894920194608558e+25,58770.71754111426,1.6836480153039418e+21,1.6836480153039376e+21,2.491200038175931e-15,4.336808689942018e-19,3.469446951953614e-18
0.3,0.8,44,True,True,0.18422055623689532,0.027723678030623162,6.166894861931333,True,True,4.122883414420232e+26,73464.3969263928,5.612083658089687e+21,5.612083658089672e+21,2.615795646388676e-15,4.336808689942018e-19,3.469446951953614e-18
0.3,0.8,45,True,True,0.1842185501652974,0.027723678030623162,6.166894861931333,True,True,1.7178680893417635e+27,91831.49615799102,1.8706741817494364e+22,1.8706741817494322e+22,2.2421349697987153e-15,4.336808689942018e-19,4.336808689942018e-18
0.3,0.8,46,True,True,0.1842169453394758,0.027723678030623162,6.166894861931333,True,True,7.157783705590681e+27,114790.37019748875,6.2355262843705606e+22,6.235526284370546e+22,2.2869975924477336e-15,4.336808689942018e-19,2.6020852139652106e-18
0.3,0.8,47,True,True,0.18421566149895025,0.027723678030623162,6.166894861931333,True,True,2.982409877329451e+28,143488.96274686093,2.078494275961094e+23,2.0784942759610886e+23,2.5829799880096026e-15,4.336808689942018e-19,3.469446951953614e-18
0.3,0.8,48,True,True,0.18421463443941388,0.027723678030623162,6.166894861931333,True,True,1.2426707822206045e+29,179362.20343357616,6.92827562569952e+23,6.928275625699501e+23,2.7121441084559696e-15,4.336808689942018e-19,3.0357660829594124e-18
0.3,0.8,49,True,True,0.1842138128000305,0.027723678030623162,6.166894861931333,True,True,5.177794925919186e+29,224203.75429197017,2.3094149080021126e+24,2.309414908002107e+24,2.44094058476341e-15,4.336808689942018e-19,1.734723475976807e-18
0.3,0.9,2,True,True,0.6337396384935653,0.006982601099275196,12.629276939860068,True,True,3.592592592592592,1.700663351813871,2.112465461645218,2.112465461645218,0.0,0.0,0.0
0.3,0.9,3,True,True,0.44833912345809496,0.006982601099275196,12.629276939860068,True,True,13.194787379972562,2.648733519033447,4.981545816201054,4.981545816201056,3.5658747403730724e-16,1.1102230246251565e-16,6.938893903907228e-18
0.3,0.9,4,True,True,0.3370753806782759,0.006982601099275196,12.629276939860068,True,True,48.75847177767616,3.9055914892039505,12.484273358454665,12.484273358454663,1.4228756359273862e-16,2.7755575615628914e-17,6.938893903907228e-18
0.3,0.9,5,True,True,0.26688372284397116,0.006982601099275196,12.629276939860068,True,True,180.47582139880058,5.4774946098340065,32.94860775851495,32.94860775851497,4.313036477703513e-16,6.938893903907228e-18,5.204170427930421e-18
0.3,0.9,6,True,True,0.22181611953556288,0.006982601099275196,12.629276939860068,True,True,668.3178570325946,7.321435412311568,91.28235371833857,91.28235371833864,7.784009798351113e-16,5.551115123125783e-17,3.469446951953614e-18
0.3,0.9,7,True,True,0.19231185931842595,0.006982601099275196,12.629276939860068,True,True,2475.140211231832,9.382558207189685,263.8022761569629,263.802276156963,4.3095472631165655e-16,5.551115123125783e-17,1.734723475976807e-18
0.3,0.9,8,True,True,0.1723830089587978,0.006982601099275196,12.629276939860068,True,True,9167.07485641419,11.630144311826994,788.2167762176394,788.2167762176399,5.7693183475316025e-16,1.1102230246251565e-16,1.3010426069826053e-18
0.3,0.9,9,True,True,0.1583503496400605,0.006982601099275196,12.629276939860068,True,True,33952.01798671923,14.067489621412859,2413.5093680850555,2413.5093680850564,3.768349581731874e-16,2.7755575615628914e-17,1.0842021724855044e-18
0.3,0.9,10,True,True,0.14801302274317849,0.006982601099275196,12.629276939860068,True,True,125748.10365451565,16.72217672715493,7519.840610840746,7519.840610840753,8.46622055157988e-16,2.220446049250313e-16,5.421010862427522e-19
0.3,0.9,11,True,True,0.14007411157624455,0.006982601099275196,12.629276939860068,True,True,465733.60612783564,19.633252282505673,23721.673792315618,23721.67379231564,9.201657957888774e-16,2.7755575615628914e-17,3.2526065174565133e-19
0.3,0.9,12,True,True,0.1337663682215882,0.006982601099275196,12.629276939860068,True,True,1724939.1708438357,22.84339504465655,75511.50638824711,75511.50638824719,9.635561468968225e-16,5.551115123125783e-17,2.168404344971009e-19
0.3,0.9,13,True,True,0.12862455675832785,0.006982601099275196,12.629276939860068,True,True,6388663.484606799,26.396185895529623,242029.79589141184,242029.79589141204,8.417426972030297e-16,5.551115123125783e-17,2.168404344971009e-19
0.3,0.9,14,True,True,0.12435439996493494,0.006982601099275196,12.629276939860068,True,True,23661716.498543695,30.336215561126195,779982.4751003082,779982.475100309,1.044776362037805e-15,6.938893903907228e-18,1.6263032587282567e-19
0.3,0.9,15,True,True,0.1207598507805302,0.006982601099275196,12.629276939860068,True,True,87635986.92053221,34.71022910479543,2524788.4897545883,2524788.4897545907,9.221788066552092e-16,6.938893903907228e-18,1.8973538018496328e-19
0.3,0.9,16,True,True,0.11770336110458607,0.006982601099275196,12.629276939860068,True,True,324577729.22419333,39.56841679967687,8202949.611742969,8202949.61174298,1.3624210100458083e-15,2.7755575615628914e-17,8.131516293641283e-20
0.3,0.9,17,True,True,0.11508402080650376,0.006982601099275196,12.629276939860068,True,True,1202139737.7562716,44.96555953776945,26734677.609126993,26734677.60912703,1.3934300435289805e-15,2.7755575615628914e-17,1.2197274440461925e-19
0.3,0.9,18,True,True,0.1128251651937196,0.006982601099275196,12.629276939860068,True,True,4452369398.98619,50.962009134580484,87366441.68067181,87366441.68067193,1.3644745883836759e-15,1.3877787807814457e-17,9.486769009248164e-20
0.3,0.9,19,True,True,0.11086700649790601,0.006982601099275196,12.629276939860068,True,True,16490257033.171074,57.62456879944257,286167122.405098,286167122.40509844,1.4580029666619062e-15,1.1102230246251565e-16,1.2197274440461925e-19
0.3,0.9,20,True,True,0.10916199878772707,0.006982601099275196,12.629276939860068,True,True,61075026048.67065,65.02734482759577,939220664.9463586,939220664.9463598,1.2692362295668767e-15,2.7755575615628914e-17,6.776263578034403e-20
0.3,0.9,21,True,True,0.10767175871155471,0.006982601099275196,12.629276939860068,True,True,226203800180.15054,73.25262365482558,3087995881.841007,3087995881.841012,1.5441638410438637e-15,1.1102230246251565e-16,8.131516293641283e-20
0.3,0.9,22,True,True,0.10636492343538766,0.006982601099275196,12.629276939860068,True,True,837791852518.9647,82.39181118075633,10168387373.849134,10168387373.849154,1.8757631497377643e-15,1.1102230246251565e-16,8.131516293641283e-20
0.3,0.9,23,True,True,0.1052156064972776,0.006982601099275196,12.629276939860068,True,True,3102932787107.166,92.54645959527882,33528379158.714565,33528379158.71462,1.5928524747928025e-15,6.938893903907228e-18,7.453889935837843e-20
0.3,0.9,24,True,True,0.10420225464977852,0.006982601099275196,12.629276939860068,True,True,11492343655952.355,103.82940058062958,110684869523.32812,110684869523.32832,1.7921533328518047e-15,1.1102230246251565e-16,4.0657581468206416e-20
0.3,0.9,25,True,True,0.10330678437695752,0.006982601099275196,12.629276939860068,True,True,42564235762786.38,116.3660010293877,365778967965.368,365778967965.36865,1.83549842268013e-15,6.938893903907228e-18,5.421010862427522e-20
0.3,0.9,26,True,True,0.1025139192822652,0.006982601099275196,12.629276939860068,True,True,157645317639949.44,130.29555684099242,1209905552131.2488,1209905552131.2512,2.0178486210758e-15,6.938893903907228e-18,4.0657581468206416e-20
0.3,0.9,27,True,True,0.10181067494752401,0.006982601099275196,12.629276939860068,True,True,583871546814627.4,145.77284098613987,4005352045448.178,4005352045448.187,2.194329587080411e-15,1.1102230246251565e-16,7.453889935837843e-20
0.3,0.9,28,True,True,0.10118595391164989,0.006982601099275196,12.629276939860068,True,True,2162487210424545.8,162.96982333663024,13269249276645.01,13269249276645.04,2.2078773553199344e-15,2.7755575615628914e-17,6.098637220230962e-20
0.3,0.9,29,True,True,0.10063022402024255,0.006982601099275196,12.629276939860068,True,True,8009211890461279.0,182.07758149185042,43987907928246.3,43987907928246.41,2.4864787881800107e-15,2.7755575615628914e-17,4.404571325722362e-20
0.3,0.9,30,True,True,0.10013526064224311,0.006982601099275196,12.629276939860068,True,True,2.966374774244918e+16,203.30842388222112,145905158163213.78,145905158163214.1,2.141802277136958e-15,2.220446049250313e-16,4.0657581468206416e-20
0.3,0.9,31,True,True,0.0996939383258545,0.006982601099275196,12.629276939860068,True,True,1.0986573237944139e+17,226.8982487588677,484207053075140.06,484207053075141.25,2.45246324368538e-15,1.1102230246251565e-16,3.049318610115481e-20
0.3,0.9,32,True,True,0.09930006109014858,0.006982601099275196,12.629276939860068,True,True,4.0691011992385696e+17,253.1091652879276,1607646722160262.8,1607646722160267.0,2.643615628618385e-15,1.1102230246251565e-16,3.3881317890172014e-20
0.3,0.9,33,True,True,0.09894822317560294,0.006982601099275196,12.629276939860068,True,True,1.5070745182365074e+18,282.23240587557893,5339835138920565.0,5339835138920578.0,2.434532089810527e-15,1.1102230246251565e-16,5.421010862427522e-20
0.3,0.9,34,True,True,0.09863369400475142,0.006982601099275196,12.629276939860068,True,True,5.581757474950026e+18,314.5915620840127,1.7742870908468294e+16,1.7742870908468344e+16,2.818033240389295e-15,1.1102230246251565e-16,2.0328790734103208e-20
0.3,0.9,35,True,True,0.09835232253472223,0.006982601099275196,12.629276939860068,True,True,2.0673175833148244e+19,350.5461800933599,5.897418658974523e+16,5.89741865897454e+16,2.848703979059413e-15,1.1102230246251565e-16,3.3881317890172014e-20
0.3,0.9,36,True,True,0.09810045725549761,0.006982601099275196,12.629276939860068,True,True,7.656731790054905e+19,390.4957556592932,1.9607720901159776e+17,1.9607720901159834e+17,2.937618313232562e-15,1.1102230246251565e-16,2.710505431213761e-20
0.3,0.9,37,True,True,0.09787487889841667,0.006982601099275196,12.629276939860068,True,True,2.835826588909224e+20,434.88417295477154,6.520877891787875e+17,6.520877891787891e+17,2.5518036491613635e-15,1.1102230246251565e-16,2.0328790734103208e-20
0.3,0.9,38,True,True,0.09767274353766837,0.006982601099275196,12.629276939860068,True,True,1.0503061440404531e+21,484.2046366164133,2.1691368991836093e+18,2.1691368991836157e+18,2.950482287405985e-15,1.1102230246251565e-16,2.710505431213761e-20
0.3,0.9,39,True,True,0.09749153424270665,0.006982601099275196,12.629276939860068,True,True,3.890022755705382e+21,539.005151796015,7.217041883075638e+18,7.217041883075658e+18,2.695841359272882e-15,1.1102230246251565e-16,3.3881317890172014e-20
0.3,0.9,40,True,True,0.09732901980748304,0.006982601099275196,12.629276939860068,True,True,1.4407491687797712e+22,599.8946131066834,2.4016704556130976e+19,2.4016704556131045e+19,2.899315342671531e-15,1.1102230246251565e-16,2.371692252312041e-20
0.3,0.9,41,True,True,0.097183219369337,0.006982601099275196,12.629276939860068,True,True,5.33610803251767e+22,667.5495701185371,7.993575715388649e+19,7.993575715388673e+19,3.0744689079116373e-15,1.1102230246251565e-16,3.7269449679189215e-20
0.3,0.9,42,True,True,0.0970523719556467,0.006982601099275196,12.629276939860068,True,True,1.9763363083398776e+23,742.7217445761524,2.6609377236796932e+20,2.660937723679702e+20,3.324903067541674e-15,1.1102230246251565e-16,2.0328790734103208e-20
0.3,0.9,43,True,True,0.09693491017430804,0.006982601099275196,12.629276939860068,True,True,7.31976410496251e+23,826.2463828623916,8.859057366889061e+20,8.85905736688909e+20,3.254955782064867e-15,1.1102230246251565e-16,3.049318610115481e-20
0.3,0.9,44,True,True,0.09682943740556428,0.006982601099275196,12.629276939860068,True,True,2.7110237425787074e+24,919.0515365137684,2.9498060063774165e+21,2.949806006377426e+21,3.199255808550455e-15,1.1102230246251565e-16,2.0328790734103208e-20
0.3,0.9,45,True,True,0.09673470796579918,0.006982601099275196,12.629276939860068,True,True,1.0040828676217432e+25,1022.168373904187,9.823067248565265e+21,9.8230672485653e+21,3.629373911209562e-15,1.1102230246251565e-16,4.743384504624082e-20
0.3,0.9,46,True,True,0.09664960980482584,0.006982601099275196,12.629276939860068,True,True,3.7188254356360863e+25,1136.7426376713188,3.2714752771606327e+22,3.271475277160644e+22,3.4616250592083906e-15,1.1102230246251565e-16,1.1858461261560205e-20
0.3,0.9,47,True,True,0.09657314937169512,0.006982601099275196,12.629276939860068,True,True,1.377342753939291e+26,1264.0473751903542,1.0896290605657685e+23,1.0896290605657724e+23,3.5413516577801264e-15,1.1102230246251565e-16,5.759824041329242e-20
0.3,0.9,48,True,True,0.09650443834375891,0.006982601099275196,12.629276939860068,True,True,5.101269459034411e+26,1405.497083544838,3.6295126605089615e+23,3.629512660508974e+23,3.5130568075252133e-15,1.1102230246251565e-16,1.3552527156068805e-20
0.3,0.9,49,True,True,0.0964426819624882,0.006982601099275196,12.629276939860068,True,True,1.8893590589016335e+27,1562.6634261609313,1.2090633384460213e+24,1.2090633384460262e+24,3.996348292398164e-15,1.1102230246251565e-16,2.710505431213761e-20
0.4,0.1,2,True,True,0.6822093833899926,0.35904266979237826,3.6418976256020845,True,True,15.999999999999996,9.381284039509273,1.705523458474981,1.7055234584749814,2.603829385302923e-16,0.0,0.0
0.4,0.1,3,True,True,0.6067613795988064,0.35904266979237826,3.6418976256020845,True,True,390.99999999999983,103.10478237979643,3.792258622492539,3.792258622492539,0.0,1.1102230246251565e-16,1.3877787807814457e-17
0.4,0.1,4,True,True,0.5799637614872815,0.35904266979237826,3.6418976256020845,True,True,9765.999999999995,1077.6949207949895,9.061933773238769,9.061933773238772,3.9204807359022957e-16,3.469446951953614e-18,1.3877787807814457e-17
0.4,0.1,5,True,True,0.569465856101659,0.35904266979237826,3.6418976256020845,True,True,244140.99999999977,10975.213936064798,22.244760003971038,22.244760003971052,6.388405499841371e-16,3.469446951953614e-18,1.3877787807814457e-17
0.4,0.1,6,True,True,0.5652845457477987,0.35904266979237826,3.6418976256020845,True,True,6103515.9999999935,110563.79359764825,55.20356892068344,55.20356892068345,2.5742637646526396e-16,1.0842021724855044e-19,1.0842021724855044e-19
0.4,0.1,7,True,True,0.5636136452091155,0.35904266979237826,3.6418976256020845,True,True,152587890.9999998,1108915.6674056537,137.6009875998816,137.60098759988168,6.196549151169417e-16,1.1102230246251565e-16,1.1102230246251565e-16
0.4,0.1,8,True,True,0.5629454410354859,0.35904266979237826,3.6418976256020845,True,True,3814697265.9999943,11102319.239175472,343.5946295382601,343.59462953826034,6.61749794368987e-16,3.469446951953614e-18,1.734723475976807e-18
0.4,0.1,9,True,True,0.562678174719775,0.35904266979237826,3.6418976256020845,True,True,95367431640.99985,111075927.24983865,858.5787578121557,858.5787578121563,6.620641186797737e-16,1.0842021724855044e-19,1.1102230246251565e-16
0.4,0.1,10,True,True,0.5625712697188833,0.35904266979237826,3.6418976256020845,True,True,2384185791015.9956,1110970349.2544336,2146.0390843158057,2146.0390843158075,8.476031106981354e-16,3.469446951953614e-18,1.3552527156068805e-20
0.4,0.1,11,True,True,0.5625285078706672,0.35904266979237826,3.6418976256020845,True,True,59604644775390.88,11110548021.21601,5364.689902025856,5364.689902025861,8.476675431225549e-16,3.469446951953614e-18,1.1102230246251565e-16
0.4,0.1,12,True,True,0.562511403146579,0.35904266979237826,3.6418976256020845,True,True,1490116119384763.0,111108858683.37457,13411.316946663335,13411.316946663348,9.494165170698519e-16,1.1102230246251565e-16,1.1102230246251565e-16
0.4,0.1,13,True,True,0.5625045612584629,0.35904266979237826,3.6418976256020845,True,True,3.725290298461906e+16,1111102101290.9102,33527.88455834758,33527.88455834762,1.3020727749502867e-15,2.117582368135751e-22,1.1102230246251565e-16
0.4,0.1,14,True,True,0.5625018245033682,0.35904266979237826,3.6418976256020845,True,True,9.313225746154762e+17,11111075071655.293,83819.30358758081,83819.30358758089,8.680527399730711e-16,3.469446951953614e-18,1.3877787807814457e-17
0.4,0.1,15,True,True,0.5625007298013456,0.35904266979237826,3.6418976256020845,True,True,2.32830643653869e+19,111110966953007.6,209547.85116066947,209547.85116066976,1.3888870869125967e-15,2.168404344971009e-19,1.734723475976807e-18
0.4,0.1,16,True,True,0.5625002919205381,0.35904266979237826,3.6418976256020845,True,True,5.820766091346724e+20,1111110534478247.6,523869.2200933928,523869.2200933933,8.888884275825999e-16,2.168404344971009e-19,1.1102230246251565e-16
0.4,0.1,17,True,True,0.5625001167682152,0.35904266979237826,3.6418976256020845,True,True,1.4551915228366807e+22,1.1111108804578934e+16,1309672.642425201,1309672.6424252028,1.4222219269861057e-15,2.168404344971009e-19,1.734723475976807e-18
0.4,0.1,18,True,True,0.5625000467072861,0.35904266979237826,3.6418976256020845,True,True,3.637978807091701e+23,1.111111018849812e+17,3274181.1982547203,3274181.198254726,1.706666524953314e-15,2.168404344971009e-19,1.3877787807814457e-17
0.4,0.1,19,True,True,0.5625000186829144,0.35904266979237826,3.6418976256020845,True,True,9.094947017729251e+24,1.1111110742065889e+18,8185452.587828521,8185452.587828533,1.479111061983814e-15,2.168404344971009e-19,1.0842021724855044e-19
0.4,0.1,20,True,True,0.5625000074731658,0.35904266979237826,3.6418976256020845,True,True,2.2737367544323122e+26,1.1111110963493014e+19,20463631.061763015,20463631.061763052,1.8204444202586987e-15,2.168404344971009e-19,1.3552527156068805e-20
0.4,0.1,21,True,True,0.5625000029892663,0.35904266979237826,3.6418976256020845,True,True,5.68434188608078e+27,1.1111111052063864e+20,51159077.24659926,51159077.24659934,1.6019911025977298e-15,2.168404344971009e-19,1.0587911840678754e-22
0.4,0.1,22,True,True,0.5625000011957065,0.35904266979237826,3.6418976256020845,True,True,1.4210854715201946e+29,1.1111111087492204e+21,127897692.70868985,127897692.70869008,1.7476266629517378e-15,2.168404344971009e-19,1.6940658945086007e-21
0.4,0.1,23,True,True,0.5625000004782825,0.35904266979237826,3.6418976256020845,True,True,3.5527136788004855e+30,1.111111110166354e+22,319744231.3639163,319744231.3639168,1.677721598573469e-15,2.168404344971009e-19,1.6940658945086007e-21
0.4,0.1,24,True,True,0.562500000191313,0.35904266979237826,3.6418976256020845,True,True,8.881784197001213e+31,1.1111111107332075e+23,799360578.0019823,799360578.0019838,1.7895697060580148e-15,2.168404344971009e-19,1.6940658945086007e-21
0.4,0.1,25,True,True,0.5625000000765251,0.35904266979237826,3.6418976256020845,True,True,2.2204460492503026e+33,1.1111111109599488e+24,1998401444.597147,1998401444.5971508,1.9088743535180883e-15,2.168404344971009e-19,1.6940658945086007e-21
0.4,0.1,26,True,True,0.5625000000306101,0.35904266979237826,3.6418976256020845,True,True,5.551115123125756e+34,1.1111111110506453e+25,4996003611.085059,4996003611.08507,2.099761789041294e-15,2.168404344971009e-19,1.6940658945086007e-21
0.4,0.1,27,True,True,0.562500000012244,0.35904266979237826,3.6418976256020845,True,True,1.3877787807814386e+36,1.1111111110869237e+26,12490009027.304838,12490009027.304863,1.9852293278856795e-15,2.168404344971009e-19,1.6940658945086007e-21
0.4,0.1,28,True,True,0.5625000000048976,0.35904266979237826,3.6418976256020845,True,True,3.469446951953596e+37,1.1111111111014353e+27,31225022567.854275,31225022567.854355,2.5655271314549993e-15,2.168404344971009e-19,1.6940658945086007e-21
0.4,0.1,29,True,True,0.562500000001959,0.35904266979237826,3.6418976256020845,True,True,8.673617379883988e+38,1.1111111111072396e+28,78062556419.22789,78062556419.22806,2.150156072087804e-15,2.168404344971009e-19,1.6940658945086007e-21
0.4,0.1,30,True,True,0.5625000000007837,0.35904266979237826,3.6418976256020845,True,True,2.1684043449709965e+40,1.1111111111095614e+29,195156391047.6619,195156391047.66238,2.501999792980127e-15,2.168404344971009e-19,1.6940658945086007e-21
0.4,0.1,31,True,True,0.5625000000003134,0.35904266979237826,3.6418976256020845,True,True,5.421010862427491e+41,1.1111111111104901e+30,487890977618.7469,487890977618.74805,2.3768998033331078e-15,2.168404344971009e-19,1.6940658945086007e-21
0.4,0.1,32,True,True,0.5625000000001255,0.35904266979237826,3.6418976256020845,True,True,1.3552527156068722e+43,1.1111111111108617e+31,1219727444046.4587,1219727444046.4624,3.0023997515796664e-15,2.168404344971009e-19,1.6940658945086007e-21
0.4,0.1,33,True,True,0.5625000000000502,0.35904266979237826,3.6418976256020845,True,True,3.3881317890171803e+44,1.11111111111101e+32,3049318610115.7397,3049318610115.748,2.7221757747659284e-15,2.168404344971009e-19,1.6940658945086007e-21
0.4,0.1,34,True,True,0.56250000000002,0.35904266979237826,3.6418976256020845,True,True,8.470329472542949e+45,1.1111111111110695e+33,7623296525288.939,7623296525288.96,2.6901501774158854e-15,2.168404344971009e-19,1.6940658945086007e-21
0.4,0.1,35,True,True,0.5625000000000079,0.35904266979237826,3.6418976256020845,True,True,2.117582368135737e+47,1.1111111111110932e+34,19058241313221.938,19058241313221.99,2.664529699535792e-15,2.168404344971009e-19,1.6940658945086007e-21
0.4,0.1,36,True,True,0.5625000000000032,0.35904266979237826,3.6418976256020845,True,True,5.2939559203393416e+48,1.1111111111111027e+35,47645603283054.44,47645603283054.58,2.951479051793517e-15,2.168404344971009e-19,1.6940658945086007e-21
0.4,0.1,37,True,True,0.5625000000000013,0.35904266979237826,3.6418976256020845,True,True,1.323488980084835e+50,1.1111111111111065e+36,119114008207635.64,119114008207636.03,3.2794211686594746e-15,2.168404344971009e-19,1.6940658945086007e-21
0.4,0.1,38,True,True,0.5625000000000006,0.35904266979237826,3.6418976256020845,True,True,3.3087224502120865e+51,1.1111111111111078e+37,297785020519088.7,297785020519089.6,3.1482443219131006e-15,2.168404344971009e-19,1.6940658945086007e-21
0.4,0.1,39,True,True,0.5625000000000002,0.35904266979237826,3.6418976256020845,True,True,8.271806125530215e+52,1.1111111111111084e+38,744462551297721.1,744462551297723.6,3.358127276707309e-15,2.168404344971009e-19,1.6940658945086007e-21
0.4,0.1,40,True,True,0.5625000000000001,0.35904266979237826,3.6418976256020845,True,True,2.0679515313825535e+54,1.1111111111111084e+39,1861156378244302.5,1861156378244308.5,3.2238021856390176e-15,2.168404344971009e-19,1.6940658945086007e-21
0.4,0.1,41,True,True,0.5625,0.35904266979237826,3.6418976256020845,True,True,5.169878828456382e+55,1.1111111111111086e+40,4652890945610755.0,4652890945610770.0,3.2238021856390184e-15,2.168404344971009e-19,1.6940658945086007e-21
0.4,0.1,42,True,True,0.5625,0.35904266979237826,3.6418976256020845,True,True,1.2924697071140953e+57,1.1111111111111087e+41,1.1632227364026884e+16,1.1632227364026924e+16,3.4387223313482867e-15,2.168404344971009e-19,1.6940658945086007e-21
0.4,0.1,43,True,True,0.5625,0.35904266979237826,3.6418976256020845,True,True,3.231174267785238e+58,1.1111111111111087e+42,2.908056841006721e+16,2.908056841006731e+16,3.576271224602218e-15,2.168404344971009e-19,1.6940658945086007e-21
0.4,0.1,44,True,True,0.5625,0.35904266979237826,3.6418976256020845,True,True,8.077935669463095e+59,1.1111111111111084e+43,7.270142102516803e+16,7.270142102516827e+16,3.3011734380943555e-15,2.168404344971009e-19,1.6940658945086007e-21
0.4,0.1,45,True,True,0.5625,0.35904266979237826,3.6418976256020845,True,True,2.0194839173657728e+61,1.1111111111111085e+44,1.8175355256291997e+17,1.8175355256292067e+17,3.8733768340307105e-15,2.168404344971009e-19,1.6940658945086007e-21
0.4,0.1,46,True,True,0.5625,0.35904266979237826,3.6418976256020845,True,True,5.048709793414431e+62,1.1111111111111085e+45,4.543838814072999e+17,4.543838814073017e+17,3.943801867376723e-15,2.168404344971009e-19,1.6940658945086007e-21
0.4,0.1,47,True,True,0.5625,0.35904266979237826,3.6418976256020845,True,True,1.2621774483536075e+64,1.1111111111111083e+46,1.1359597035182497e+18,1.1359597035182541e+18,3.831121814023103e-15,2.168404344971009e-19,1.6940658945086007e-21
0.4,0.1,48,True,True,0.5625,0.35904266979237826,3.6418976256020845,True,True,3.1554436208840183e+65,1.1111111111111083e+47,2.8398992587956234e+18,2.839899258795635e+18,4.146625963413241e-15,2.168404344971009e-19,1.6940658945086007e-21
0.4,0.1,49,True,True,0.5625,0.35904266979237826,3.6418976256020845,True,True,7.888609052210045e+66,1.1111111111111081e+48,7.09974814698906e+18,7.099748146989087e+18,3.749992175608497e-15,2.168404344971009e-19,1.6940658945086007e-21
0.4,0.2,2,True,True,0.6658113691121302,0.30014366869314046,2.5133431554838257,True,True,8.499999999999998,5.10655143142712,1.6645284227803254,1.6645284227803256,1.3339790530830448e-16,1.1102230246251565e-16,0.0
0.4,0.2,3,True,True,0.5723887555732323,0.30014366869314046,2.5133431554838257,True,True,102.24999999999996,28.58197307460362,3.5774297223327007,3.5774297223327016,2.482727792402247e-16,0.0,0.0
0.4,0.2,4,True,True,0.5409530951185346,0.30014366869314046,2.5133431554838257,True,True,1274.124999999999,150.74135028681533,8.452392111227102,8.452392111227102,0.0,1.1102230246251565e-16,6.938893903907228e-18
0.4,0.2,5,True,True,0.529241695806461,0.30014366869314046,2.5133431554838257,True,True,15922.562499999987,770.1917729268673,20.673503742439866,20.673503742439877,5.15545945630967e-16,4.336808689942018e-19,1.1102230246251565e-16
0.4,0.2,6,True,True,0.5247055131256245,0.30014366869314046,2.5133431554838257,True,True,199028.0312499998,3884.173100944819,51.24077276617423,51.24077276617425,4.1600235363496695e-16,4.336808689942018e-19,1.1102230246251565e-16
0.4,0.2,7,True,True,0.5229189063192597,0.30014366869314046,2.5133431554838257,True,True,2487846.3906249967,19487.187578906396,127.6657486131004,127.66574861310048,5.565648918986463e-16,8.673617379884035e-19,1.1102230246251565e-16
0.4,0.2,8,True,True,0.5222096972682535,0.30014366869314046,2.5133431554838257,True,True,31098075.88281245,97568.2523571119,318.73150468033026,318.7315046803304,3.566852854274242e-16,1.1102230246251565e-16,1.1102230246251565e-16
0.4,0.2,9,True,True,0.5219270894100203,0.30014366869314046,2.5133431554838257,True,True,388725944.53515565,488105.4081682791,796.397536331207,796.3975363312073,4.282541037683562e-16,4.336808689942018e-19,1.1102230246251565e-16
0.4,0.2,10,True,True,0.5218142605486389,0.30014366869314046,2.5133431554838257,True,True,4859074302.689444,2441054.739793745,1990.5634328790215,1990.5634328790231,7.995805116346449e-16,1.1102230246251565e-16,3.469446951953614e-18
0.4,0.2,11,True,True,0.521769171791098,0.30014366869314046,2.5133431554838257,True,True,60738428779.61804,12206328.418635689,4975.978582297299,4975.978582297304,9.138852657129342e-16,1.1102230246251565e-16,2.7755575615628914e-17
0.4,0.2,12,True,True,0.5217511448399446,0.30014366869314046,2.5133431554838257,True,True,759230359741.2252,61033750.788624406,12439.51665973529,12439.516659735304,1.0235868621837542e-15,1.1102230246251565e-16,2.7755575615628914e-17
0.4,0.2,13,True,True,0.521743935769413,0.30014366869314046,2.5133431554838257,True,True,9490379496761.316,305172970.53837746,31098.36195525003,31098.361955250068,1.1698297203970721e-15,6.938893903907228e-18,2.7755575615628914e-17
0.4,0.2,14,True,True,0.521741052483151,0.30014366869314046,2.5133431554838257,True,True,118629743709512.44,1525873285.0456758,77745.4752449915,77745.47524499157,9.358689481613464e-16,4.336808689942018e-19,2.7755575615628914e-17
0.4,0.2,15,True,True,0.5217398992370333,0.30014366869314046,2.5133431554838257,True,True,1482871796368901.0,7629383289.066494,194363.25849482132,194363.25849482155,1.197914901493962e-15,6.938893903907228e-18,1.1102230246251565e-16
0.4,0.2,16,True,True,0.5217394379522635,0.30014366869314046,2.5133431554838257,True,True,1.8535897454611252e+16,38146950172.11308,485907.7166321338,485907.71663213434,1.078124364544331e-15,1.1102230246251565e-16,2.7755575615628914e-17
0.4,0.2,17,True,True,0.5217392534410911,0.30014366869314046,2.5133431554838257,True,True,2.316987181826406e+17,190734818313.21017,1214768.8619817838,1214768.8619817854,1.3416663503526033e-15,1.1102230246251565e-16,6.938893903907228e-18
0.4,0.2,18,True,True,0.5217391796371692,0.30014366869314046,2.5133431554838257,True,True,2.896233977283007e+18,953674226470.407,3036921.7253590934,3036921.7253590976,1.379999869859701e-15,1.1102230246251565e-16,2.7755575615628914e-17
0.4,0.2,19,True,True,0.5217391501157098,0.30014366869314046,2.5133431554838257,True,True,3.6202924716037583e+19,4768371402159.801,7592303.883803958,7592303.883803969,1.4719999444735476e-15,1.1102230246251565e-16,2.7755575615628914e-17
0.4,0.2,20,True,True,0.5217391383071479,0.30014366869314046,2.5133431554838257,True,True,4.5253655895046966e+20,23841857550413.58,18980759.279916912,18980759.279916942,1.5701333096420642e-15,1.1102230246251565e-16,2.7755575615628914e-17
0.4,0.2,21,True,True,0.5217391335837276,0.30014366869314046,2.5133431554838257,True,True,5.65670698688087e+21,119209288831296.05,47451897.77019971,47451897.770199776,1.413119991471147e-15,1.1102230246251565e-16,1.1102230246251565e-16
0.4,0.2,22,True,True,0.5217391316943604,0.30014366869314046,2.5133431554838257,True,True,7.070883733601086e+22,596046446314935.6,118629743.99590687,118629743.99590707,1.6329386627244433e-15,1.1102230246251565e-16,2.7755575615628914e-17
0.4,0.2,23,True,True,0.5217391309386136,0.30014366869314046,2.5133431554838257,True,True,8.838604667001355e+23,2980232235891588.0,296574359.5601748,296574359.5601753,1.6078165317807056e-15,1.1102230246251565e-16,6.938893903907228e-18
0.4,0.2,24,True,True,0.5217391306363149,0.30014366869314046,2.5133431554838257,True,True,1.1048255833751692e+25,1.4901161188091758e+16,741435898.4708446,741435898.470846,1.9293798392547405e-15,1.1102230246251565e-16,6.938893903907228e-18
0.4,0.2,25,True,True,0.5217391305153954,0.30014366869314046,2.5133431554838257,True,True,1.3810319792189612e+26,7.450580595772642e+16,1853589745.7475193,1853589745.7475228,1.929379839701898e-15,1.1102230246251565e-16,8.673617379884035e-19
0.4,0.2,26,True,True,0.5217391304670277,0.30014366869314046,2.5133431554838257,True,True,1.7262899740237013e+27,3.7252902982316736e+17,4633974363.939205,4633974363.939215,2.0580051625394783e-15,1.1102230246251565e-16,3.469446951953614e-18
0.4,0.2,27,True,True,0.5217391304476806,0.30014366869314046,2.5133431554838257,True,True,2.157862467529626e+28,1.8626451491849073e+18,11584935909.418419,11584935909.418444,2.140325369120425e-15,1.1102230246251565e-16,3.469446951953614e-18
0.4,0.2,28,True,True,0.5217391304399418,0.30014366869314046,2.5133431554838257,True,True,2.697328084412032e+29,9.313225746062678e+18,28962339773.116447,28962339773.11652,2.502534277777924e-15,1.1102230246251565e-16,3.469446951953614e-18
0.4,0.2,29,True,True,0.5217391304368462,0.30014366869314046,2.5133431554838257,True,True,3.37166010551504e+30,4.656612873058967e+19,72405849432.36153,72405849432.3617,2.318137015218568e-15,1.1102230246251565e-16,3.469446951953614e-18
0.4,0.2,30,True,True,0.521739130435608,0.30014366869314046,2.5133431554838257,True,True,4.2145751318937985e+31,2.3283064365350086e+20,181014623580.4742,181014623580.47464,2.3602849609554163e-15,1.1102230246251565e-16,3.469446951953614e-18
0.4,0.2,31,True,True,0.5217391304351128,0.30014366869314046,2.5133431554838257,True,True,5.268218914867248e+32,1.1641532182686094e+21,452536558950.7559,452536558950.757,2.4277216741278756e-15,1.1102230246251565e-16,3.469446951953614e-18
0.4,0.2,32,True,True,0.5217391304349146,0.30014366869314046,2.5133431554838257,True,True,6.585273643584058e+33,5.820766091345258e+21,1131341397376.4597,1131341397376.463,2.805367267882166e-15,1.1102230246251565e-16,3.469446951953614e-18
0.4,0.2,33,True,True,0.5217391304348354,0.30014366869314046,2.5133431554838257,True,True,8.231592054480071e+34,2.9103830456730707e+22,2828353493440.7197,2828353493440.728,2.934845757169481e-15,1.1102230246251565e-16,3.469446951953614e-18
0.4,0.2,34,True,True,0.5217391304348037,0.30014366869314046,2.5133431554838257,True,True,1.0289490068100086e+36,1.4551915228366237e+23,7070883733601.368,7070883733601.389,2.9003181600264877e-15,1.1102230246251565e-16,3.469446951953614e-18
0.4,0.2,35,True,True,0.5217391304347909,0.30014366869314046,2.5133431554838257,True,True,1.2861862585125105e+37,7.275957614183295e+23,17677209334002.984,17677209334003.04,3.0936727040283292e-15,1.1102230246251565e-16,3.469446951953614e-18
0.4,0.2,36,True,True,0.5217391304347859,0.30014366869314046,2.5133431554838257,True,True,1.607732823140638e+38,3.637978807091683e+24,44193023335007.03,44193023335007.17,3.1820633527148834e-15,1.1102230246251565e-16,3.469446951953614e-18
0.4,0.2,37,True,True,0.5217391304347839,0.30014366869314046,2.5133431554838257,True,True,2.0096660289257968e+39,1.8189894035458482e+25,110482558337517.14,110482558337517.48,3.1113508337656763e-15,1.1102230246251565e-16,3.469446951953614e-18
0.4,0.2,38,True,True,0.5217391304347831,0.30014366869314046,2.5133431554838257,True,True,2.5120825361572455e+40,9.094947017729253e+25,276206395843792.44,276206395843793.3,3.167920848925057e-15,1.1102230246251565e-16,3.469446951953614e-18
0.4,0.2,39,True,True,0.5217391304347828,0.30014366869314046,2.5133431554838257,True,True,3.1401031701965563e+41,4.54747350886463e+26,690515989609480.4,690515989609482.8,3.4394569216900645e-15,1.1102230246251565e-16,3.469446951953614e-18
0.4,0.2,40,True,True,0.5217391304347826,0.30014366869314046,2.5133431554838257,True,True,3.925128962745695e+42,2.2737367544323154e+27,1726289974023700.8,1726289974023706.2,3.186023253776061e-15,1.1102230246251565e-16,3.469446951953614e-18
0.4,0.2,41,True,True,0.5217391304347826,0.30014366869314046,2.5133431554838257,True,True,4.906411203432118e+43,1.1368683772161579e+28,4315724935059249.5,4315724935059265.0,3.5915171224384694e-15,1.1102230246251565e-16,3.469446951953614e-18
0.4,0.2,42,True,True,0.5217391304347826,0.30014366869314046,2.5133431554838257,True,True,6.133014004290146e+44,5.6843418860807885e+28,1.0789312337648124e+16,1.0789312337648162e+16,3.522003887810628e-15,1.1102230246251565e-16,3.469446951953614e-18
0.4,0.2,43,True,True,0.5217391304347826,0.30014366869314046,2.5133431554838257,True,True,7.66626750536268e+45,2.842170943040394e+29,2.6973280844120304e+16,2.6973280844120404e+16,3.707372513484872e-15,1.1102230246251565e-16,3.469446951953614e-18
0.4,0.2,44,True,True,0.5217391304347826,0.30014366869314046,2.5133431554838257,True,True,9.58283438170335e+46,1.4210854715201968e+30,6.743320211030077e+16,6.743320211030101e+16,3.559077612945477e-15,1.1102230246251565e-16,3.469446951953614e-18
0.4,0.2,45,True,True,0.5217391304347826,0.30014366869314046,2.5133431554838257,True,True,1.1978542977129185e+48,7.105427357600984e+30,1.6858300527575187e+17,1.685830052757525e+17,3.796349453808509e-15,1.1102230246251565e-16,3.469446951953614e-18
0.4,0.2,46,True,True,0.5217391304347826,0.30014366869314046,2.5133431554838257,True,True,1.4973178721411477e+49,3.5527136788004923e+31,4.214575131893796e+17,4.2145751318938125e+17,3.948203431960849e-15,1.1102230246251565e-16,3.469446951953614e-18
0.4,0.2,47,True,True,0.5217391304347826,0.30014366869314046,2.5133431554838257,True,True,1.871647340176434e+50,1.776356839400246e+32,1.0536437829734488e+18,1.053643782973453e+18,4.008945023221786e-15,1.1102230246251565e-16,3.469446951953614e-18
0.4,0.2,48,True,True,0.5217391304347826,0.30014366869314046,2.5133431554838257,True,True,2.3395591752205425e+51,8.88178419700123e+32,2.634109457433622e+18,2.634109457433633e+18,4.081834932734909e-15,1.1102230246251565e-16,3.469446951953614e-18
0.4,0.2,49,True,True,0.5217391304347826,0.30014366869314046,2.5133431554838257,True,True,2.9244489690256776e+52,4.4408920985006144e+33,6.585273643584054e+18,6.585273643584081e+18,4.042960314327911e-15,1.1102230246251565e-16,3.469446951953614e-18
0.4,0.3,2,True,True,0.6544015852417094,0.24219340092593736,2.31221403772205,True,True,6.0,3.667472778375891,1.636003963104274,1.6360039631042735,2.7144751471592725e-16,0.0,0.0
0.4,0.3,3,True,True,0.5407710074357256,0.24219340092593736,2.31221403772205,True,True,47.66666666666667,14.103320188764279,3.3798187964732853,3.3798187964732844,2.6278876862478736e-16,0.0,2.7755575615628914e-17
0.4,0.3,4,True,True,0.5010263205497663,0.24219340092593736,2.31221403772205,True,True,394.8888888888889,50.442237966974375,7.828536258590097,7.828536258590097,0.0,1.3877787807814457e-17,2.7755575615628914e-17
0.4,0.3,5,True,True,0.4863474950424058,0.24219340092593736,2.31221403772205,True,True,3288.407407407408,173.09275875326446,18.99794902509398,18.997949025093973,3.740102338529069e-16,0.0,2.7755575615628914e-17
0.4,0.3,6,True,True,0.480782129449722,0.24219340092593736,2.31221403772205,True,True,27401.061728395063,583.6050362768485,46.951379829074405,46.9513798290744,1.5133585814662262e-16,1.1102230246251565e-16,5.551115123125783e-17
0.4,0.3,7,True,True,0.47864117767598946,0.24219340092593736,2.31221403772205,True,True,228339.84773662552,1954.0316628636263,116.85575626855213,116.85575626855207,4.864408966741296e-16,1.1102230246251565e-16,1.1102230246251565e-16
0.4,0.3,8,True,True,0.477809609763919,0.24219340092593736,2.31221403772205,True,True,1902829.7311385463,6524.766701611062,291.6318418969232,291.6318418969231,3.898299890099055e-16,2.117582368135751e-22,1.1102230246251565e-16
0.4,0.3,9,True,True,0.47748434192956274,0.24219340092593736,2.31221403772205,True,True,15856912.092821218,21764.034956950094,728.5832854149821,728.5832854149819,3.120764365514177e-16,1.1102230246251565e-16,2.7755575615628914e-17
0.4,0.3,10,True,True,0.4773564329042914,0.24219340092593736,2.31221403772205,True,True,132140931.77351016,72566.22102708786,1820.9702793285044,1820.9702793285035,4.994560933242202e-16,1.734723475976807e-18,1.1102230246251565e-16
0.4,0.3,11,True,True,0.4773059276044701,0.24219340092593736,2.31221403772205,True,True,1101174429.1125848,241912.99780756046,4551.94404224844,4551.944042248439,3.996071539243625e-16,1.1102230246251565e-16,1.1102230246251565e-16
0.4,0.3,12,True,True,0.47728592284661414,0.24219340092593736,2.31221403772205,True,True,9176453573.604872,806410.457279596,11379.383155026773,11379.383155026766,6.393982446200804e-16,1.1102230246251565e-16,1.1102230246251565e-16
0.4,0.3,13,True,True,0.47727798013670103,0.24219340092593736,2.31221403772205,True,True,76470446444.37395,2688079.590946623,28447.984465164005,28447.98446516399,5.115271082275236e-16,1.6940658945086007e-21,2.220446049250313e-16
0.4,0.3,14,True,True,0.477274820808887,0.24219340092593736,2.31221403772205,True,True,637253720367.4496,8960324.615732778,71119.4903863798,71119.49038637975,6.138365931466399e-16,1.1102230246251565e-16,2.7755575615628914e-17
0.4,0.3,15,True,True,0.4772735624043912,0.24219340092593736,2.31221403772205,True,True,5310447669726.413,29867827.469968226,177798.25717374356,177798.25717374342,8.184509488271758e-16,1.1102230246251565e-16,2.7755575615628914e-17
0.4,0.3,16,True,True,0.4772730606405564,0.24219340092593736,2.31221403772205,True,True,44253730581051.12,99559529.56810284,444495.1756303723,444495.175630372,6.547614474208719e-16,1.1102230246251565e-16,1.1102230246251565e-16
0.4,0.3,17,True,True,0.47727286041440836,0.24219340092593736,2.31221403772205,True,True,368781088175423.6,331865237.7848301,1111237.4728881018,1111237.472888101,8.380950042973044e-16,1.1102230246251565e-16,2.7755575615628914e-17
0.4,0.3,18,True,True,0.47727278046776456,0.24219340092593736,2.31221403772205,True,True,3073175734795194.5,1106217644.5821943,2778093.2168695405,2778093.216869538,8.380951446842813e-16,1.1102230246251565e-16,2.7755575615628914e-17
0.4,0.3,19,True,True,0.47727274853225166,0.24219340092593736,2.31221403772205,True,True,2.5609797789959956e+16,3687392395.339942,6945232.577450977,6945232.577450968,1.2068570890991851e-15,2.6469779601696886e-23,6.938893903907228e-18
0.4,0.3,20,True,True,0.47727273577098994,0.24219340092593736,2.31221403772205,True,True,2.1341498158299965e+17,12291308313.110008,17363080.979375444,17363080.979375426,1.0727618856604325e-15,1.1102230246251565e-16,1.1102230246251565e-16
0.4,0.3,21,True,True,0.4772727306703682,0.24219340092593736,2.31221403772205,True,True,1.7784581798583306e+18,40971028148.22476,43407701.98453977,43407701.98453971,1.3731352283200731e-15,1.1102230246251565e-16,6.938893903907228e-18
0.4,0.3,22,True,True,0.4772727286312845,0.24219340092593736,2.31221403772205,True,True,1.4820484832152756e+19,136570094410.89328,108519254.49771546,108519254.49771532,1.2358217107679481e-15,1.1102230246251565e-16,1.1102230246251565e-16
0.4,0.3,23,True,True,0.47727272781600044,0.24219340092593736,2.31221403772205,True,True,1.2350404026793964e+20,455233648813.9475,271298135.78085333,271298135.780853,1.3182098270709295e-15,1.1102230246251565e-16,2.7755575615628914e-17
0.4,0.3,24,True,True,0.4772727274899916,0.24219340092593736,2.31221403772205,True,True,1.0292003355661637e+21,1517445497083.0076,678245338.9888469,678245338.988846,1.4060904831694444e-15,1.1102230246251565e-16,1.1102230246251565e-16
0.4,0.3,25,True,True,0.47727272735961956,0.24219340092593736,2.31221403772205,True,True,8.576669463051364e+21,5058151658325.046,1695613347.0089426,1695613347.0089402,1.4060904835535329e-15,1.1102230246251565e-16,6.938893903907228e-18
0.4,0.3,26,True,True,0.4772727273074802,0.24219340092593736,2.31221403772205,True,True,7.147224552542803e+22,16860505529592.068,4239033367.0592656,4239033367.05926,1.3498468643588547e-15,1.1102230246251565e-16,8.673617379884035e-19
0.4,0.3,27,True,True,0.47727272728662723,0.24219340092593736,2.31221403772205,True,True,5.956020460452337e+23,56201685101095.8,10597583417.185135,10597583417.18512,1.4398366553790212e-15,1.1102230246251565e-16,2.7755575615628914e-17
0.4,0.3,28,True,True,0.47727272727828696,0.24219340092593736,2.31221403772205,True,True,4.963350383710281e+24,187338950340259.72,26493958542.49986,26493958542.49982,1.4398366554041821e-15,1.1102230246251565e-16,1.1102230246251565e-16
0.4,0.3,29,True,True,0.477272727274951,0.24219340092593736,2.31221403772205,True,True,4.1361253197585675e+25,624463167805230.4,66234896355.786705,66234896355.78659,1.7278039864970954e-15,1.1102230246251565e-16,1.1102230246251565e-16
0.4,0.3,30,True,True,0.47727272727361686,0.24219340092593736,2.31221403772205,True,True,3.446771099798806e+26,2081543892689920.2,165587240889.00385,165587240889.00357,1.6586918270418483e-15,1.1102230246251565e-16,1.1102230246251565e-16
0.4,0.3,31,True,True,0.4772727272730832,0.24219340092593736,2.31221403772205,True,True,2.8723092498323386e+27,6938479642307492.0,413968102222.0468,413968102222.0461,1.7692712821799499e-15,1.1102230246251565e-16,1.1102230246251565e-16
0.4,0.3,32,True,True,0.4772727272728697,0.24219340092593736,2.31221403772205,True,True,2.3935910415269486e+28,2.3128265474368656e+16,1034920255554.6538,1034920255554.6521,1.651319863368692e-15,1.1102230246251565e-16,2.7755575615628914e-17
0.4,0.3,33,True,True,0.47727272727278425,0.24219340092593736,2.31221403772205,True,True,1.9946592012724575e+29,7.709421824790933e+16,2587300638886.1714,2587300638886.167,1.6985004308938159e-15,1.1102230246251565e-16,2.7755575615628914e-17
0.4,0.3,34,True,True,0.4772727272727501,0.24219340092593736,2.31221403772205,True,True,1.6622160010603814e+30,2.569807274930495e+17,6468251597214.966,6468251597214.955,1.6607559768740721e-15,1.1102230246251565e-16,2.7755575615628914e-17
0.4,0.3,35,True,True,0.4772727272727364,0.24219340092593736,2.31221403772205,True,True,1.3851800008836512e+31,8.566024249768562e+17,16170628993036.953,16170628993036.922,1.9325160458171578e-15,1.1102230246251565e-16,2.7755575615628914e-17
0.4,0.3,36,True,True,0.477272727272731,0.24219340092593736,2.31221403772205,True,True,1.1543166674030426e+32,2.855341416589553e+18,40426572482591.92,40426572482591.85,1.7392644412354615e-15,1.1102230246251565e-16,2.7755575615628914e-17
0.4,0.3,37,True,True,0.4772727272727288,0.24219340092593736,2.31221403772205,True,True,9.619305561692024e+32,9.517804721965222e+18,101066431206479.34,101066431206479.14,2.0098166876498763e-15,1.1102230246251565e-16,2.7755575615628914e-17
0.4,0.3,38,True,True,0.47727272727272796,0.24219340092593736,2.31221403772205,True,True,8.016087968076686e+33,3.172601573988413e+19,252666078016197.9,252666078016197.38,2.1025774578491053e-15,1.1102230246251565e-16,2.7755575615628914e-17
0.4,0.3,39,True,True,0.47727272727272757,0.24219340092593736,2.31221403772205,True,True,6.680073306730571e+34,1.0575338579961386e+20,631665195040494.1,631665195040492.9,1.9788964309168068e-15,1.1102230246251565e-16,2.7755575615628914e-17
0.4,0.3,40,True,True,0.47727272727272746,0.24219340092593736,2.31221403772205,True,True,5.56672775560881e+35,3.52511285998713e+20,1579162987601235.0,1579162987601231.8,2.0580522881534797e-15,1.1102230246251565e-16,2.7755575615628914e-17
0.4,0.3,41,True,True,0.4772727272727273,0.24219340092593736,2.31221403772205,True,True,4.6389397963406753e+36,1.1750376199957099e+21,3947907469003088.0,3947907469003078.0,2.5329874315735143e-15,1.1102230246251565e-16,2.7755575615628914e-17
0.4,0.3,42,True,True,0.4772727272727273,0.24219340092593736,2.31221403772205,True,True,3.865783163617229e+37,3.9167920666523667e+21,9869768672507718.0,9869768672507694.0,2.431667934310574e-15,1.1102230246251565e-16,2.7755575615628914e-17
0.4,0.3,43,True,True,0.4772727272727273,0.24219340092593736,2.31221403772205,True,True,3.2214859696810247e+38,1.3055973555507892e+22,2.4674421681269292e+16,2.4674421681269236e+16,2.269556738689869e-15,1.1102230246251565e-16,2.7755575615628914e-17
0.4,0.3,44,True,True,0.4772727272727273,0.24219340092593736,2.31221403772205,True,True,2.6845716414008542e+39,4.351991185169297e+22,6.168605420317324e+16,6.168605420317309e+16,2.464090173434715e-15,1.1102230246251565e-16,2.7755575615628914e-17
0.4,0.3,45,True,True,0.4772727272727273,0.24219340092593736,2.31221403772205,True,True,2.237143034500712e+40,1.450663728389766e+23,1.542151355079331e+17,1.542151355079327e+17,2.490027964734028e-15,1.1102230246251565e-16,2.7755575615628914e-17
0.4,0.3,46,True,True,0.4772727272727273,0.24219340092593736,2.31221403772205,True,True,1.8642858620839264e+41,4.8355457612992194e+23,3.855378387698327e+17,3.8553783876983174e+17,2.490027964734028e-15,1.1102230246251565e-16,2.7755575615628914e-17
0.4,0.3,47,True,True,0.4772727272727273,0.24219340092593736,2.31221403772205,True,True,1.5535715517366054e+42,1.61184858709974e+24,9.638445969245816e+17,9.638445969245793e+17,2.390426846144667e-15,1.1102230246251565e-16,2.7755575615628914e-17
0.4,0.3,48,True,True,0.4772727272727273,0.24219340092593736,2.31221403772205,True,True,1.2946429597805045e+43,5.3728286236658e+24,2.409611492311454e+18,2.409611492311448e+18,2.549788635887645e-15,1.1102230246251565e-16,2.7755575615628914e-17
0.4,0.3,49,True,True,0.4772727272727273,0.24219340092593736,2.31221403772205,True,True,1.0788691331504205e+44,1.7909428745552668e+25,6.024028730778636e+18,6.02402873077862e+18,2.7197745449468217e-15,1.1102230246251565e-16,2.7755575615628914e-17
0.4,0.4,2,True,True,0.6472630201649391,0.18666464973713293,2.411300401110889,True,True,4.749999999999999,2.935437280992558,1.6181575504123473,1.6181575504123478,2.7444126793271604e-16,0.0,0.0
0.4,0.4,3,True,True,0.5132818726019337,0.18666464973713293,2.411300401110889,True,True,28.18749999999999,8.786595125866928,3.2080117037620846,3.208011703762085,1.3843129354212527e-16,0.0,2.7755575615628914e-17
0.4,0.4,4,True,True,0.4619499471439143,0.18666464973713293,2.411300401110889,True,True,174.6718749999999,24.199591468980792,7.217967924123658,7.21796792412366,2.461020689027126e-16,1.3877787807814457e-17,1.1102230246251565e-16
0.4,0.4,5,True,True,0.4418389856608873,0.18666464973713293,2.411300401110889,True,True,1090.199218749999,63.16577057647944,17.2593353773784,17.259335377378406,4.1168603554190136e-16,1.1102230246251565e-16,1.1102230246251565e-16
0.4,0.4,6,True,True,0.4338648803383881,0.18666464973713293,2.411300401110889,True,True,6812.245117187493,160.78137033261018,42.36961722054568,42.3696172205457,5.031030127519397e-16,1.1102230246251565e-16,2.7755575615628914e-17
0.4,0.4,7,True,True,0.43068662887801024,0.18666464973713293,2.411300401110889,True,True,42575.031982421824,404.905375061909,105.14810275342037,105.14810275342043,5.406033715521217e-16,1.3877787807814457e-17,5.551115123125783e-17
0.4,0.4,8,True,True,0.42941715927525176,0.18666464973713293,2.411300401110889,True,True,266092.4498901363,1015.2502304188324,262.09543412796097,262.0954341279612,8.675224587553206e-16,1.1102230246251565e-16,5.551115123125783e-17
0.4,0.4,9,True,True,0.42890966491103605,0.18666464973713293,2.411300401110889,True,True,1663076.3118133517,2541.1264442736865,654.464210374505,654.4642103745053,5.211293570502233e-16,5.204170427930421e-18,5.551115123125783e-17
0.4,0.4,10,True,True,0.42870671415434497,0.18666464973713293,2.411300401110889,True,True,10394225.448833449,6355.82263140859,1635.3863302396562,1635.3863302396574,6.951680812016805e-16,1.1102230246251565e-16,5.551115123125783e-17
0.4,0.4,11,True,True,0.4286255413719853,0.18666464973713293,2.411300401110889,True,True,64963907.55520905,15892.565363829537,4087.6917016218636,4087.6917016218663,6.674877423451991e-16,1.1102230246251565e-16,5.551115123125783e-17
0.4,0.4,12,True,True,0.4285930734624247,0.18666464973713293,2.411300401110889,True,True,406024420.7200564,39734.423101289845,10218.455158768273,10218.455158768284,1.0680612922110907e-15,1.1102230246251565e-16,5.551115123125783e-17
0.4,0.4,13,True,True,0.42858008649115015,0.18666464973713293,2.411300401110889,True,True,2537652628.000352,99339.06780759577,25545.36381311115,25545.36381311118,1.1392999007434819e-15,1.1102230246251565e-16,1.6653345369377348e-16
0.4,0.4,14,True,True,0.42857489173344887,0.18666464973713293,2.411300401110889,True,True,15860328923.502195,248350.67971843737,63862.63545355917,63862.63545355924,1.1393137102014034e-15,1.734723475976807e-18,1.1102230246251565e-16
0.4,0.4,15,True,True,0.4285728138352978,0.18666464973713293,2.411300401110889,True,True,99127055770.3887,620879.7095535743,159655.81455651554,159655.81455651575,1.2760375421530276e-15,1.3877787807814457e-17,5.551115123125783e-17
0.4,0.4,16,True,True,0.4285719826768261,0.18666464973713293,2.411300401110889,True,True,619544098563.4293,1552202.28416463,399138.7623146411,399138.7623146416,1.3124983030544152e-15,1.3877787807814457e-17,1.1102230246251565e-16
0.4,0.4,17,True,True,0.42857165021356347,0.18666464973713293,2.411300401110889,True,True,3872150616019.9326,3880508.7207015567,997846.1317102483,997846.1317102498,1.5166658823001849e-15,1.1102230246251565e-16,1.1102230246251565e-16
0.4,0.4,18,True,True,0.4285715172282787,0.18666464973713293,2.411300401110889,True,True,24200941350123.07,9701274.812047582,2494614.555199384,2494614.5551993875,1.3066663963618386e-15,5.204170427930421e-18,1.1102230246251565e-16
0.4,0.4,19,True,True,0.42857146403416807,0.18666464973713293,2.411300401110889,True,True,151255883438267.72,24253190.040414136,6236535.613922273,6236535.61392228,1.1946665678123197e-15,1.1102230246251565e-16,2.7755575615628914e-17
0.4,0.4,20,True,True,0.42857144275652426,0.18666464973713293,2.411300401110889,True,True,945349271489171.2,60632978.11133111,15591338.260729503,15591338.260729529,1.6725332779748976e-15,1.3877787807814457e-17,2.7755575615628914e-17
0.4,0.4,21,True,True,0.4285714342454669,0.18666464973713293,2.411300401110889,True,True,5908432946807319.0,151582448.2886238,38978344.87774759,38978344.87774766,1.9114666413599537e-15,1.1102230246251565e-16,2.7755575615628914e-17
0.4,0.4,22,True,True,0.4285714308410439,0.18666464973713293,2.411300401110889,True,True,3.692770591754573e+16,378956123.7318555,97445861.42029281,97445861.42029297,1.682090657758705e-15,1.3877787807814457e-17,5.551115123125783e-17
0.4,0.4,23,True,True,0.4285714294792747,0.18666464973713293,2.411300401110889,True,True,2.3079816198466074e+17,947390312.3399351,243614652.77665576,243614652.77665624,1.957341862520417e-15,1.734723475976807e-18,2.7755575615628914e-17
0.4,0.4,24,True,True,0.42857142893456696,0.18666464973713293,2.411300401110889,True,True,1.4424885124041295e+18,2368475783.8601336,609036631.1675633,609036631.1675644,1.7616076785073516e-15,1.734723475976807e-18,5.551115123125783e-17
0.4,0.4,25,True,True,0.4285714287166839,0.18666464973713293,2.411300401110889,True,True,9.015553202525808e+18,5921189462.660631,1522591577.1448314,1522591577.1448348,2.1922228899236614e-15,1.734723475976807e-18,1.1102230246251565e-16
0.4,0.4,26,True,True,0.4285714286295307,0.18666464973713293,2.411300401110889,True,True,5.634720751578628e+19,14802973659.661871,3806478942.088002,3806478942.0880103,2.1295879506446247e-15,1.734723475976807e-18,5.551115123125783e-17
0.4,0.4,27,True,True,0.42857142859466946,0.18666464973713293,2.411300401110889,True,True,3.521700469736642e+20,37007434152.16496,9516197354.445932,9516197354.44595,1.8038862642221805e-15,1.734723475976807e-18,5.551115123125783e-17
0.4,0.4,28,True,True,0.4285714285807249,0.18666464973713293,2.411300401110889,True,True,2.201062793585401e+21,92518585383.42271,23790493385.340744,23790493385.340797,2.244836239993976e-15,1.734723475976807e-18,5.551115123125783e-17
0.4,0.4,29,True,True,0.42857142857514713,0.18666464973713293,2.411300401110889,True,True,1.3756642459908751e+22,231296463461.56705,59476233462.577774,59476233462.57792,2.4372507748823234e-15,1.734723475976807e-18,5.551115123125783e-17
0.4,0.4,30,True,True,0.42857142857291597,0.18666464973713293,2.411300401110889,True,True,8.59790153744297e+22,578241158656.9279,148690583655.67038,148690583655.6707,2.052421705174747e-15,1.734723475976807e-18,5.551115123125783e-17
0.4,0.4,31,True,True,0.42857142857202357,0.18666464973713293,2.411300401110889,True,True,5.373688460901855e+23,1445602896645.3298,371726459138.4018,371726459138.4027,2.462906046214825e-15,1.734723475976807e-18,5.551115123125783e-17
0.4,0.4,32,True,True,0.4285714285716666,0.18666464973713293,2.411300401110889,True,True,3.3585552880636585e+24,3614007241616.335,929316147845.2302,929316147845.2325,2.495744793499768e-15,1.734723475976807e-18,5.551115123125783e-17
0.4,0.4,33,True,True,0.42857142857152375,0.18666464973713293,2.411300401110889,True,True,2.099097055039786e+25,9035018104043.848,2323290369612.301,2323290369612.307,2.732183773937499e-15,1.734723475976807e-18,5.551115123125783e-17
0.4,0.4,34,True,True,0.4285714285714667,0.18666464973713293,2.411300401110889,True,True,1.311935659399866e+26,22587545260112.63,5808225924029.977,5808225924029.994,3.0264189495927097e-15,1.734723475976807e-18,5.551115123125783e-17
0.4,0.4,35,True,True,0.42857142857144387,0.18666464973713293,2.411300401110889,True,True,8.19959787124916e+26,56468863150284.57,14520564810074.168,14520564810074.21,2.959165195157474e-15,1.734723475976807e-18,1.1102230246251565e-16
0.4,0.4,36,True,True,0.42857142857143465,0.18666464973713293,2.411300401110889,True,True,5.124748669530726e+27,141172157875714.47,36301412025184.64,36301412025184.75,3.012968198705856e-15,1.734723475976807e-18,5.551115123125783e-17
0.4,0.4,37,True,True,0.42857142857143105,0.18666464973713293,2.411300401110889,True,True,3.2029679184567023e+28,352930394689289.1,90753530062960.81,90753530062961.1,3.099053004383193e-15,1.734723475976807e-18,1.3877787807814457e-17
0.4,0.4,38,True,True,0.4285714285714296,0.18666464973713293,2.411300401110889,True,True,2.0018549490354386e+29,882325986723225.6,226883825157401.25,226883825157401.97,3.1679208489250522e-15,1.734723475976807e-18,5.551115123125783e-17
0.4,0.4,39,True,True,0.4285714285714289,0.18666464973713293,2.411300401110889,True,True,1.2511593431471488e+30,2205814966808067.5,567209562893502.1,567209562893503.9,3.0852794354748395e-15,1.734723475976807e-18,5.551115123125783e-17
0.4,0.4,40,True,True,0.42857142857142866,0.18666464973713293,2.411300401110889,True,True,7.81974589466968e+30,5514537417020172.0,1418023907233754.2,1418023907233759.0,3.3497319585155414e-15,1.734723475976807e-18,5.551115123125783e-17
0.4,0.4,41,True,True,0.4285714285714286,0.18666464973713293,2.411300401110889,True,True,4.887341184168548e+31,1.3786343542550432e+16,3545059768084384.5,3545059768084396.5,3.3849922949209693e-15,1.734723475976807e-18,5.551115123125783e-17
0.4,0.4,42,True,True,0.42857142857142855,0.18666464973713293,2.411300401110889,True,True,3.054588240105342e+32,3.446585885637607e+16,8862649420210961.0,8862649420210990.0,3.272159218423604e-15,1.734723475976807e-18,2.7755575615628914e-17
0.4,0.4,43,True,True,0.42857142857142855,0.18666464973713293,2.411300401110889,True,True,1.9091176500658385e+33,8.61646471409402e+16,2.2156623550527396e+16,2.2156623550527476e+16,3.6106584479157006e-15,1.734723475976807e-18,1.0842021724855044e-19
0.4,0.4,44,True,True,0.42857142857142855,0.18666464973713293,2.411300401110889,True,True,1.1931985312911489e+34,2.1541161785235043e+17,5.53915588763185e+16,5.539155887631869e+16,3.466232109999073e-15,1.734723475976807e-18,6.938893903907228e-18
0.4,0.4,45,True,True,0.42857142857142855,0.18666464973713293,2.411300401110889,True,True,7.457490820569679e+34,5.385290446308761e+17,1.384788971907962e+17,1.3847889719079669e+17,3.581773180332376e-15,1.734723475976807e-18,6.938893903907228e-18
0.4,0.4,46,True,True,0.42857142857142855,0.18666464973713293,2.411300401110889,True,True,4.660931762856049e+35,1.3463226115771901e+18,3.4619724297699046e+17,3.4619724297699174e+17,3.697314250665678e-15,1.734723475976807e-18,1.734723475976807e-18
0.4,0.4,47,True,True,0.42857142857142855,0.18666464973713293,2.411300401110889,True,True,2.9130823517850294e+36,3.3658065289429755e+18,8.654931074424759e+17,8.654931074424792e+17,3.845206820692306e-15,1.734723475976807e-18,1.734723475976807e-18
0.4,0.4,48,True,True,0.42857142857142855,0.18666464973713293,2.411300401110889,True,True,1.820676469865643e+37,8.414516322357437e+18,2.1637327686061896e+18,2.163732768606198e+18,3.904363848702957e-15,1.734723475976807e-18,1.734723475976807e-18
0.4,0.4,49,True,True,0.42857142857142855,0.18666464973713293,2.411300401110889,True,True,1.1379227936660268e+38,2.103629080589359e+19,5.409331921515474e+18,5.409331921515494e+18,3.7860497926816554e-15,1.734723475976807e-18,1.734723475976807e-18
0.4,0.5,2,True,True,0.6439683740075601,0.13524044396986842,2.7294310676323414,True,True,4.0,2.4845940648340226,1.6099209350189003,1.6099209350189003,0.0,1.1102230246251565e-16,0.0
0.4,0.5,3,True,True,0.4909902302749994,0.13524044396986842,2.7294310676323414,True,True,18.999999999999996,6.19156922592395,3.0686889392187457,3.0686889392187457,0.0,0.0,2.7755575615628914e-17
0.4,0.5,4,True,True,0.42564900811192813,0.13524044396986842,2.7294310676323414,True,True,93.99999999999997,14.133710840030997,6.6507657517488745,6.650765751748876,2.6709057358292046e-16,2.7755575615628914e-17,5.551115123125783e-17
0.4,0.5,5,True,True,0.3974704296024923,0.13524044396986842,2.7294310676323414,True,True,468.99999999999994,30.207027003260414,15.526188656347351,15.526188656347353,1.1441036037353878e-16,1.1102230246251565e-16,5.551115123125783e-17
0.4,0.5,6,True,True,0.3851229304384131,0.13524044396986842,2.7294310676323414,True,True,2343.999999999999,62.32441151368514,37.60966117562627,37.60966117562627,0.0,1.3877787807814457e-17,1.3877787807814457e-17
0.4,0.5,7,True,True,0.37962505974098115,0.13524044396986842,2.7294310676323414,True,True,11718.999999999995,126.44324384894712,92.68189935082543,92.68189935082545,1.5332934278148713e-16,1.1102230246251565e-16,5.551115123125783e-17
0.4,0.5,8,True,True,0.3771403162440278,0.13524044396986842,2.7294310676323414,True,True,58593.99999999998,254.54825555664843,230.18818130128642,230.1881813012864,1.2347162773402204e-16,3.469446951953614e-18,5.551115123125783e-17
0.4,0.5,9,True,True,0.3760019068851806,0.13524044396986842,2.7294310676323414,True,True,292968.9999999998,510.636143924214,573.7333784258734,573.7333784258734,0.0,2.7755575615628914e-17,5.551115123125783e-17
0.4,0.5,10,True,True,0.37547382163226123,0.13524044396986842,2.7294310676323414,True,True,1464843.9999999993,1022.707958351593,1432.318960694355,1432.3189606943552,1.5874514104945352e-16,1.1102230246251565e-16,5.551115123125783e-17
0.4,0.5,11,True,True,0.375226102409126,0.13524044396986842,2.7294310676323414,True,True,7324218.999999996,2046.7659933130526,3578.434967128046,3578.434967128046,0.0,3.469446951953614e-18,1.3877787807814457e-17
0.4,0.5,12,True,True,0.37510873936767325,0.13524044396986842,2.7294310676323414,True,True,36621093.999999985,4094.8126483936885,8943.289264861896,8943.289264861894,2.0339154305258245e-16,1.1102230246251565e-16,2.7755575615628914e-17
0.4,0.5,13,True,True,0.37505264792225895,0.13524044396986842,2.7294310676323414,True,True,183105468.99999988,8190.85006121879,22354.87985147588,22354.87985147588,0.0,1.3877787807814457e-17,5.551115123125783e-17
0.4,0.5,14,True,True,0.37502563601844546,0.13524044396986842,2.7294310676323414,True,True,915527343.9999995,16382.88002630181,55883.17454136092,55883.17454136091,1.3019943254652184e-16,1.1102230246251565e-16,5.551115123125783e-17
0.4,0.5,15,True,True,0.3750125430264066,0.13524044396986842,2.7294310676323414,True,True,4577636718.999996,32766.90401207681,139703.05883378023,139703.05883378023,0.0,6.938893903907228e-18,2.7755575615628914e-17
0.4,0.5,16,True,True,0.37500616156940053,0.13524044396986842,2.7294310676323414,True,True,22888183593.99998,65534.92320610918,349251.7038894819,349251.7038894819,0.0,2.7755575615628914e-17,5.551115123125783e-17
0.4,0.5,17,True,True,0.37500303681966257,0.13524044396986842,2.7294310676323414,True,True,114440917968.99991,131070.93856347723,873121.9843487772,873121.9843487773,1.333322535839752e-16,1.1102230246251565e-16,5.551115123125783e-17
0.4,0.5,18,True,True,0.3750015008269676,0.13524044396986842,2.7294310676323414,True,True,572204589843.9994,262142.95085022118,2182796.0202177474,2182796.0202177474,0.0,1.1102230246251565e-16,2.7755575615628914e-17
0.4,0.5,19,True,True,0.3750007433811324,0.13524044396986842,2.7294310676323414,True,True,2861022949218.997,524286.96067995374,5456979.028256785,5456979.028256784,1.7066632834632438e-16,1.3877787807814457e-17,5.551115123125783e-17
0.4,0.5,20,True,True,0.37500036887782534,0.13524044396986842,2.7294310676323414,True,True,14305114746093.984,1048574.9685438741,13642433.946291018,13642433.94629102,1.36533199029148e-16,1.3877787807814457e-17,5.551115123125783e-17
0.4,0.5,21,True,True,0.3750001833138665,0.13524044396986842,2.7294310676323414,True,True,71525573730468.9,2097150.9748350638,34106067.9887838,34106067.9887838,0.0,1.1102230246251565e-16,5.551115123125783e-17
0.4,0.5,22,True,True,0.37500009120692734,0.13524044396986842,2.7294310676323414,True,True,357627868652343.5,4194302.979868037,85265149.0292662,85265149.02926622,3.4952524832233656e-16,1.1102230246251565e-16,2.7755575615628914e-17
0.4,0.5,23,True,True,0.37500004542346443,0.13524044396986842,2.7294310676323414,True,True,1788139343261716.8,8388606.983894425,213162846.54827994,213162846.54827994,0.0,8.673617379884035e-19,1.1102230246251565e-16
0.4,0.5,24,True,True,0.37500002263973337,0.13524044396986842,2.7294310676323414,True,True,8940696716308584.0,16777214.987115538,532907083.99307066,532907083.99307066,0.0,1.1102230246251565e-16,5.551115123125783e-17
0.4,0.5,25,True,True,0.3750000112910673,0.13524044396986842,2.7294310676323414,True,True,4.4703483581542904e+16,33554430.989692427,1332267669.6641152,1332267669.6641152,0.0,1.3877787807814457e-17,5.551115123125783e-17
0.4,0.5,26,True,True,0.3750000056340139,0.13524044396986842,2.7294310676323414,True,True,2.2351741790771453e+17,67108862.99175394,3330669123.915561,3330669123.9155607,1.4316557438240864e-16,8.673617379884035e-19,5.551115123125783e-17
0.4,0.5,27,True,True,0.37500000281239915,0.13524044396986842,2.7294310676323414,True,True,1.1175870895385725e+18,134217726.99340315,8326672747.136467,8326672747.136467,0.0,3.469446951953614e-18,5.551115123125783e-17
0.4,0.5,28,True,True,0.37500000140435635,0.13524044396986842,2.7294310676323414,True,True,5.587935447692862e+18,268435454.99472255,20816681789.679092,20816681789.679092,0.0,3.469446951953614e-18,2.7755575615628914e-17
0.4,0.5,29,True,True,0.375000000701441,0.13524044396986842,2.7294310676323414,True,True,2.793967723846431e+19,536870910.995778,52041704376.64862,52041704376.64863,1.46601550095914e-16,3.469446951953614e-18,6.938893903907228e-18
0.4,0.5,30,True,True,0.3750000003504255,0.13524044396986842,2.7294310676323414,True,True,1.3969838619232154e+20,1073741822.9966224,130104260819.83861,130104260819.8386,1.172812401865113e-16,3.469446951953614e-18,3.469446951953614e-18
0.4,0.5,31,True,True,0.3750000001750948,0.13524044396986842,2.7294310676323414,True,True,6.984919309616078e+20,2147483646.9972978,325260651897.5214,325260651897.52136,1.876499843861535e-16,3.469446951953614e-18,5.551115123125783e-17
0.4,0.5,32,True,True,0.3750000000875003,0.13524044396986842,2.7294310676323414,True,True,3.4924596548080385e+21,4294967294.997838,813151629553.8629,813151629553.8629,0.0,3.469446951953614e-18,2.7755575615628914e-17
0.4,0.5,33,True,True,0.37500000004373124,0.13524044396986842,2.7294310676323414,True,True,1.746229827404019e+22,8589934590.998271,2032879073647.3845,2032879073647.3848,1.2009599004920826e-16,3.469446951953614e-18,5.551115123125783e-17
0.4,0.5,34,True,True,0.37500000002185807,0.13524044396986842,2.7294310676323414,True,True,8.731149137020096e+22,17179869182.998617,5082197683822.024,5082197683822.025,1.9215358408994121e-16,3.469446951953614e-18,2.7755575615628914e-17
0.4,0.5,35,True,True,0.37500000001092604,0.13524044396986842,2.7294310676323414,True,True,4.365574568510048e+23,34359738366.998894,12705494209184.67,12705494209184.67,0.0,3.469446951953614e-18,1.3877787807814457e-17
0.4,0.5,36,True,True,0.3750000000054618,0.13524044396986842,2.7294310676323414,True,True,2.1827872842550237e+24,68719476734.999115,31763735522498.836,31763735522498.836,0.0,3.469446951953614e-18,6.938893903907228e-18
0.4,0.5,37,True,True,0.37500000000273037,0.13524044396986842,2.7294310676323414,True,True,1.0913936421275117e+25,137438953470.9993,79409338805668.69,79409338805668.67,1.9676527011813631e-16,3.469446951953614e-18,3.469446951953614e-18
0.4,0.5,38,True,True,0.3750000000013651,0.13524044396986842,2.7294310676323414,True,True,5.456968210637558e+25,274877906942.99942,198523347013448.88,198523347013448.9,1.5741221609508214e-16,3.469446951953614e-18,1.734723475976807e-18
0.4,0.5,39,True,True,0.3750000000006824,0.13524044396986842,2.7294310676323414,True,True,2.728484105318779e+26,549755813886.9996,496308367532718.75,496308367532718.7,1.2592977287629498e-16,3.469446951953614e-18,8.673617379884035e-19
0.4,0.5,40,True,True,0.3750000000003411,0.13524044396986842,2.7294310676323414,True,True,1.3642420526593893e+27,1099511627774.9996,1240770918830667.8,1240770918830667.5,2.0148763660225534e-16,3.469446951953614e-18,4.336808689942018e-19
0.4,0.5,41,True,True,0.3750000000001706,0.13524044396986842,2.7294310676323414,True,True,6.821210263296947e+27,2199023255550.9995,3101927297075258.5,3101927297075258.0,1.6119010928187758e-16,3.469446951953614e-18,5.551115123125783e-17
0.4,0.5,42,True,True,0.37500000000008527,0.13524044396986842,2.7294310676323414,True,True,3.410605131648473e+28,4398046511103.0,7754818242686380.0,7754818242686380.0,0.0,3.469446951953614e-18,5.551115123125783e-17
0.4,0.5,43,True,True,0.37500000000004263,0.13524044396986842,2.7294310676323414,True,True,1.7053025658242367e+29,8796093022206.999,1.938704560671375e+16,1.9387045606713748e+16,2.063233398808737e-16,3.469446951953614e-18,5.551115123125783e-17
0.4,0.5,44,True,True,0.37500000000002126,0.13524044396986842,2.7294310676323414,True,True,8.526512829121182e+29,17592186044415.0,4.84676140167816e+16,4.84676140167816e+16,0.0,3.469446951953614e-18,5.551115123125783e-17
0.4,0.5,45,True,True,0.3750000000000107,0.13524044396986842,2.7294310676323414,True,True,4.263256414560591e+30,35184372088831.0,1.2116903504195056e+17,1.2116903504195058e+17,1.3204693752377045e-16,3.469446951953614e-18,5.551115123125783e-17
0.4,0.5,46,True,True,0.37500000000000533,0.13524044396986842,2.7294310676323414,True,True,2.1316282072802952e+31,70368744177663.0,3.0292258760487206e+17,3.029225876048721e+17,2.1127510003803572e-16,3.469446951953614e-18,2.7755575615628914e-17
0.4,0.5,47,True,True,0.37500000000000266,0.13524044396986842,2.7294310676323414,True,True,1.0658141036401475e+32,140737488355327.0,7.573064690121747e+17,7.573064690121748e+17,1.690200800304298e-16,3.469446951953614e-18,1.3877787807814457e-17
0.4,0.5,48,True,True,0.3750000000000013,0.13524044396986842,2.7294310676323414,True,True,5.329070518200737e+32,281474976710655.03,1.8932661725304297e+18,1.89326617253043e+18,1.3521606402434435e-16,3.469446951953614e-18,5.551115123125783e-17
0.4,0.5,49,True,True,0.3750000000000007,0.13524044396986842,2.7294310676323414,True,True,2.664535259100369e+33,562949953421311.0,4.733165431326067e+18,4.733165431326067e+18,0.0,3.469446951953614e-18,5.551115123125783e-17
0.4,0.6,2,True,True,0.6442642619680684,0.08973247160232385,3.3226995236790673,True,True,3.5,2.1730213557451488,1.6106606549201714,1.610660654920171,2.7571866767433576e-16,0.0,0.0
0.4,0.6,3,True,True,0.47499177041107354,0.08973247160232385,3.3226995236790673,True,True,13.916666666666666,4.687800516500815,2.968698565069209,2.968698565069209,0.0,2.7755575615628914e-17,2.7755575615628914e-17
0.4,0.6,4,True,True,0.39418465275673525,0.08973247160232385,3.3226995236790673,True,True,57.31944444444445,9.306411142060284,6.159135199323988,6.159135199323988,0.0,2.7755575615628914e-17,5.551115123125783e-17
0.4,0.6,5,True,True,0.35553033412864,0.08973247160232385,3.3226995236790673,True,True,238.16435185185185,17.149049805694933,13.887903676899997,13.887903676899997,0.0,1.1102230246251565e-16,2.7755575615628914e-17
0.4,0.6,6,True,True,0.3366230143484043,0.08973247160232385,3.3226995236790673,True,True,991.6847993827162,30.166839202410436,32.87334124496136,32.873341244961345,4.322911568163206e-16,6.938893903907228e-18,8.326672684688674e-17
0.4,0.6,7,True,True,0.32706771971663084,0.08973247160232385,3.3226995236790673,True,True,4131.353330761318,51.73859180435013,79.85051750894306,79.85051750894304,1.7796822310651182e-16,5.421010862427522e-20,8.326672684688674e-17
0.4,0.6,8,True,True,0.32206526916617395,0.08973247160232385,3.3226995236790673,True,True,17213.305544838822,87.5669701290038,196.57304026255736,196.57304026255727,4.3375799742083503e-16,1.1102230246251565e-16,8.326672684688674e-17
0.4,0.6,9,True,True,0.3193586153423242,0.08973247160232385,3.3226995236790673,True,True,71721.43977016177,147.18050652051383,487.30257468006016,487.3025746800599,5.832456241189445e-16,6.938893903907228e-18,8.326672684688674e-17
0.4,0.6,10,True,True,0.31785272110507773,0.08973247160232385,3.3226995236790673,True,True,298838.6657090073,246.46245881193605,1212.5119060710056,1212.5119060710051,3.750456788173047e-16,1.1102230246251565e-16,6.938893903907228e-18
0.4,0.6,11,True,True,0.31699629728752826,0.08973247160232385,3.3226995236790673,True,True,1245160.4404541976,411.88031695696066,3023.1122711899593,3023.1122711899575,6.016942939502098e-16,1.734723475976807e-18,1.0408340855860843e-17
0.4,0.6,12,True,True,0.3165011949741277,0.08973247160232385,3.3226995236790673,True,True,5188167.835225822,687.5409461167386,7545.976518967811,7545.976518967807,4.821084186979874e-16,2.7755575615628914e-17,1.3877787807814457e-16
0.4,0.6,13,True,True,0.3162115889616503,0.08973247160232385,3.3226995236790673,True,True,21617365.31344093,1146.9510285990543,18847.679433921,18847.679433920985,7.720799411611988e-16,6.938893903907228e-18,2.7755575615628914e-17
0.4,0.6,14,True,True,0.3160407882074429,0.08973247160232385,3.3226995236790673,True,True,90072354.80600387,1912.6181285398739,47093.74728909774,47093.74728909771,6.179977625919629e-16,2.7755575615628914e-17,1.1102230246251565e-16
0.4,0.6,15,True,True,0.31593948522383297,0.08973247160232385,3.3226995236790673,True,True,375301477.6916828,3188.7189798472536,117696.6299205396,117696.62992053953,6.181959176822344e-16,6.938893903907228e-18,5.551115123125783e-17
0.4,0.6,16,True,True,0.3158791714814554,0.08973247160232385,3.3226995236790673,True,True,1563756156.382012,5315.546383669762,294185.40325151326,294185.403251513,7.91441863126063e-16,1.1102230246251565e-16,2.7755575615628914e-17
0.4,0.6,17,True,True,0.3158431693534452,0.08973247160232385,3.3226995236790673,True,True,6515650650.92505,8860.253813679305,735379.6841424076,735379.6841424074,3.1661283099681284e-16,1.1102230246251565e-16,2.7755575615628914e-17
0.4,0.6,18,True,True,0.31582164211643327,0.08973247160232385,3.3226995236790673,True,True,27148544378.18771,14768.096252926638,1838323.90534478,1838323.9053447787,7.59922589192035e-16,1.0842021724855044e-19,2.7755575615628914e-17
0.4,0.6,19,True,True,0.31580875524099594,0.08973247160232385,3.3226995236790673,True,True,113118934908.4488,24614.498131662793,4595622.234643028,4595622.234643024,8.106171717900752e-16,1.1102230246251565e-16,2.7755575615628914e-17
0.4,0.6,20,True,True,0.3158010348481257,0.08973247160232385,3.3226995236790673,True,True,471328895451.2033,41025.16647108546,11488774.720351128,11488774.720351117,9.727643867530016e-16,6.938893903907228e-18,8.326672684688674e-17
0.4,0.6,21,True,True,0.31579640728565617,0.08973247160232385,3.3226995236790673,True,True,1963870397712.6804,68376.27939753474,28721515.926522996,28721515.92652297,9.07926731860016e-16,2.7755575615628914e-17,2.7755575615628914e-17
0.4,0.6,22,True,True,0.3157936326103453,0.08973247160232385,3.3226995236790673,True,True,8182793323802.17,113961.46695978146,71803158.92818393,71803158.92818384,1.2451676012264181e-15,1.1102230246251565e-16,5.551115123125783e-17
0.4,0.6,23,True,True,0.3157919685474516,0.08973247160232385,3.3226995236790673,True,True,34094972182508.375,189936.77913114734,179506951.41021904,179506951.4102188,1.3281857734674337e-15,1.1102230246251565e-16,1.1102230246251565e-16
0.4,0.6,24,True,True,0.3157909704057031,0.08973247160232385,3.3226995236790673,True,True,142062384093784.25,316562.29912848736,448765960.0808102,448765960.08080965,1.195370974398143e-15,1.1102230246251565e-16,2.7755575615628914e-17
0.4,0.6,25,True,True,0.31579037163871393,0.08973247160232385,3.3226995236790673,True,True,591926600390767.0,527604.8322652002,1121912772.9543529,1121912772.9543512,1.4875755887118718e-15,1.1102230246251565e-16,2.7755575615628914e-17
0.4,0.6,26,True,True,0.3157900124256238,0.08973247160232385,3.3226995236790673,True,True,2466360834961528.5,879342.3873649274,2804778741.9327345,2804778741.9327307,1.3600706567664405e-15,1.1102230246251565e-16,8.326672684688674e-17
0.4,0.6,27,True,True,0.3157897969165674,0.08973247160232385,3.3226995236790673,True,True,1.027650347900637e+16,1465571.6457790537,7011942069.5695095,7011942069.569497,1.7680930604211935e-15,6.938893903907228e-18,2.7755575615628914e-17
0.4,0.6,28,True,True,0.315789667618637,0.08973247160232385,3.3226995236790673,True,True,4.2818764495859864e+16,2442620.409745651,17529847996.4468,17529847996.446777,1.305669256138977e-15,1.1102230246251565e-16,5.551115123125783e-17
0.4,0.6,29,True,True,0.31578959004287455,0.08973247160232385,3.3226995236790673,True,True,1.7841151873274944e+17,4071035.0163186816,43824609225.31729,43824609225.31723,1.3927142153441115e-15,1.1102230246251565e-16,2.7755575615628914e-17
0.4,0.6,30,True,True,0.3157895434986134,0.08973247160232385,3.3226995236790673,True,True,7.433813280531228e+17,6785059.360581756,109561506915.00874,109561506915.00856,1.6712573047397256e-15,1.1102230246251565e-16,5.551115123125783e-17
0.4,0.6,31,True,True,0.31578951557253443,0.08973247160232385,3.3226995236790673,True,True,3.0974222002213453e+18,11308433.267670006,273903743065.5095,273903743065.50903,1.6712574525333066e-15,1.1102230246251565e-16,5.551115123125783e-17
0.4,0.6,32,True,True,0.3157894988170779,0.08973247160232385,3.3226995236790673,True,True,1.2905925834255604e+19,18847389.779472508,684759321331.169,684759321331.1678,1.6044072395601198e-15,1.1102230246251565e-16,2.7755575615628914e-17
0.4,0.6,33,True,True,0.3157894887638802,0.08973247160232385,3.3226995236790673,True,True,5.377469097606503e+19,31412317.29913585,1711898248829.4287,1711898248829.4255,1.853981758068988e-15,1.1102230246251565e-16,2.7755575615628914e-17
0.4,0.6,34,True,True,0.31578948273199203,0.08973247160232385,3.3226995236790673,True,True,2.2406121240027097e+20,52353863.16523642,4279745540326.2437,4279745540326.2354,1.939550183950247e-15,1.1102230246251565e-16,2.7755575615628914e-17
0.4,0.6,35,True,True,0.31578947911287136,0.08973247160232385,3.3226995236790673,True,True,9.33588385001129e+20,87256439.60873403,10699363728195.03,10699363728195.01,1.8254590175798178e-15,1.1102230246251565e-16,2.7755575615628914e-17
0.4,0.6,36,True,True,0.3157894769414038,0.08973247160232385,3.3226995236790673,True,True,3.8899516041713707e+21,145427400.3478945,26748409136557.117,26748409136557.066,1.898477391337537e-15,1.1102230246251565e-16,2.7755575615628914e-17
0.4,0.6,37,True,True,0.3157894756385252,0.08973247160232385,3.3226995236790673,True,True,1.620813168404738e+22,242379001.57982713,66871022565497.52,66871022565497.39,1.9860994329780984e-15,1.1102230246251565e-16,2.7755575615628914e-17
0.4,0.6,38,True,True,0.3157894748567988,0.08973247160232385,3.3226995236790673,True,True,6.753388201686408e+22,403965003.6330472,167177555999901.28,167177555999900.94,2.0561970651144325e-15,1.1102230246251565e-16,2.7755575615628914e-17
0.4,0.6,39,True,True,0.3157894743877633,0.08973247160232385,3.3226995236790673,True,True,2.81391175070267e+23,673275007.0550799,417943889378989.94,417943889378989.0,2.243124074365592e-15,1.1102230246251565e-16,1.0408340855860843e-17
0.4,0.6,40,True,True,0.3157894741063421,0.08973247160232385,3.3226995236790673,True,True,1.172463229459446e+24,1122125012.7584674,1044859722516330.4,1044859722516327.9,2.392665681455563e-15,1.1102230246251565e-16,2.7755575615628914e-17
0.4,0.6,41,True,True,0.31578947393748946,0.08973247160232385,3.3226995236790673,True,True,4.885263456081025e+24,1870208355.5974464,2612149304894109.5,2612149304894103.0,2.4883723100443184e-15,1.1102230246251565e-16,2.7755575615628914e-17
0.4,0.6,42,True,True,0.3157894738361779,0.08973247160232385,3.3226995236790673,True,True,2.0355264400337604e+25,3117013926.9957447,6530373260140199.0,6530373260140183.0,2.4500896599065977e-15,1.1102230246251565e-16,2.7755575615628914e-17
0.4,0.6,43,True,True,0.31578947377539096,0.08973247160232385,3.3226995236790673,True,True,8.481360166807336e+25,5195023212.659576,1.6325933147207882e+16,1.6325933147207848e+16,2.082576211321487e-15,1.1102230246251565e-16,2.7755575615628914e-17
0.4,0.6,44,True,True,0.31578947373891875,0.08973247160232385,3.3226995236790673,True,True,3.533900069503057e+26,8658372022.099295,4.081483286330579e+16,4.08148328633057e+16,2.3520860742347464e-15,1.1102230246251565e-16,2.7755575615628914e-17
0.4,0.6,45,True,True,0.3157894737170355,0.08973247160232385,3.3226995236790673,True,True,1.4724583622929402e+27,14430620037.832157,1.020370821511936e+17,1.0203708215119336e+17,2.3520860743977393e-15,1.1102230246251565e-16,2.7755575615628914e-17
0.4,0.6,46,True,True,0.3157894737039055,0.08973247160232385,3.3226995236790673,True,True,6.135243176220585e+27,24051033397.386932,2.5509270536737766e+17,2.5509270536737706e+17,2.3834472221554755e-15,1.1102230246251565e-16,5.551115123125783e-17
0.4,0.6,47,True,True,0.31578947369602756,0.08973247160232385,3.3226995236790673,True,True,2.5563513234252437e+28,40085055663.31155,6.377317634025348e+17,6.377317634025332e+17,2.4085361403435132e-15,1.1102230246251565e-16,8.326672684688674e-17
0.4,0.6,48,True,True,0.3157894736913007,0.08973247160232385,3.3226995236790673,True,True,1.0651463847605182e+29,66808426106.51926,1.5943294084824724e+18,1.5943294084824686e+18,2.408536140379565e-15,1.1102230246251565e-16,1.1102230246251565e-16
0.4,0.6,49,True,True,0.3157894736884646,0.08973247160232385,3.3226995236790673,True,True,4.4381099365021596e+29,111347376845.19878,3.985823521170385e+18,3.9858235211703747e+18,2.569105216427943e-15,1.1102230246251565e-16,1.1102230246251565e-16
0.4,0.7,2,True,True,0.6479710108830354,0.05195860661567702,4.405421829379787,True,True,3.142857142857143,1.9401220672351696,1.6199275272075884,1.6199275272075886,1.3707070297631715e-16,1.1102230246251565e-16,0.0
0.4,0.7,3,True,True,0.4667474640589182,0.05195860661567702,4.405421829379787,True,True,10.79591836734694,3.700816976602716,2.9171716503682386,2.9171716503682386,0.0,1.1102230246251565e-16,5.551115123125783e-17
0.4,0.7,4,True,True,0.3701932713372444,0.05195860661567702,4.405421829379787,True,True,38.128279883381936,6.591718708775297,5.784269864644443,5.784269864644443,0.0,0.0,2.7755575615628914e-17
0.4,0.7,5,True,True,0.3189601490862626,0.05195860661567702,4.405421829379787,True,True,135.7438567263641,10.894911925988273,12.459380823682137,12.45938082368213,5.702873568239749e-16,1.1102230246251565e-16,5.551115123125783e-17
0.4,0.7,6,True,True,0.29129787193942974,0.05195860661567702,4.405421829379787,True,True,484.3709168798717,17.027100664440216,28.44705780658494,28.447057806584926,4.995544640090152e-16,1.1102230246251565e-16,1.3877787807814457e-17
0.4,0.7,7,True,True,0.27579303093209767,0.05195860661567702,4.405421829379787,True,True,1729.4675602852562,25.685562477728155,67.33228294240666,67.33228294240664,4.221111803785832e-16,1.1102230246251565e-16,5.551115123125783e-17
0.4,0.7,8,True,True,0.2666862415439957,0.05195860661567702,4.405421829379787,True,True,6176.2412867330595,37.94404115337186,162.77236422363023,162.77236422363012,6.984406613731043e-16,1.1102230246251565e-16,5.551115123125783e-17
0.4,0.7,9,True,True,0.2610840750973505,0.05195860661567702,4.405421829379787,True,True,22057.57602404664,55.367808311284854,398.3826829488382,398.38268294883784,8.561127974748056e-16,1.1102230246251565e-16,4.163336342344337e-17
0.4,0.7,10,True,True,0.25749987189754114,0.05195860661567702,4.405421829379787,True,True,78776.62865730943,80.19740122806216,982.2840572263383,982.2840572263375,8.101606232910105e-16,2.7755575615628914e-17,2.0816681711721685e-17
0.4,0.7,11,True,True,0.255137294979653,0.05195860661567702,4.405421829379787,True,True,281344.67377610516,115.62843945373804,2433.1788537946045,2433.1788537946018,1.1213660274351174e-15,1.1102230246251565e-16,1.3877787807814457e-17
0.4,0.7,12,True,True,0.25354692704526377,0.05195860661567702,4.405421829379787,True,True,1004801.9777718042,166.2195240813869,6045.029808169935,6045.029808169928,1.053173121463545e-15,2.7755575615628914e-17,5.551115123125783e-17
0.4,0.7,13,True,True,0.2524612327910722,0.05195860661567702,4.405421829379787,True,True,3588578.0634707296,238.47760164244593,15047.862100069062,15047.862100069047,9.670420377058135e-16,1.734723475976807e-18,2.7755575615628914e-17
0.4,0.7,14,True,True,0.251713286077435,0.05195860661567702,4.405421829379787,True,True,12816349.798109751,341.69458791030326,37508.2025047295,37508.202504729445,1.5518648462593735e-15,6.938893903907228e-18,2.7755575615628914e-17
0.4,0.7,15,True,True,0.25119501963084195,0.05195860661567702,4.405421829379787,True,True,45772677.42182054,489.1422431115224,93577.43696527262,93577.43696527249,1.399559993333702e-15,2.7755575615628914e-17,2.7755575615628914e-17
0.4,0.7,16,True,True,0.25083458264948955,0.05195860661567702,4.405421829379787,True,True,163473847.50650197,699.7787360254422,233607.90931572186,233607.90931572142,1.8687614564496508e-15,1.1102230246251565e-16,4.163336342344337e-17
0.4,0.7,17,True,True,0.25058332859492727,0.05195860661567702,4.405421829379787,True,True,583835169.2375071,1000.6862675941318,583434.7768568607,583434.7768568598,1.5962753876839429e-15,2.7755575615628914e-17,2.7755575615628914e-17
0.4,0.7,18,True,True,0.2504079260707965,0.05195860661567702,4.405421829379787,True,True,2085125603.991097,1430.5531646249967,1457565.9650773546,1457565.9650773522,1.597393526141463e-15,2.7755575615628914e-17,2.7755575615628914e-17
0.4,0.7,19,True,True,0.25028536109646976,0.05195860661567702,4.405421829379787,True,True,7446877156.682489,2044.6481539415524,3642131.3575770175,3642131.357577011,1.7899568637868666e-15,6.938893903907228e-18,2.7755575615628914e-17
0.4,0.7,20,True,True,0.25019966537957666,0.05195860661567702,4.405421829379787,True,True,26595989844.86604,2921.9263785064227,9102210.801923385,9102210.801923372,1.4324559525540273e-15,1.1102230246251565e-16,4.163336342344337e-17
0.4,0.7,21,True,True,0.2501397246732361,0.05195860661567702,4.405421829379787,True,True,94985678016.95012,4175.1807949838285,22750075.42932474,22750075.429324698,1.801233293066819e-15,1.1102230246251565e-16,1.3877787807814457e-17
0.4,0.7,22,True,True,0.25009778782703235,0.05195860661567702,4.405421829379787,True,True,339234564345.82196,5965.544138274715,56865653.23845402,56865653.2384539,2.0963320169892835e-15,1.1102230246251565e-16,4.163336342344337e-17
0.4,0.7,23,True,True,0.2500684422276167,0.05195860661567702,4.405421829379787,True,True,1211552015520.3643,8523.20599498963,142147452.05414203,142147452.0541417,2.306235824331096e-15,6.938893903907228e-18,2.7755575615628914e-17
0.4,0.7,24,True,True,0.2500479051366978,0.05195860661567702,4.405421829379787,True,True,4326971484000.8726,12177.008611819692,355339445.1738229,355339445.17382205,2.3483602459256164e-15,6.938893903907228e-18,4.163336342344337e-17
0.4,0.7,25,True,True,0.2500335314727805,0.05195860661567702,4.405421829379787,True,True,15453469585716.979,17396.726615494146,888297547.4221436,888297547.4221417,2.147195653469568e-15,1.1102230246251565e-16,2.7755575615628914e-17
0.4,0.7,26,True,True,0.2500234710083862,0.05195860661567702,4.405421829379787,True,True,55190962806131.63,24853.466609098476,2220654513.6816874,2220654513.681682,2.3620102577497315e-15,6.938893903907228e-18,2.7755575615628914e-17
0.4,0.7,27,True,True,0.2500164292118785,0.05195860661567702,4.405421829379787,True,True,197110581450469.72,35505.95230759101,5551479924.911868,5551479924.911854,2.5768110377019665e-15,1.1102230246251565e-16,4.163336342344337e-17
0.4,0.7,28,True,True,0.2500115002090827,0.05195860661567702,4.405421829379787,True,True,703966362323105.9,50723.7890159186,13878426197.660051,13878426197.660017,2.4737873662082537e-15,1.1102230246251565e-16,4.163336342344337e-17
0.4,0.7,29,True,True,0.25000805003026316,0.05195860661567702,4.405421829379787,True,True,2514165579725378.0,72463.5557399264,34695586685.654564,34695586685.65447,2.6387429388203475e-15,6.938893903907228e-18,4.163336342344337e-17
0.4,0.7,30,True,True,0.2500056349647492,0.05195860661567702,4.405421829379787,True,True,8979162784733491.0,103520.36534440916,86738128819.96779,86738128819.96756,2.638768429194085e-15,6.938893903907228e-18,5.551115123125783e-17
0.4,0.7,31,True,True,0.25000394444785184,0.05195860661567702,4.405421829379787,True,True,3.206843851690533e+16,147887.23620724576,216843855760.2453,216843855760.24472,2.673970089408936e-15,2.7755575615628914e-17,4.163336342344337e-17
0.4,0.7,32,True,True,0.2500027611001069,0.05195860661567702,4.405421829379787,True,True,1.1453013756037618e+17,211268.48029660652,542107073424.22156,542107073424.22,2.927307427435424e-15,2.7755575615628914e-17,2.7755575615628914e-17
0.4,0.7,33,True,True,0.2500019327635429,0.05195860661567702,4.405421829379787,True,True,4.0903620557277216e+17,301813.1147097472,1355263193139.0427,1355263193139.0386,3.062424070845555e-15,6.938893903907228e-18,1.3877787807814457e-17
0.4,0.7,34,True,True,0.25000135293129094,0.05195860661567702,4.405421829379787,True,True,1.4608435913313293e+18,431162.59244267264,3388150124655.2666,3388150124655.2563,3.0264025715340264e-15,6.938893903907228e-18,1.3877787807814457e-17
0.4,0.7,35,True,True,0.2500009470503456,0.05195860661567702,4.405421829379787,True,True,5.217298540469034e+18,615947.5606324907,8470361559856.831,8470361559856.805,3.1128762702363026e-15,6.938893903907228e-18,5.551115123125783e-17
0.4,0.7,36,True,True,0.25000066293448037,0.05195860661567702,4.405421829379787,True,True,1.863320907310369e+19,879926.0866179013,21175879834092.21,21175879834092.145,3.1359381768444465e-15,6.938893903907228e-18,2.7755575615628914e-17
0.4,0.7,37,True,True,0.2500004640537638,0.05195860661567702,4.405421829379787,True,True,6.654717526108462e+19,1257038.266597035,52939657470600.65,52939657470600.48,3.2466209305462378e-15,6.938893903907228e-18,1.3877787807814457e-17
0.4,0.7,38,True,True,0.25000032483745244,0.05195860661567702,4.405421829379787,True,True,2.376684830753023e+20,1795769.952281498,132349069976000.08,132349069975999.61,3.5417702601537272e-15,6.938893903907228e-18,2.7755575615628914e-17
0.4,0.7,39,True,True,0.2500002273861276,0.05195860661567702,4.405421829379787,True,True,8.488160109832224e+20,2565386.646116436,330872545964245.6,330872545964244.5,3.4001007751231566e-15,6.938893903907228e-18,4.163336342344337e-17
0.4,0.7,40,True,True,0.25000015917024565,0.05195860661567702,4.405421829379787,True,True,3.031485753511509e+21,3664839.0658806297,827181139203194.1,827181139203191.1,3.6267751497451295e-15,6.938893903907228e-18,1.3877787807814457e-17
0.4,0.7,41,True,True,0.2500001114191506,0.05195860661567702,4.405421829379787,True,True,1.0826734833969677e+22,5235485.379829475,2067952453020185.0,2067952453020176.8,3.989453426722237e-15,6.938893903907228e-18,2.7755575615628914e-17
0.4,0.7,42,True,True,0.25000007799339496,0.05195860661567702,4.405421829379787,True,True,3.866691012132028e+22,7479265.828327823,5169880441322037.0,5169880441322017.0,3.8685614158778685e-15,6.938893903907228e-18,1.3877787807814457e-17
0.4,0.7,43,True,True,0.25000005459537133,0.05195860661567702,4.405421829379787,True,True,1.3809610757614385e+23,10684666.46903975,1.2924699893655622e+16,1.2924699893655572e+16,3.868561777944555e-15,6.938893903907228e-18,4.163336342344337e-17
0.4,0.7,44,True,True,0.2500000382167574,0.05195860661567702,4.405421829379787,True,True,4.932003842005139e+23,15263810.241485357,3.231174761725283e+16,3.2311747617252696e+16,4.208995490153664e-15,6.938893903907228e-18,2.7755575615628914e-17
0.4,0.7,45,True,True,0.250000026751729,0.05195860661567702,4.405421829379787,True,True,1.7614299435732637e+24,21805444.20212194,8.077936533858158e+16,8.077936533858125e+16,4.159478086905966e-15,6.938893903907228e-18,1.3877787807814457e-17
0.4,0.7,46,True,True,0.25000001872620964,0.05195860661567702,4.405421829379787,True,True,6.290821227047372e+24,31150635.574459918,2.019484068634911e+17,2.019484068634902e+17,4.4367767684627665e-15,6.938893903907228e-18,2.7755575615628914e-17
0.4,0.7,47,True,True,0.2500000131083465,0.05195860661567702,4.405421829379787,True,True,2.246721866802633e+25,44500908.96351417,5.048710058135434e+17,5.0487100581354125e+17,4.310011814787477e-15,6.938893903907228e-18,4.163336342344337e-17
0.4,0.7,48,True,True,0.2500000091758424,0.05195860661567702,4.405421829379787,True,True,8.024006667152262e+25,63572728.09073454,1.2621774946797868e+18,1.262177494679781e+18,4.462129949028174e-15,6.938893903907228e-18,2.7755575615628914e-17
0.4,0.7,49,True,True,0.2500000064230896,0.05195860661567702,4.405421829379787,True,True,2.8657166668400937e+26,90818183.98676363,3.155443701954842e+18,3.1554437019548273e+18,4.705518907151322e-15,6.938893903907228e-18,1.3877787807814457e-17
0.4,0.8,2,True,True,0.6548757251162293,0.023588111318850004,6.667862655665833,True,True,2.8749999999999996,1.7560583724429468,1.6371893127905726,1.6371893127905732,4.0687647394892613e-16,0.0,2.7755575615628914e-17
0.4,0.8,3,True,True,0.46836801009147794,0.023588111318850004,6.667862655665833,True,True,8.734374999999996,2.9837648385231335,2.927300063071736,2.9273000630717365,1.5170607736880296e-16,2.7755575615628914e-17,2.7755575615628914e-17
0.4,0.8,4,True,True,0.35811291071768164,0.023588111318850004,6.667862655665833,True,True,27.044921874999986,4.833321972478495,5.595514229963772,5.595514229963775,4.761913113958118e-16,1.1102230246251565e-16,2.7755575615628914e-17
0.4,0.8,5,True,True,0.2926882301962356,0.023588111318850004,6.667862655665833,True,True,84.26538085937493,7.370278430921832,11.433133992040446,11.43313399204045,3.1073839257668447e-16,1.1102230246251565e-16,4.163336342344337e-17
0.4,0.8,6,True,True,0.2537529670278747,0.023588111318850004,6.667862655665833,True,True,263.07931518554665,10.616357392991869,24.78056318631587,24.78056318631588,4.301008397697375e-16,2.7755575615628914e-17,1.3877787807814457e-17
0.4,0.8,7,True,True,0.2300700557348394,0.023588111318850004,6.667862655665833,True,True,821.8728599548331,14.632026856440788,56.16944720088848,56.169447200888506,5.059994507112476e-16,1.1102230246251565e-16,6.938893903907228e-18
0.4,0.8,8,True,True,0.21509530544153802,0.023588111318850004,6.667862655665833,True,True,2568.102687358852,19.561465715542315,131.28375576265734,131.28375576265742,6.494720370840045e-16,1.1102230246251565e-16,1.3877787807814457e-17
0.4,0.8,9,True,True,0.205169377787125,0.023588111318850004,6.667862655665833,True,True,8025.070897996413,25.633993339726224,313.06362577381094,313.06362577381117,7.26285830496034e-16,2.7755575615628914e-17,1.3877787807814457e-17
0.4,0.8,10,True,True,0.19827745927760348,0.023588111318850004,6.667862655665833,True,True,25078.096556238786,33.15592487209789,756.3684817413451,756.3684817413459,1.0521430800754246e-15,2.7755575615628914e-17,2.7755575615628914e-17
0.4,0.8,11,True,True,0.19330010645272425,0.023588111318850004,6.667862655665833,True,True,78368.8017382462,42.51195002398056,1843.4534688255692,1843.4534688255706,7.400469150591174e-16,1.1102230246251565e-16,2.0816681711721685e-17
0.4,0.8,12,True,True,0.18959590839953894,0.023588111318850004,6.667862655665833,True,True,244902.2554320193,54.17809478266357,4520.3187084087995,4520.318708408804,1.0060072756386232e-15,2.7755575615628914e-17,1.734723475976807e-17
0.4,0.8,13,True,True,0.1867796058715823,0.023588111318850004,6.667862655665833,True,True,765319.2982250602,68.74373203313314,11132.932059263108,11132.932059263121,1.1437171948091253e-15,1.1102230246251565e-16,3.122502256758253e-17
0.4,0.8,14,True,True,0.184606674929982,0.023588111318850004,6.667862655665833,True,True,2391622.5569533124,86.94109948883852,27508.53820591892,27508.538205918947,9.257435440230903e-16,1.1102230246251565e-16,1.3877787807814457e-17
0.4,0.8,15,True,True,0.18291331706392303,0.023588111318850004,6.667862655665833,True,True,7473820.2404791005,109.6824647061601,68140.52055177192,68140.520551772,1.2813446487228306e-15,2.7755575615628914e-17,1.0408340855860843e-17
0.4,0.8,16,True,True,0.18158463556642038,0.023588111318850004,6.667862655665833,True,True,23355688.001497187,138.1062828211007,169113.87030633166,169113.87030633187,1.2046724069888908e-15,1.1102230246251565e-16,6.071532165918825e-18
0.4,0.8,17,True,True,0.1805371059601499,0.023588111318850004,6.667862655665833,True,True,72986524.7546787,173.63451973093754,420345.70584108477,420345.70584108535,1.3847568823618058e-15,6.938893903907228e-18,1.0408340855860843e-17
0.4,0.8,18,True,True,0.17970840895548448,0.023588111318850004,6.667862655665833,True,True,228082889.60837087,218.04400970191486,1046040.6131779545,1046040.6131779561,1.55807956693534e-15,1.1102230246251565e-16,8.673617379884035e-18
0.4,0.8,19,True,True,0.17905118319645186,0.023588111318850004,6.667862655665833,True,True,712759029.7761589,273.55545319874443,2605537.6394135444,2605537.639413548,1.4297587730493882e-15,1.1102230246251565e-16,1.734723475976807e-17
0.4,0.8,20,True,True,0.17852896615135458,0.023588111318850004,6.667862655665833,True,True,2227371967.8004956,342.94454154609184,6494845.9531062,6494845.953106211,1.5773350738012083e-15,5.551115123125783e-17,1.3877787807814457e-17
0.4,0.8,21,True,True,0.17811342654894605,0.023588111318850004,6.667862655665833,True,True,6960537399.126549,429.6807912909507,16199321.776088763,16199321.776088785,1.379794913621881e-15,2.0816681711721685e-17,1.734723475976807e-17
0.4,0.8,22,True,True,0.177782403694733,0.023588111318850004,6.667862655665833,True,True,21751679372.02046,538.1010470363096,40423038.55720376,40423038.55720384,1.8431520397409736e-15,6.938893903907228e-18,1.734723475976807e-17
0.4,0.8,23,True,True,0.17751847754409664,0.023588111318850004,6.667862655665833,True,True,67973998037.31391,673.6263380572037,100907571.74571998,100907571.74572015,1.62438526957494e-15,1.1102230246251565e-16,1.3877787807814457e-17
0.4,0.8,24,True,True,0.17730790321344533,0.023588111318850004,6.667862655665833,True,True,212418743866.35596,843.032937323625,251969685.24233624,251969685.2423367,1.7741611868327943e-15,1.1102230246251565e-16,5.204170427930421e-18
0.4,0.8,25,True,True,0.17713980432971482,0.023588111318850004,6.667862655665833,True,True,663808574582.1123,1054.7911790794017,629327005.9022201,629327005.9022212,1.7048110058758953e-15,1.1102230246251565e-16,1.0408340855860843e-17
0.4,0.8,26,True,True,0.17700555503437046,0.023588111318850004,6.667862655665833,True,True,2074401795568.85,1319.4889775813162,1572125141.4857013,1572125141.485705,2.274805352418541e-15,5.551115123125783e-17,1.0408340855860843e-17
0.4,0.8,27,True,True,0.17689830221954342,0.023588111318850004,6.667862655665833,True,True,6482505611152.406,1650.361223850562,3927931362.824717,3927931362.8247247,1.9423441568906164e-15,2.0816681711721685e-17,1.3877787807814457e-17
0.4,0.8,28,True,True,0.17681259358448373,0.023588111318850004,6.667862655665833,True,True,20257830034851.016,2063.951530753326,9815070622.059166,9815070622.059189,2.331942833127378e-15,2.7755575615628914e-17,1.3877787807814457e-17
0.4,0.8,29,True,True,0.17674408648355355,0.023588111318850004,6.667862655665833,True,True,63305718858909.164,2580.939413912989,24528169285.047535,24528169285.047596,2.488369822496582e-15,1.1102230246251565e-16,2.0816681711721685e-17
0.4,0.8,30,True,True,0.1766893190264628,0.023588111318850004,6.667862655665833,True,True,197830371434090.84,3227.17426762741,61301421933.91186,61301421933.912,2.3646840729082474e-15,1.1102230246251565e-16,8.673617379884035e-18
0.4,0.8,31,True,True,0.17664552949773096,0.023588111318850004,6.667862655665833,True,True,618219910731533.6,4034.967834652554,153215573473.0331,153215573473.03348,2.3901678478164266e-15,1.1102230246251565e-16,6.938893903907228e-18
0.4,0.8,32,True,True,0.1766105135013317,0.023588111318850004,6.667862655665833,True,True,1931937221036041.5,5044.709793374918,382963004843.84705,382963004843.848,2.550017854591961e-15,2.7755575615628914e-17,1.0408340855860843e-17
0.4,0.8,33,True,True,0.17658251069868633,0.023588111318850004,6.667862655665833,True,True,6037303815737628.0,6306.887241748294,957255708612.2985,957255708612.301,2.677943353522727e-15,1.1102230246251565e-16,1.734723475976807e-17
0.4,0.8,34,True,True,0.17656011484974196,0.023588111318850004,6.667862655665833,True,True,1.8866574424180084e+16,7884.609052200203,2392835751179.744,2392835751179.751,2.8568352410438726e-15,1.1102230246251565e-16,8.673617379884035e-18
0.4,0.8,35,True,True,0.17654220226055437,0.023588111318850004,6.667862655665833,True,True,5.895804507556275e+16,9856.761315257678,5981482475820.858,5981482475820.875,2.7754929596649313e-15,1.1102230246251565e-16,5.204170427930421e-18
0.4,0.8,36,True,True,0.17652787480594198,0.023588111318850004,6.667862655665833,True,True,1.8424389086113357e+17,12321.951644075813,14952492606941.445,14952492606941.49,3.004306785555315e-15,2.7755575615628914e-17,1.734723475976807e-17
0.4,0.8,37,True,True,0.176516414516537,0.023588111318850004,6.667862655665833,True,True,5.757621589410423e+17,15403.439555096618,37378804706675.84,37378804706675.945,2.7171147070377212e-15,2.7755575615628914e-17,6.938893903907228e-18
0.4,0.8,38,True,True,0.17650724735633805,0.023588111318850004,6.667862655665833,True,True,1.7992567466907569e+18,19255.2994438717,93442158712488.81,93442158712489.08,2.8426676316126e-15,2.7755575615628914e-17,1.3877787807814457e-17
0.4,0.8,39,True,True,0.17649991431371628,0.023588111318850004,6.667862655665833,True,True,5.622677333408613e+18,24070.124304840097,233595691580121.47,233595691580122.28,3.4782319592624685e-15,2.7755575615628914e-17,1.3877787807814457e-17
0.4,0.8,40,True,True,0.1764940483183064,0.023588111318850004,6.667862655665833,True,True,1.7570866666901916e+19,30088.655381050343,583969819999598.4,583969819999600.1,2.9967302077377876e-15,2.7755575615628914e-17,1.0408340855860843e-17
0.4,0.8,41,True,True,0.17648935580270972,0.023588111318850004,6.667862655665833,True,True,5.490895833406847e+19,37611.819226313055,1459885734419738.5,1459885734419743.5,3.4249255829514188e-15,2.7755575615628914e-17,1.734723475976807e-17
0.4,0.8,42,True,True,0.1764856019698857,0.023588111318850004,6.667862655665833,True,True,1.7159049479396396e+20,47015.774032891364,3649636708605976.0,3649636708605988.5,3.424998430809429e-15,2.7755575615628914e-17,6.938893903907228e-18
0.4,0.8,43,True,True,0.17648259901859703,0.023588111318850004,6.667862655665833,True,True,5.3622029623113725e+20,58770.71754111423,9123936522572038.0,9123936522572070.0,3.507258070114136e-15,2.7755575615628914e-17,1.0408340855860843e-17
0.4,0.8,44,True,True,0.17648019673114346,0.023588111318850004,6.667862655665833,True,True,1.6756884257223037e+21,73464.39692639279,2.2809530818053944e+16,2.280953081805402e+16,3.331940521102042e-15,2.7755575615628914e-17,1.0408340855860843e-17
0.4,0.8,45,True,True,0.1764782749482681,0.023588111318850004,6.667862655665833,True,True,5.236526330382197e+21,91831.496157991,5.702320608359733e+16,5.702320608359753e+16,3.50734400494414e-15,2.7755575615628914e-17,1.3877787807814457e-17
0.4,0.8,46,True,True,0.17647673755210289,0.023588111318850004,6.667862655665833,True,True,1.6364144782444365e+22,114790.37019748875,1.4255677331026118e+17,1.4255677331026173e+17,3.816023520790794e-15,2.7755575615628914e-17,8.673617379884035e-18
0.4,0.8,47,True,True,0.17647550765445655,0.023588111318850004,6.667862655665833,True,True,5.113795244513862e+22,143488.96274686095,3.5638944951713606e+17,3.563894495171375e+17,3.950734237244288e-15,2.7755575615628914e-17,1.3877787807814457e-17
0.4,0.8,48,True,True,0.17647452374868225,0.023588111318850004,6.667862655665833,True,True,1.5980610139105817e+23,179362.20343357616,8.909686563381216e+17,8.909686563381252e+17,4.02258819600929e-15,2.7755575615628914e-17,1.0408340855860843e-17
0.4,0.8,49,True,True,0.17647373663196197,0.023588111318850004,6.667862655665833,True,True,4.993940668470568e+23,224203.75429197017,2.227411706035569e+18,2.2274117060355773e+18,3.7927429298807255e-15,2.7755575615628914e-17,1.0408340855860843e-17
0.4,0.9,2,True,True,0.6646091640775952,0.005973921284688886,13.604349011843842,True,True,2.666666666666666,1.6049532933345616,1.661522910193988,1.661522910193988,0.0,1.1102230246251565e-16,0.0
0.4,0.9,3,True,True,0.482541355187391,0.005973921284688886,13.604349011843842,True,True,7.296296296296296,2.419289859527282,3.0158834699211936,3.015883469921193,1.4725012232043135e-16,1.1102230246251565e-16,2.7755575615628914e-17
0.4,0.9,4,True,True,0.3666791481760051,0.005973921284688886,13.604349011843842,True,True,20.15637860082304,3.518084507585564,5.729361690250078,5.729361690250079,1.550222289529355e-16,0.0,6.938893903907228e-18
0.4,0.9,5,True,True,0.28904009141420917,0.005973921284688886,13.604349011843842,True,True,55.878829446730656,4.949133619620708,11.29062857086754,11.290628570867543,3.146603979133041e-16,1.3877787807814457e-17,1.0408340855860843e-17
0.4,0.9,6,True,True,0.23645564341071348,0.005973921284688886,13.604349011843842,True,True,155.1078595742518,6.717135015811491,23.09137142682748,23.091371426827482,1.5385459846152617e-16,1.1102230246251565e-16,1.0408340855860843e-17
0.4,0.9,7,True,True,0.20076342489615012,0.005973921284688886,13.604349011843842,True,True,430.74405437292165,8.78809298867127,49.014508031286624,49.01450803128663,1.4496579978045501e-16,1.1102230246251565e-16,8.673617379884035e-18
0.4,0.9,8,True,True,0.1763590483242763,0.005973921284688886,13.604349011843842,True,True,1196.4001510358933,11.114723208604346,107.64102070573496,107.641020705735,3.960624292308907e-16,1.1102230246251565e-16,5.204170427930421e-18
0.4,0.9,9,True,True,0.15938653178650458,0.005973921284688886,13.604349011843842,True,True,3323.2226417663696,13.664311319762433,243.20454679337232,243.20454679337237,2.337267933938029e-16,1.3877787807814457e-17,2.168404344971009e-18
0.4,0.9,10,True,True,0.1472669075158889,0.005973921284688886,13.604349011843842,True,True,9231.06289379547,16.431850115206895,561.7786694179106,561.7786694179108,4.047388906361044e-16,1.1102230246251565e-16,3.469446951953614e-18
0.4,0.9,11,True,True,0.13832570249913942,0.005973921284688886,13.604349011843842,True,True,25641.730260542972,19.43767677583015,1319.17669772281,1319.17669772281,0.0,1.1102230246251565e-16,3.0357660829594124e-18
0.4,0.9,12,True,True,0.13149886469095515,0.005973921284688886,13.604349011843842,True,True,71226.91739039714,22.718625382836574,3135.177247308612,3135.1772473086135,4.35140327019955e-16,3.469446951953614e-18,3.469446951953614e-18
0.4,0.9,13,True,True,0.12611702491169335,0.005973921284688886,13.604349011843842,True,True,197852.43719554754,26.320102914577785,7517.160469990564,7517.160469990568,6.049456476310059e-16,1.1102230246251565e-16,1.951563910473908e-18
0.4,0.9,14,True,True,0.12175789104589463,0.005973921284688886,13.604349011843842,True,True,549589.9922098543,30.291556240137254,18143.33961097814,18143.339610978146,4.01026369466231e-16,1.1102230246251565e-16,1.5178830414797062e-18
0.4,0.9,15,True,True,0.11815069123855672,0.005973921284688886,13.604349011843842,True,True,1526638.7561384838,34.68485595432334,44014.56238275638,44014.562382756405,4.959238865703636e-16,1.1102230246251565e-16,9.75781955236954e-19
0.4,0.9,16,True,True,0.1151168298311622,0.005973921284688886,13.604349011843842,True,True,4240663.100384677,39.55440172435971,107210.90233992973,107210.9023399298,6.786583691940028e-16,1.1102230246251565e-16,8.673617379884035e-19
0.4,0.9,17,True,True,0.11253408601224694,0.005973921284688886,13.604349011843842,True,True,11779619.612179657,44.958005868662696,262013.83679231344,262013.8367923136,6.664647366651017e-16,1.1102230246251565e-16,8.673617379884035e-19
0.4,0.9,18,True,True,0.11031537198246628,0.005973921284688886,13.604349011843842,True,True,32721165.478276823,50.958024467719866,642119.976589841,642119.9765898414,7.25193584197091e-16,1.1102230246251565e-16,5.421010862427522e-19
0.4,0.9,19,True,True,0.10839617665814621,0.005973921284688886,13.604349011843842,True,True,90892126.21743558,57.622506121992885,1577371.9738084183,1577371.9738084197,8.856400932180433e-16,1.1102230246251565e-16,6.505213034913027e-19
0.4,0.9,20,True,True,0.10672707063023036,0.005973921284688886,13.604349011843842,True,True,252478128.27065444,65.02629467703076,3882708.210957579,3882708.2109575802,3.5979625200284727e-16,1.3877787807814457e-17,5.421010862427522e-19
0.4,0.9,21,True,True,0.10526912838903585,0.005973921284688886,13.604349011843842,True,True,701328133.97404,73.25209679148605,9574171.45300821,9574171.453008214,3.890979304837312e-16,2.7755575615628914e-17,1.0842021724855044e-18
0.4,0.9,22,True,True,0.10399103571758414,0.005973921284688886,13.604349011843842,True,True,1948133705.3723333,82.39155026155903,23644824.004255485,23644824.0042555,6.302081669614375e-16,1.1102230246251565e-16,3.7947076036992655e-19
0.4,0.9,23,True,True,0.10286718583596646,0.005973921284688886,13.604349011843842,True,True,5411482514.812036,92.5463318579403,58473225.31506407,58473225.31506412,7.645120196581028e-16,1.1102230246251565e-16,5.421010862427522e-19
0.4,0.9,24,True,True,0.1018763722024092,0.005973921284688886,13.604349011843842,True,True,15031895874.366762,103.82933867992459,144775032.42802778,144775032.42802793,1.0292631915834987e-15,1.1102230246251565e-16,5.421010862427522e-19
0.4,0.9,25,True,True,0.10100085516938907,0.005973921284688886,13.604349011843842,True,True,41755266317.57434,116.3659713036625,358827119.7308361,358827119.73083633,6.6443857220269535e-16,1.1102230246251565e-16,3.7947076036992655e-19
0.4,0.9,26,True,True,0.10022567304758037,0.005973921284688886,13.604349011843842,True,True,115986850882.03983,130.2955426810286,890182799.0078117,890182799.0078124,8.034931006327053e-16,1.1102230246251565e-16,2.168404344971009e-19
0.4,0.9,27,True,True,0.0995381198116655,0.005973921284688886,13.604349011843842,True,True,322185696894.44385,145.77283428934862,2210190248.8561645,2210190248.856167,1.0787242375399609e-15,1.1102230246251565e-16,3.2526065174565133e-19
0.4,0.9,28,True,True,0.09892734077924725,0.005973921284688886,13.604349011843842,True,True,894960269151.1218,162.96982018972534,5491570574.902959,5491570574.902966,1.215630414612619e-15,1.1102230246251565e-16,3.2526065174565133e-19
0.4,0.9,29,True,True,0.09838401445712323,0.005973921284688886,13.604349011843842,True,True,2486000747641.894,182.07758002153327,13653524763.169024,13653524763.169039,1.1175714203603476e-15,1.1102230246251565e-16,3.2526065174565133e-19
0.4,0.9,30,True,True,0.09790009890344677,0.005973921284688886,13.604349011843842,True,True,6905557632338.481,203.3084231987609,33965919973.651978,33965919973.65202,1.2354050752762013e-15,1.1102230246251565e-16,3.7947076036992655e-19
0.4,0.9,31,True,True,0.09746862733835955,0.005973921284688886,13.604349011843842,True,True,19182104534273.45,226.89824844262182,84540558007.54333,84540558007.54343,1.0829445242936638e-15,1.1102230246251565e-16,2.710505431213761e-19
0.4,0.9,32,True,True,0.09708354192528391,0.005973921284688886,13.604349011843842,True,True,53283623706315.02,253.1091651421958,210516374135.9602,210516374135.9604,8.697920506256807e-16,2.7755575615628914e-17,2.710505431213761e-19
0.4,0.9,33,True,True,0.09673955750265326,0.005973921284688886,13.604349011843842,True,True,148010065850874.9,282.2324058086695,524426192048.31366,524426192048.3143,1.1638464511394382e-15,2.7755575615628914e-17,2.981555974335137e-19
0.4,0.9,34,True,True,0.09643204905867388,0.005973921284688886,13.604349011843842,True,True,411139071807985.7,314.59156205339383,1306897963583.0327,1306897963583.0347,1.4944739791660919e-15,1.1102230246251565e-16,3.2526065174565133e-19
0.4,0.9,35,True,True,0.0961569581962615,0.005973921284688886,13.604349011843842,True,True,1142052977244404.5,350.54618007938956,3257924467999.507,3257924467999.5107,1.1989995588812977e-15,1.1102230246251565e-16,2.710505431213761e-19
0.4,0.9,36,True,True,0.095910714907606,0.005973921284688886,13.604349011843842,True,True,3172369381234456.5,390.4957556529358,8123953552145.621,8123953552145.632,1.3222856865254801e-15,1.1102230246251565e-16,1.3552527156068805e-19
0.4,0.9,37,True,True,0.09569017178078353,0.005973921284688886,13.604349011843842,True,True,8812137170095712.0,434.8841729518855,20263182056686.77,20263182056686.797,1.3494302091105495e-15,1.1102230246251565e-16,3.7947076036992655e-19
0.4,0.9,38,True,True,0.09549254836967472,0.005973921284688886,13.604349011843842,True,True,2.4478158805821416e+16,484.2046366151059,50553334178993.195,50553334178993.27,1.5453975740429747e-15,2.7755575615628914e-17,4.336808689942018e-19
0.4,0.9,39,True,True,0.09531538392489365,0.005973921284688886,13.604349011843842,True,True,6.799488557172614e+16,539.0051517954238,126148860257152.42,126148860257152.6,1.3624776288080237e-15,1.1102230246251565e-16,2.710505431213761e-19
0.4,0.9,40,True,True,0.09515649704396549,0.005973921284688886,13.604349011843842,True,True,1.8887468214368374e+17,599.8946131064166,314846438052909.9,314846438052910.3,1.389566300021084e-15,1.1102230246251565e-16,2.0328790734103208e-19
0.4,0.9,41,True,True,0.09501395107986,0.005973921284688886,13.604349011843842,True,True,5.246518948435659e+17,667.5495701184169,785936982553217.2,785936982553218.2,1.2723666428717608e-15,1.1102230246251565e-16,2.846030702774449e-19
0.4,0.9,42,True,True,0.09488602436735795,0.005973921284688886,13.604349011843842,True,True,1.4573663745654605e+18,742.7217445760984,1962196993972808.5,1962196993972812.0,1.7837148924143627e-15,1.1102230246251565e-16,4.0657581468206416e-19
0.4,0.9,43,True,True,0.09477118450077719,0.005973921284688886,13.604349011843842,True,True,4.048239929348501e+18,826.246382862367,4899555402983037.0,4899555402983044.0,1.4287010604550204e-15,1.1102230246251565e-16,2.168404344971009e-19
0.4,0.9,44,True,True,0.09466806603490552,0.005973921284688886,13.604349011843842,True,True,1.1245110914856946e+19,919.0515365137574,1.2235560758119266e+16,1.2235560758119288e+16,1.7980377389243246e-15,1.1102230246251565e-16,2.439454888092385e-19
0.4,0.9,45,True,True,0.09457545109156305,0.005973921284688886,13.604349011843842,True,True,3.1236419207935955e+19,1022.1683739041821,3.0558976393124104e+16,3.0558976393124156e+16,1.7016276766292514e-15,1.1102230246251565e-16,3.5236570605778894e-19
0.4,0.9,46,True,True,0.09449225244311119,0.005973921284688886,13.604349011843842,True,True,8.676783113315543e+19,1136.7426376713165,7.633023364981222e+16,7.633023364981235e+16,1.6769239903972791e-15,1.1102230246251565e-16,1.6263032587282567e-19
0.4,0.9,47,True,True,0.09441749871607702,0.005973921284688886,13.604349011843842,True,True,2.410217531476539e+20,1264.047375190353,1.9067462017502186e+17,1.906746201750222e+17,1.846076838526782e-15,1.1102230246251565e-16,4.336808689942018e-19
0.4,0.9,48,True,True,0.09435032141644291,0.005973921284688886,13.604349011843842,True,True,6.695048698545942e+20,1405.4970835448376,4.763473917469968e+17,4.763473917469976e+17,1.7466244476508022e-15,1.1102230246251565e-16,1.6263032587282567e-19
0.4,0.9,49,True,True,0.09428994352582556,0.005973921284688886,13.604349011843842,True,True,1.8597357495960947e+21,1562.6634261609308,1.190106403248328e+18,1.1901064032483302e+18,1.9359613507761643e-15,1.1102230246251565e-16,3.2526065174565133e-19
0.5,0.1,2,True,True,0.6708845314265967,0.25563477564422316,4.797590534491444,True,True,11.0,8.19813208139495,1.341769062853193,1.3417690628531933,1.6548645446696055e-16,0.0,1.1102230246251565e-16
0.5,0.1,3,True,True,0.5667854249947825,0.25563477564422316,4.797590534491444,True,True,210.99999999999994,93.06873055263476,2.26714169997913,2.26714169997913,0.0,5.551115123125783e-17,1.3877787807814457e-17
0.5,0.1,4,True,True,0.5198795831822021,0.25563477564422316,4.797590534491444,True,True,4210.999999999999,1012.4940794520897,4.159036665457617,4.1590366654576165,2.1355388065625514e-16,2.168404344971009e-19,1.3877787807814457e-17
0.5,0.1,5,True,True,0.49675519112775307,0.25563477564422316,4.797590534491444,True,True,84210.99999999997,10595.133365493986,7.948083058044048,7.948083058044049,1.117475010280904e-16,5.551115123125783e-17,1.3877787807814457e-17
0.5,0.1,6,True,True,0.4852174317960669,0.25563477564422316,4.797590534491444,True,True,1684210.9999999993,108470.12143644631,15.52695781747414,15.526957817474141,1.1440469281117815e-16,5.551115123125783e-17,1.1102230246251565e-16
0.5,0.1,7,True,True,0.47945061331374395,0.25563477564422316,4.797590534491444,True,True,33684210.999999985,1097747.6767363902,30.68483925207961,30.684839252079612,1.1578074923627705e-16,5.551115123125783e-17,1.3877787807814457e-17
0.5,0.1,8,True,True,0.47656739206248966,0.25563477564422316,4.797590534491444,True,True,673684210.9999996,11043890.090044955,61.00062618399866,61.000626183998676,2.329624399647509e-16,5.551115123125783e-17,8.673617379884035e-19
0.5,0.1,9,True,True,0.47512579935437016,0.25563477564422316,4.797590534491444,True,True,13473684210.999992,110773986.63835497,121.63220463471875,121.63220463471876,1.1683463896654266e-16,2.168404344971009e-19,8.673617379884035e-19
0.5,0.1,10,True,True,0.4744050047486097,0.25563477564422316,4.797590534491444,True,True,269473684210.99985,1109422928.1023443,242.89536243128816,242.89536243128816,0.0,5.551115123125783e-17,8.673617379884035e-19
0.5,0.1,11,True,True,0.4740446076184026,0.25563477564422316,4.797590534491444,True,True,5389473684210.997,11102663779.215582,485.4216782012443,485.4216782012443,0.0,3.469446951953614e-18,1.3877787807814457e-17
0.5,0.1,12,True,True,0.47386440907045885,0.25563477564422316,4.797590534491444,True,True,107789473684210.94,111068858390.55035,970.4743097762998,970.4743097762997,1.1714564370881856e-16,3.469446951953614e-18,8.673617379884035e-19
0.5,0.1,13,True,True,0.47377430979819757,0.25563477564422316,4.797590534491444,True,True,2155789473684209.5,1110899807332.0317,1940.579572933417,1940.5795729334172,1.1716792169440888e-16,5.551115123125783e-17,1.734723475976807e-18
0.5,0.1,14,True,True,0.47372926016223765,0.25563477564422316,4.797590534491444,True,True,4.311578947368418e+16,11110054491745.705,3880.790099249051,3880.790099249051,0.0,5.551115123125783e-17,1.3877787807814457e-17
0.5,0.1,15,True,True,0.4737067353442749,0.25563477564422316,4.797590534491444,True,True,8.623157894736835e+17,111105827763072.52,7761.211151880599,7761.2111518806,1.1718463574497016e-16,5.551115123125783e-17,1.3877787807814457e-17
0.5,0.1,16,True,True,0.4736954729352951,0.25563477564422316,4.797590534491444,True,True,1.724631578947367e+19,1111084693742843.4,15522.05325714375,15522.05325714375,0.0,5.551115123125783e-17,8.673617379884035e-19
0.5,0.1,17,True,True,0.4736898417308054,0.25563477564422316,4.797590534491444,True,True,3.4492631578947335e+20,1.1110979022699528e+16,31043.737467670057,31043.737467670064,2.3437763000543477e-16,5.551115123125783e-17,1.1102230246251565e-16
0.5,0.1,18,True,True,0.47368702612856056,0.25563477564422316,4.797590534491444,True,True,6.898526315789467e+21,1.1111045066512746e+17,62087.10588872269,62087.10588872269,0.0,5.551115123125783e-17,8.673617379884035e-19
0.5,0.1,19,True,True,0.47368561832743816,0.25563477564422316,4.797590534491444,True,True,1.3797052631578933e+23,1.1111078088713779e+18,124173.84273082795,124173.84273082795,0.0,5.551115123125783e-17,8.673617379884035e-19
0.5,0.1,20,True,True,0.47368491442687694,0.25563477564422316,4.797590534491444,True,True,2.7594105263157866e+24,1.1111094599887905e+19,248347.31641503845,248347.31641503845,0.0,5.551115123125783e-17,8.673617379884035e-19
0.5,0.1,21,True,True,0.47368456247659635,0.25563477564422316,4.797590534491444,True,True,5.518821052631572e+25,1.1111102855493368e+20,496694.2637834594,496694.2637834595,2.343802421637944e-16,5.551115123125783e-17,8.673617379884035e-19
0.5,0.1,22,True,True,0.47368438650145606,0.25563477564422316,4.797590534491444,True,True,1.1037642105263144e+27,1.1111106983300699e+21,993388.1585203015,993388.1585203016,1.1719016461837124e-16,5.551115123125783e-17,8.673617379884035e-19
0.5,0.1,23,True,True,0.4736842985138859,0.25563477564422316,4.797590534491444,True,True,2.2075284210526286e+28,1.1111109047205516e+22,1986775.9479939854,1986775.9479939856,1.171901863866204e-16,5.551115123125783e-17,8.673617379884035e-19
0.5,0.1,24,True,True,0.47368425452010077,0.25563477564422316,4.797590534491444,True,True,4.415056842105257e+29,1.1111110079158211e+23,3973551.526941353,3973551.5269413535,1.1719019727074802e-16,5.551115123125783e-17,8.673617379884035e-19
0.5,0.1,25,True,True,0.47368423252320824,0.25563477564422316,4.797590534491444,True,True,8.830113684210514e+30,1.1111110595134627e+24,7947102.6848360915,7947102.68483609,2.3438040542562517e-16,5.551115123125783e-17,8.673617379884035e-19
0.5,0.1,26,True,True,0.473684221524762,0.25563477564422316,4.797590534491444,True,True,1.7660227368421026e+32,1.1111110853122858e+25,15894205.00062556,15894205.000625562,1.1719020543384505e-16,5.551115123125783e-17,8.673617379884035e-19
0.5,0.1,27,True,True,0.4736842160255389,0.25563477564422316,4.797590534491444,True,True,3.532045473684205e+33,1.1111110982116973e+26,31788409.632204507,31788409.63220451,1.1719020679436133e-16,5.551115123125783e-17,8.673617379884035e-19
0.5,0.1,28,True,True,0.4736842132759273,0.25563477564422316,4.797590534491444,True,True,7.064090947368411e+34,1.1111111046614033e+27,63576818.89536241,63576818.8953624,1.1719020747461948e-16,5.551115123125783e-17,8.673617379884035e-19
0.5,0.1,29,True,True,0.47368421190112153,0.25563477564422316,4.797590534491444,True,True,1.4128181894736818e+36,1.1111111078862563e+28,127153637.42167819,127153637.42167819,0.0,5.551115123125783e-17,8.673617379884035e-19
0.5,0.1,30,True,True,0.4736842112137186,0.25563477564422316,4.797590534491444,True,True,2.8256363789473636e+37,1.1111111094986829e+29,254307274.4743097,254307274.47430974,1.171902079848131e-16,5.551115123125783e-17,8.673617379884035e-19
0.5,0.1,31,True,True,0.47368421087001716,0.25563477564422316,4.797590534491444,True,True,5.6512727578947275e+38,1.1111111103048961e+30,508614548.5795729,508614548.57957286,1.1719020806984538e-16,5.551115123125783e-17,8.673617379884035e-19
0.5,0.1,32,True,True,0.47368421069816646,0.25563477564422316,4.797590534491444,True,True,1.1302545515789456e+40,1.1111111107080028e+31,1017229096.7900991,1017229096.7900991,0.0,5.551115123125783e-17,8.673617379884035e-19
0.5,0.1,33,True,True,0.47368421061224114,0.25563477564422316,4.797590534491444,True,True,2.2605091031578904e+41,1.111111110909556e+32,2034458193.2111514,2034458193.2111518,2.343804162672391e-16,5.551115123125783e-17,8.673617379884035e-19
0.5,0.1,34,True,True,0.47368421056927845,0.25563477564422316,4.797590534491444,True,True,4.5210182063157813e+42,1.1111111110103325e+33,4068916386.053257,4068916386.053257,0.0,5.551115123125783e-17,8.673617379884035e-19
0.5,0.1,35,True,True,0.47368421054779714,0.25563477564422316,4.797590534491444,True,True,9.042036412631562e+43,1.1111111110607207e+34,8137832771.737468,8137832771.737468,0.0,5.551115123125783e-17,8.673617379884035e-19
0.5,0.1,36,True,True,0.4736842105370564,0.25563477564422316,4.797590534491444,True,True,1.8084072825263123e+45,1.1111111110859151e+35,16275665543.105885,16275665543.105886,1.1719020815222038e-16,5.551115123125783e-17,8.673617379884035e-19
0.5,0.1,37,True,True,0.4736842105316861,0.25563477564422316,4.797590534491444,True,True,3.616814565052624e+46,1.111111111098512e+36,32551331085.842724,32551331085.842728,1.1719020815354902e-16,5.551115123125783e-17,8.673617379884035e-19
0.5,0.1,38,True,True,0.4736842105290009,0.25563477564422316,4.797590534491444,True,True,7.233629130105247e+47,1.1111111111048103e+37,65102662171.31641,65102662171.31641,0.0,5.551115123125783e-17,8.673617379884035e-19
0.5,0.1,39,True,True,0.47368421052765836,0.25563477564422316,4.797590534491444,True,True,1.4467258260210496e+49,1.1111111111079598e+38,130205324342.26376,130205324342.26378,1.1719020815454548e-16,5.551115123125783e-17,8.673617379884035e-19
0.5,0.1,40,True,True,0.47368421052698706,0.25563477564422316,4.797590534491444,True,True,2.893451652042099e+50,1.1111111111095341e+39,260410648684.1585,260410648684.1585,0.0,5.551115123125783e-17,8.673617379884035e-19
0.5,0.1,41,True,True,0.4736842105266514,0.25563477564422316,4.797590534491444,True,True,5.786903304084198e+51,1.1111111111103216e+40,520821297367.9479,520821297367.94794,1.171902081547946e-16,5.551115123125783e-17,8.673617379884035e-19
0.5,0.1,42,True,True,0.4736842105264835,0.25563477564422316,4.797590534491444,True,True,1.1573806608168394e+53,1.111111111110715e+41,1041642594735.5267,1041642594735.5267,0.0,5.551115123125783e-17,8.673617379884035e-19
0.5,0.1,43,True,True,0.47368421052639964,0.25563477564422316,4.797590534491444,True,True,2.314761321633679e+54,1.1111111111109118e+42,2083285189470.6846,2083285189470.6846,0.0,5.551115123125783e-17,8.673617379884035e-19
0.5,0.1,44,True,True,0.4736842105263577,0.25563477564422316,4.797590534491444,True,True,4.6295226432673567e+55,1.1111111111110101e+43,4166570378940.9995,4166570378941.0,1.1719020815486728e-16,5.551115123125783e-17,8.673617379884035e-19
0.5,0.1,45,True,True,0.4736842105263367,0.25563477564422316,4.797590534491444,True,True,9.259045286534713e+56,1.1111111111110592e+44,8333140757881.631,8333140757881.631,0.0,5.551115123125783e-17,8.673617379884035e-19
0.5,0.1,46,True,True,0.4736842105263262,0.25563477564422316,4.797590534491444,True,True,1.8518090573069426e+58,1.1111111111110837e+45,16666281515762.895,16666281515762.893,1.1719020815487505e-16,5.551115123125783e-17,8.673617379884035e-19
0.5,0.1,47,True,True,0.473684210526321,0.25563477564422316,4.797590534491444,True,True,3.703618114613885e+59,1.1111111111110961e+46,33332563031525.414,33332563031525.418,1.1719020815487636e-16,5.551115123125783e-17,8.673617379884035e-19
0.5,0.1,48,True,True,0.4736842105263183,0.25563477564422316,4.797590534491444,True,True,7.40723622922777e+60,1.1111111111111022e+47,66665126063050.46,66665126063050.46,0.0,5.551115123125783e-17,8.673617379884035e-19
0.5,0.1,49,True,True,0.47368421052631704,0.25563477564422316,4.797590534491444,True,True,1.4814472458455537e+62,1.1111111111111052e+48,133330252126100.55,133330252126100.56,1.1719020815487732e-16,5.551115123125783e-17,8.673617379884035e-19
0.5,0.2,2,True,True,0.6657159100567727,0.21892880129873565,3.1838613170124686,True,True,5.999999999999999,4.506426772561523,1.3314318201135455,1.3314318201135453,1.6677129205616793e-16,0.0,0.0
0.5,0.2,3,True,True,0.5445685814806714,0.21892880129873565,3.1838613170124686,True,True,55.99999999999999,25.70842401876044,2.178274325922686,2.1782743259226858,2.0387203051753033e-16,0.0,1.3877787807814457e-17
0.5,0.2,4,True,True,0.4929327185327263,0.21892880129873565,3.1838613170124686,True,True,555.9999999999999,140.992872631533,3.9434617482618104,3.9434617482618104,0.0,6.938893903907228e-18,1.1102230246251565e-16
0.5,0.2,5,True,True,0.46842699244239916,0.21892880129873565,3.1838613170124686,True,True,5555.999999999999,741.31082453089,7.494831879078387,7.4948318790783865,1.18505449358971e-16,1.734723475976807e-18,1.3877787807814457e-17
0.5,0.2,6,True,True,0.4563883678647253,0.21892880129873565,3.1838613170124686,True,True,55555.99999999998,3804.051816926656,14.60442777167121,14.60442777167121,0.0,5.551115123125783e-17,1.1102230246251565e-16
0.5,0.2,7,True,True,0.4504074115835052,0.21892880129873565,3.1838613170124686,True,True,555555.9999999999,19272.69018394167,28.826074341344338,28.826074341344334,1.2324653148156754e-16,6.938893903907228e-18,1.3877787807814457e-17
0.5,0.2,8,True,True,0.4474241755749797,0.21892880129873565,3.1838613170124686,True,True,5555555.999999997,97005.89199102519,57.27029447359741,57.2702944735974,1.2406828745881037e-16,5.551115123125783e-17,1.1102230246251565e-16
0.5,0.2,9,True,True,0.44593396411632974,0.21892880129873565,3.1838613170124686,True,True,55555555.99999998,486650.2847681457,114.1590948137804,114.15909481378041,1.244828958952693e-16,8.673617379884035e-19,6.938893903907228e-18
0.5,0.2,10,True,True,0.44518913555855666,0.21892880129873565,3.1838613170124686,True,True,555555555.9999996,2437322.384229159,227.93683740598095,227.936837405981,2.4938232673450466e-16,5.551115123125783e-17,2.7755575615628914e-17
0.5,0.2,11,True,True,0.4448167763026922,0.21892880129873565,3.1838613170124686,True,True,5555555555.999997,12196813.411021996,455.4923789339568,455.4923789339568,0.0,6.938893903907228e-18,1.1102230246251565e-16
0.5,0.2,12,True,True,0.44463060763835627,0.21892880129873565,3.1838613170124686,True,True,55555555555.99997,61009601.33044159,910.6034844433536,910.6034844433536,0.0,8.673617379884035e-19,1.3877787807814457e-17
0.5,0.2,13,True,True,0.4445375254948125,0.21892880129873565,3.1838613170124686,True,True,555555555555.9996,305111880.9479375,1820.8257044267523,1820.825704426752,1.248739376264549e-16,8.673617379884035e-19,8.673617379884035e-19
0.5,0.2,14,True,True,0.4444909848603564,0.21892880129873565,3.1838613170124686,True,True,5555555555555.996,1525719139.1426947,3641.27014797604,3641.2701479760394,1.2488701260993518e-16,6.938893903907228e-18,1.3877787807814457e-17
0.5,0.2,15,True,True,0.4444677146305505,0.21892880129873565,3.1838613170124686,True,True,55555555555555.96,7628995092.9449215,7282.15903650694,7282.15903650694,0.0,8.673617379884035e-19,1.1102230246251565e-16
0.5,0.2,16,True,True,0.44445607953312793,0.21892880129873565,3.1838613170124686,True,True,555555555555555.56,38145974034.72067,14563.936814141536,14563.936814141536,0.0,1.734723475976807e-18,1.1102230246251565e-16
0.5,0.2,17,True,True,0.4444502619879124,0.21892880129873565,3.1838613170124686,True,True,5555555555555551.0,190732366695.12338,29127.492369639822,29127.492369639825,1.2489845541539483e-16,8.673617379884035e-19,1.1102230246251565e-16
0.5,0.2,18,True,True,0.44444735321600365,0.21892880129873565,3.1838613170124686,True,True,5.55555555555555e+16,953668074900.4594,58254.60348072804,58254.60348072803,1.2489927283756177e-16,6.938893903907228e-18,1.1102230246251565e-16
0.5,0.2,19,True,True,0.4444458988301891,0.21892880129873565,3.1838613170124686,True,True,5.55555555555555e+17,4768355978216.085,116508.82570294109,116508.82570294109,0.0,8.673617379884035e-19,1.3877787807814457e-17
0.5,0.2,20,True,True,0.4444451716373098,0.21892880129873565,3.1838613170124686,True,True,5.55555555555555e+18,23841818900554.87,233017.2701473819,233017.27014738187,1.248998859111418e-16,8.673617379884035e-19,3.469446951953614e-18
0.5,0.2,21,True,True,0.4444448080408757,0.21892880129873565,3.1838613170124686,True,True,5.555555555555549e+19,119209192026698.31,466034.15903626935,466034.1590362693,1.2489998809065275e-16,8.673617379884035e-19,1.3877787807814457e-17
0.5,0.2,22,True,True,0.44444462624265985,0.21892880129873565,3.1838613170124686,True,True,5.555555555555549e+20,596046203943599.2,932067.9368140465,932067.9368140466,1.249000391804706e-16,8.673617379884035e-19,1.3877787807814457e-17
0.5,0.2,23,True,True,0.44444453534355205,0.21892880129873565,3.1838613170124686,True,True,5.555555555555549e+21,2980231629243638.0,1864135.4923696017,1864135.4923696017,0.0,8.673617379884035e-19,1.1102230246251565e-16
0.5,0.2,24,True,True,0.44444448989399826,0.21892880129873565,3.1838613170124686,True,True,5.555555555555549e+22,1.4901159670032756e+16,3728270.603480713,3728270.603480713,0.0,8.673617379884035e-19,6.938893903907228e-18
0.5,0.2,25,True,True,0.44444446716922137,0.21892880129873565,3.1838613170124686,True,True,5.555555555555548e+23,7.450580215970077e+16,7456540.825702936,7456540.825702935,1.2490008388409539e-16,8.673617379884035e-19,3.469446951953614e-18
0.5,0.2,26,True,True,0.4444444558068329,0.21892880129873565,3.1838613170124686,True,True,5.555555555555548e+24,3.7252902032234714e+17,14913081.270147381,14913081.27014738,1.2490008707721266e-16,8.673617379884035e-19,1.3877787807814457e-17
0.5,0.2,27,True,True,0.4444444501256387,0.21892880129873565,3.1838613170124686,True,True,5.5555555555555475e+25,1.8626451254213445e+18,29826162.15903627,29826162.15903627,0.0,8.673617379884035e-19,1.3877787807814457e-17
0.5,0.2,28,True,True,0.4444444472850416,0.21892880129873565,3.1838613170124686,True,True,5.555555555555548e+26,9.313225686630746e+18,59652323.936814055,59652323.936814055,0.0,8.673617379884035e-19,1.3877787807814457e-17
0.5,0.2,29,True,True,0.4444444458647431,0.21892880129873565,3.1838613170124686,True,True,5.555555555555547e+27,4.6566128581963784e+19,119304647.49236962,119304647.49236962,0.0,8.673617379884035e-19,1.3877787807814457e-17
0.5,0.2,30,True,True,0.44444444515459375,0.21892880129873565,3.1838613170124686,True,True,5.5555555555555465e+28,2.3283064328184408e+20,238609294.60348073,238609294.60348073,0.0,8.673617379884035e-19,1.3877787807814457e-17
0.5,0.2,31,True,True,0.4444444447995191,0.21892880129873565,3.1838613170124686,True,True,5.555555555555547e+29,1.1641532173392833e+21,477218588.82570297,477218588.82570297,0.0,8.673617379884035e-19,1.3877787807814457e-17
0.5,0.2,32,True,True,0.4444444446219818,0.21892880129873565,3.1838613170124686,True,True,5.555555555555547e+30,5.820766089021573e+21,954437177.2701476,954437177.2701474,1.2490009022043764e-16,8.673617379884035e-19,1.3877787807814457e-17
0.5,0.2,33,True,True,0.4444444445332132,0.21892880129873565,3.1838613170124686,True,True,5.555555555555546e+31,2.9103830450920753e+22,1908874354.1590366,1908874354.1590366,0.0,8.673617379884035e-19,1.3877787807814457e-17
0.5,0.2,34,True,True,0.44444444448882886,0.21892880129873565,3.1838613170124686,True,True,5.555555555555546e+32,1.4551915226913602e+23,3817748707.936815,3817748707.936815,0.0,8.673617379884035e-19,1.3877787807814457e-17
0.5,0.2,35,True,True,0.44444444446663667,0.21892880129873565,3.1838613170124686,True,True,5.555555555555546e+33,7.275957613820105e+23,7635497415.492372,7635497415.492371,1.2490009026409355e-16,8.673617379884035e-19,1.3877787807814457e-17
0.5,0.2,36,True,True,0.4444444444555406,0.21892880129873565,3.1838613170124686,True,True,5.555555555555546e+34,3.6379788070008794e+24,15270994830.603483,15270994830.603483,0.0,8.673617379884035e-19,1.3877787807814457e-17
0.5,0.2,37,True,True,0.44444444444999254,0.21892880129873565,3.1838613170124686,True,True,5.555555555555545e+35,1.8189894035231461e+25,30541989660.825706,30541989660.825706,0.0,8.673617379884035e-19,1.3877787807814457e-17
0.5,0.2,38,True,True,0.4444444444472185,0.21892880129873565,3.1838613170124686,True,True,5.555555555555544e+36,9.094947017672496e+25,61083979321.27015,61083979321.27015,0.0,8.673617379884035e-19,1.3877787807814457e-17
0.5,0.2,39,True,True,0.44444444444583153,0.21892880129873565,3.1838613170124686,True,True,5.555555555555544e+37,4.54747350885044e+26,122167958642.15904,122167958642.15906,1.2490009026994031e-16,8.673617379884035e-19,1.3877787807814457e-17
0.5,0.2,40,True,True,0.44444444444513803,0.21892880129873565,3.1838613170124686,True,True,5.555555555555544e+38,2.2737367544287676e+27,244335917283.93683,244335917283.93686,1.249000902701352e-16,8.673617379884035e-19,1.3877787807814457e-17
0.5,0.2,41,True,True,0.4444444444447913,0.21892880129873565,3.1838613170124686,True,True,5.555555555555544e+39,1.1368683772152708e+28,488671834567.49243,488671834567.4925,1.2490009027023264e-16,8.673617379884035e-19,1.3877787807814457e-17
0.5,0.2,42,True,True,0.4444444444446179,0.21892880129873565,3.1838613170124686,True,True,5.555555555555543e+40,5.684341886078571e+28,977343669134.6036,977343669134.6036,0.0,8.673617379884035e-19,1.3877787807814457e-17
0.5,0.2,43,True,True,0.4444444444445312,0.21892880129873565,3.1838613170124686,True,True,5.555555555555543e+41,2.84217094303984e+29,1954687338268.8257,1954687338268.826,1.2490009027030573e-16,8.673617379884035e-19,1.3877787807814457e-17
0.5,0.2,44,True,True,0.44444444444448783,0.21892880129873565,3.1838613170124686,True,True,5.555555555555542e+42,1.421085471520058e+30,3909374676537.271,3909374676537.2705,1.249000902703179e-16,8.673617379884035e-19,1.3877787807814457e-17
0.5,0.2,45,True,True,0.4444444444444662,0.21892880129873565,3.1838613170124686,True,True,5.555555555555543e+43,7.105427357600639e+30,7818749353074.159,7818749353074.16,1.24900090270324e-16,8.673617379884035e-19,1.3877787807814457e-17
0.5,0.2,46,True,True,0.44444444444445536,0.21892880129873565,3.1838613170124686,True,True,5.555555555555542e+44,3.552713678800405e+31,15637498706147.941,15637498706147.94,1.2490009027032705e-16,8.673617379884035e-19,1.3877787807814457e-17
0.5,0.2,47,True,True,0.44444444444444997,0.21892880129873565,3.1838613170124686,True,True,5.5555555555555414e+45,1.7763568394002242e+32,31274997412295.492,31274997412295.5,2.498001805406571e-16,8.673617379884035e-19,1.3877787807814457e-17
0.5,0.2,48,True,True,0.4444444444444472,0.21892880129873565,3.1838613170124686,True,True,5.555555555555541e+46,8.881784197001173e+32,62549994824590.62,62549994824590.61,1.2490009027032935e-16,8.673617379884035e-19,1.3877787807814457e-17
0.5,0.2,49,True,True,0.4444444444444458,0.21892880129873565,3.1838613170124686,True,True,5.5555555555555405e+47,4.4408920985006006e+33,125099989649180.83,125099989649180.83,0.0,8.673617379884035e-19,1.3877787807814457e-17
0.5,0.3,2,True,True,0.6639022962481664,0.18101750211073137,2.8297025117940544,True,True,4.333333333333334,3.263532418717178,1.3278045924963329,1.3278045924963329,0.0,0.0,0.0
0.5,0.3,3,True,True,0.5251680689294491,0.18101750211073137,2.8297025117940544,True,True,26.555555555555554,12.641455719922595,2.1006722757177965,2.1006722757177965,0.0,1.1102230246251565e-16,1.1102230246251565e-16
0.5,0.3,4,True,True,0.46541090181214606,0.18101750211073137,2.8297025117940544,True,True,174.70370370370375,46.92189821496152,3.7232872144971685,3.7232872144971685,0.0,1.1102230246251565e-16,1.1102230246251565e-16
0.5,0.3,5,True,True,0.43780019477137566,0.18101750211073137,2.8297025117940544,True,True,1162.3580246913582,165.9372869423852,7.00480311634201,7.004803116342011,1.2679562936294809e-16,2.168404344971009e-19,6.938893903907228e-18
0.5,0.3,6,True,True,0.42456486096568,0.18101750211073137,2.8297025117940544,True,True,7746.720164609055,570.1955752847904,13.58607555090176,13.58607555090176,0.0,5.421010862427522e-20,2.7755575615628914e-17
0.5,0.3,7,True,True,0.4181021889304969,0.18101750211073137,2.8297025117940544,True,True,51642.46776406037,1929.9433970377524,26.758540091551797,26.7585400915518,1.3276933893423292e-16,2.168404344971009e-19,2.7755575615628914e-17
0.5,0.3,8,True,True,0.41491505866405076,0.18101750211073137,2.8297025117940544,True,True,344280.7850937358,6482.516306361894,53.1091275089985,53.1091275089985,0.0,5.421010862427522e-20,2.7755575615628914e-17
0.5,0.3,9,True,True,0.4133344228923613,0.18101750211073137,2.8297025117940544,True,True,2295202.9006249057,21690.998460345578,105.8136122604445,105.81361226044449,1.3430081831271479e-16,1.3877787807814457e-17,2.7755575615628914e-17
0.5,0.3,10,True,True,0.4125479350503007,0.18101750211073137,2.8297025117940544,True,True,15301350.337499369,72441.15735128966,211.22454274575392,211.22454274575395,1.3455685149530447e-16,1.3877787807814457e-17,2.7755575615628914e-17
0.5,0.3,11,True,True,0.41215583292698776,0.18101750211073137,2.8297025117940544,True,True,102008999.91666247,241700.24059507306,422.0475729172355,422.04757291723547,1.3468486139583878e-16,1.3877787807814457e-17,1.1102230246251565e-16
0.5,0.3,12,True,True,0.41196012333125875,0.18101750211073137,2.8297025117940544,True,True,680059997.111083,806050.2137421316,843.6943325824179,843.6943325824179,0.0,1.1102230246251565e-16,1.734723475976807e-18
0.5,0.3,13,True,True,0.4118623708129626,0.18101750211073137,2.8297025117940544,True,True,4533733311.740555,2687471.744813309,1686.9882708498951,1686.988270849895,1.3478082768689465e-16,2.168404344971009e-19,6.938893903907228e-18
0.5,0.3,14,True,True,0.41181352521372494,0.18101750211073137,2.8297025117940544,True,True,30224888742.603703,8959301.694067819,3373.5763985508343,3373.5763985508347,1.3479681417080313e-16,1.1102230246251565e-16,1.1102230246251565e-16
0.5,0.3,15,True,True,0.4117891116084914,0.18101750211073137,2.8297025117940544,True,True,201499258281.69135,29866109.537094742,6746.752804593524,6746.752804593523,1.3480480582506288e-16,2.168404344971009e-19,1.1102230246251565e-16
0.5,0.3,16,True,True,0.4117769075636527,0.18101750211073137,2.8297025117940544,True,True,1343328388542.2756,99556648.98117727,13493.105707045772,13493.105707045772,0.0,5.421010862427522e-20,1.734723475976807e-18
0.5,0.3,17,True,True,0.41177080636848623,0.18101750211073137,2.8297025117940544,True,True,8955522590279.506,331860413.6963575,26985.81156616512,26985.811566165114,2.6962159712498853e-16,1.1102230246251565e-16,2.7755575615628914e-17
0.5,0.3,18,True,True,0.41176775601906684,0.18101750211073137,2.8297025117940544,True,True,59703483935194.375,1106209573.657468,53971.22331693112,53971.22331693113,1.3481179723233936e-16,1.1102230246251565e-16,1.1102230246251565e-16
0.5,0.3,19,True,True,0.4117662309188043,0.18101750211073137,2.8297025117940544,True,True,398023226234626.75,3687378902.792713,107942.04683797903,107942.04683797904,1.3481229654843648e-16,5.421010862427522e-20,2.7755575615628914e-17
0.5,0.3,20,True,True,0.4117654683910071,0.18101750211073137,2.8297025117940544,True,True,2653488174897509.5,12291285770.88189,215883.69389178426,215883.69389178432,2.696250924011198e-16,1.734723475976807e-18,2.7755575615628914e-17
0.5,0.3,21,True,True,0.4117650871338085,0.18101750211073137,2.8297025117940544,True,True,1.7689921165983396e+16,40970990504.99976,431766.9880064204,431766.9880064204,0.0,1.734723475976807e-18,6.938893903907228e-18
0.5,0.3,22,True,True,0.4117648965072193,0.18101750211073137,2.8297025117940544,True,True,1.1793280777322264e+17,136570031575.07611,863533.5762399081,863533.576239908,1.348127334363107e-16,1.3877787807814457e-17,8.673617379884035e-19
0.5,0.3,23,True,True,0.4117648011945277,0.18101750211073137,2.8297025117940544,True,True,7.862187184881509e+17,455233543958.1218,1727066.7527094122,1727066.7527094122,0.0,1.734723475976807e-18,6.938893903907228e-18
0.5,0.3,24,True,True,0.4117647535383627,0.18101750211073137,2.8297025117940544,True,True,5.241458123254341e+18,1517445322150.692,3454133.1056499383,3454133.105649938,1.348127802446453e-16,5.421010862427522e-20,2.7755575615628914e-17
0.5,0.3,25,True,True,0.4117647297103346,0.18101750211073137,2.8297025117940544,True,True,3.4943054155028935e+19,5058151366541.056,6908265.8115318995,6908265.811531901,2.6962557609200005e-16,5.421010862427522e-20,1.1102230246251565e-16
0.5,0.3,26,True,True,0.41176471779633683,0.18101750211073137,2.8297025117940544,True,True,2.3295369436685956e+20,16860505042978.582,13816531.223296374,13816531.223296374,0.0,5.421010862427522e-20,5.204170427930421e-18
0.5,0.3,27,True,True,0.41176471183934277,0.18101750211073137,2.8297025117940544,True,True,1.5530246291123974e+21,56201684289664.22,27633062.046825644,27633062.046825644,0.0,5.421010862427522e-20,2.7755575615628914e-17
0.5,0.3,28,True,True,0.41176470886084726,0.18101750211073137,2.8297025117940544,True,True,1.0353497527415982e+22,187338948987328.28,55266123.69388439,55266123.69388439,0.0,5.421010862427522e-20,6.938893903907228e-18
0.5,0.3,29,True,True,0.4117647073715999,0.18101750211073137,2.8297025117940544,True,True,6.902331684943988e+22,624463165549617.4,110532246.98800199,110532246.98800199,0.0,5.421010862427522e-20,3.469446951953614e-18
0.5,0.3,30,True,True,0.4117647066269764,0.18101750211073137,2.8297025117940544,True,True,4.601554456629326e+23,2081543888929596.0,221064493.57623726,221064493.57623726,0.0,5.421010862427522e-20,6.938893903907228e-18
0.5,0.3,31,True,True,0.4117647062546646,0.18101750211073137,2.8297025117940544,True,True,3.067702971086217e+24,6938479636038993.0,442128986.75270784,442128986.7527078,1.3481279572544468e-16,5.421010862427522e-20,8.673617379884035e-19
0.5,0.3,32,True,True,0.4117647060685088,0.18101750211073137,2.8297025117940544,True,True,2.045135314057478e+25,2.312826546391943e+16,884257973.105649,884257973.105649,0.0,5.421010862427522e-20,1.1102230246251565e-16
0.5,0.3,33,True,True,0.41176470597543086,0.18101750211073137,2.8297025117940544,True,True,1.3634235427049854e+26,7.709421823049166e+16,1768515945.811531,1768515945.8115313,1.3481279581686648e-16,5.421010862427522e-20,1.1102230246251565e-16
0.5,0.3,34,True,True,0.4117647059288919,0.18101750211073137,2.8297025117940544,True,True,9.089490284699905e+26,2.5698072746401702e+17,3537031891.2232957,3537031891.223296,1.3481279583210345e-16,5.421010862427522e-20,1.1102230246251565e-16
0.5,0.3,35,True,True,0.4117647059056224,0.18101750211073137,2.8297025117940544,True,True,6.059660189799937e+27,8.566024249284646e+17,7074063782.046825,7074063782.046825,0.0,5.421010862427522e-20,1.1102230246251565e-16
0.5,0.3,36,True,True,0.4117647058939876,0.18101750211073137,2.8297025117940544,True,True,4.039773459866624e+28,2.855341416508895e+18,14148127563.693884,14148127563.693882,1.3481279584353121e-16,5.421010862427522e-20,1.1102230246251565e-16
0.5,0.3,37,True,True,0.41176470588817027,0.18101750211073137,2.8297025117940544,True,True,2.6931823065777495e+29,9.517804721830785e+18,28296255126.988,28296255126.988,0.0,5.421010862427522e-20,1.1102230246251565e-16
0.5,0.3,38,True,True,0.41176470588526165,0.18101750211073137,2.8297025117940544,True,True,1.795454871051833e+30,3.1726015739660063e+19,56592510253.57623,56592510253.57624,1.3481279584638812e-16,5.421010862427522e-20,1.1102230246251565e-16
0.5,0.3,39,True,True,0.41176470588380726,0.18101750211073137,2.8297025117940544,True,True,1.1969699140345554e+31,1.057533857992404e+20,113185020506.7527,113185020506.7527,0.0,5.421010862427522e-20,1.1102230246251565e-16
0.5,0.3,40,True,True,0.4117647058830801,0.18101750211073137,2.8297025117940544,True,True,7.979799426897037e+31,3.525112859980905e+20,226370041013.10565,226370041013.10565,0.0,5.421010862427522e-20,1.1102230246251565e-16
0.5,0.3,41,True,True,0.4117647058827165,0.18101750211073137,2.8297025117940544,True,True,5.319866284598025e+32,1.1750376199946728e+21,452740082025.8115,452740082025.8115,0.0,5.421010862427522e-20,1.1102230246251565e-16
0.5,0.3,42,True,True,0.4117647058825348,0.18101750211073137,2.8297025117940544,True,True,3.5465775230653496e+33,3.9167920666506386e+21,905480164051.2231,905480164051.2234,2.696255916945618e-16,5.421010862427522e-20,1.1102230246251565e-16
0.5,0.3,43,True,True,0.41176470588244385,0.18101750211073137,2.8297025117940544,True,True,2.3643850153769e+34,1.305597355550501e+22,1810960328102.0469,1810960328102.0469,0.0,5.421010862427522e-20,1.1102230246251565e-16
0.5,0.3,44,True,True,0.41176470588239833,0.18101750211073137,2.8297025117940544,True,True,1.5762566769179333e+35,4.351991185168817e+22,3621920656203.694,3621920656203.6934,1.3481279584732559e-16,5.421010862427522e-20,1.1102230246251565e-16
0.5,0.3,45,True,True,0.4117647058823756,0.18101750211073137,2.8297025117940544,True,True,1.0508377846119557e+36,1.450663728389686e+23,7243841312406.988,7243841312406.987,1.34812795847333e-16,5.421010862427522e-20,1.1102230246251565e-16
0.5,0.3,46,True,True,0.4117647058823643,0.18101750211073137,2.8297025117940544,True,True,7.005585230746372e+36,4.8355457612990865e+23,14487682624813.578,14487682624813.576,1.3481279584733673e-16,5.421010862427522e-20,1.1102230246251565e-16
0.5,0.3,47,True,True,0.4117647058823586,0.18101750211073137,2.8297025117940544,True,True,4.670390153830915e+37,1.6118485870997177e+24,28975365249626.758,28975365249626.75,2.6962559169467716e-16,5.421010862427522e-20,1.1102230246251565e-16
0.5,0.3,48,True,True,0.4117647058823558,0.18101750211073137,2.8297025117940544,True,True,3.1135934358872765e+38,5.372828623665764e+24,57950730499253.1,57950730499253.11,1.348127958473395e-16,5.421010862427522e-20,1.1102230246251565e-16
0.5,0.3,49,True,True,0.41176470588235436,0.18101750211073137,2.8297025117940544,True,True,2.0757289572581843e+39,1.7909428745552607e+25,115901460998505.8,115901460998505.81,1.3481279584733998e-16,5.421010862427522e-20,1.1102230246251565e-16
0.5,0.4,2,True,True,0.6648579495891754,0.14289285389523673,2.8627792609167435,True,True,3.4999999999999996,2.632141198103066,1.3297158991783506,1.3297158991783509,1.6698650069705539e-16,5.551115123125783e-17,1.1102230246251565e-16
0.5,0.4,3,True,True,0.5097464559465863,0.14289285389523673,2.8627792609167435,True,True,15.999999999999996,7.847038372384759,2.0389858237863447,2.038985823786345,2.1779906690346681e-16,0.0,2.7755575615628914e-17
0.5,0.4,4,True,True,0.4389513521905651,0.14289285389523673,2.8627792609167435,True,True,78.49999999999999,22.354413424246673,3.511610817524521,3.5116108175245206,1.2646310565904893e-16,3.469446951953614e-18,0.0
0.5,0.4,5,True,True,0.4058079660627373,0.14289285389523673,2.8627792609167435,True,True,390.99999999999994,60.219369858850925,6.492927457003796,6.4929274570037965,1.3679167456923675e-16,3.469446951953614e-18,1.1102230246251565e-16
0.5,0.4,6,True,True,0.3899797414913905,0.14289285389523673,2.8627792609167435,True,True,1953.4999999999995,156.5385800978785,12.479351727724495,12.479351727724495,0.0,3.469446951953614e-18,2.7755575615628914e-17
0.5,0.4,7,True,True,0.38232857003386533,0.14289285389523673,2.8627792609167435,True,True,9765.999999999995,399.11678582242416,24.469028482167378,24.46902848216738,1.4519226545466076e-16,1.1102230246251565e-16,5.551115123125783e-17
0.5,0.4,8,True,True,0.37860137256861254,0.14289285389523673,2.8627792609167435,True,True,48828.499999999985,1007.5839230637416,48.460975688782405,48.460975688782405,0.0,1.3877787807814457e-17,5.551115123125783e-17
0.5,0.4,9,True,True,0.37677582775038193,0.14289285389523673,2.8627792609167435,True,True,244140.99999999988,2531.1490573695196,96.45461190409776,96.45461190409777,1.4733203975079465e-16,1.3877787807814457e-17,1.3877787807814457e-17
0.5,0.4,10,True,True,0.3758780289893372,0.14289285389523673,2.8627792609167435,True,True,1220703.4999999995,6342.979210165893,192.44955084254067,192.44955084254065,1.4768394785009516e-16,6.938893903907228e-18,5.551115123125783e-17
0.5,0.4,11,True,True,0.3754350717713448,0.14289285389523673,2.8627792609167435,True,True,6103515.999999997,15876.1535400192,384.445513493857,384.44551349385705,1.4785819281440594e-16,3.469446951953614e-18,5.551115123125783e-17
0.5,0.4,12,True,True,0.3752159609634487,0.14289285389523673,2.8627792609167435,True,True,30517578.499999985,39713.559462372396,768.4422880531429,768.442288053143,1.4794453596462381e-16,1.1102230246251565e-16,1.1102230246251565e-16
0.5,0.4,13,True,True,0.37510735093329056,0.14289285389523673,2.8627792609167435,True,True,152587890.9999999,99312.64472286214,1536.4397094227581,1536.4397094227581,0.0,1.3877787807814457e-17,5.551115123125783e-17
0.5,0.4,14,True,True,0.37505342372925815,0.14289285389523673,2.8627792609167435,True,True,762939453.4999995,248317.31058814182,3072.4376471900828,3072.4376471900828,0.0,8.673617379884035e-19,2.7755575615628914e-17
0.5,0.4,15,True,True,0.3750266111857317,0.14289285389523673,2.8627792609167435,True,True,3814697265.9999976,620837.659867951,6144.43599766703,6144.4359976670285,2.960384654078105e-16,6.938893903907228e-18,5.551115123125783e-17
0.5,0.4,16,True,True,0.37501326532446383,0.14289285389523673,2.8627792609167435,True,True,19073486328.499985,1552149.3850157578,12288.43467815203,12288.43467815203,0.0,3.469446951953614e-18,5.551115123125783e-17
0.5,0.4,17,True,True,0.3750066165554938,0.14289285389523673,2.8627792609167435,True,True,95367431640.99994,3880442.260482265,24576.43362258084,24576.43362258084,0.0,1.1102230246251565e-16,5.551115123125783e-17
0.5,0.4,18,True,True,0.37500330183517466,0.14289285389523673,2.8627792609167435,True,True,476837158203.4995,9701191.400958845,49152.432778140006,49152.43277814001,1.480284332420536e-16,3.469446951953614e-18,5.551115123125783e-17
0.5,0.4,19,True,True,0.3750016483405828,0.14289285389523673,2.8627792609167435,True,True,2384185791015.9976,24253085.44102857,98304.43210259374,98304.43210259374,0.0,5.551115123125783e-17,1.1102230246251565e-16
0.5,0.4,20,True,True,0.37500082313949445,0.14289285389523673,2.8627792609167435,True,True,11920928955078.486,60632847.02675426,196608.43156215927,196608.43156215927,0.0,3.469446951953614e-18,5.551115123125783e-17
0.5,0.4,21,True,True,0.3750004111574294,0.14289285389523673,2.8627792609167435,True,True,59604644775390.93,151582284.09766942,393216.43112981267,393216.43112981267,0.0,5.551115123125783e-17,5.551115123125783e-17
0.5,0.4,22,True,True,0.3750002054137878,0.14289285389523673,2.8627792609167435,True,True,298023223876953.1,378955918.15799874,786432.4307839356,786432.4307839359,4.4408896659140463e-16,1.3877787807814457e-17,5.551115123125783e-17
0.5,0.4,23,True,True,0.37500010264092315,0.14289285389523673,2.8627792609167435,True,True,1490116119384764.2,947390055.0374933,1572864.4305072343,1572864.4305072345,1.4802969609960844e-16,3.469446951953614e-18,1.1102230246251565e-16
0.5,0.4,24,True,True,0.3750000512940733,0.14289285389523673,2.8627792609167435,True,True,7450580596923820.0,2368475461.8969874,3145728.430285874,3145728.430285874,0.0,1.3877787807814457e-17,5.551115123125783e-17
0.5,0.4,25,True,True,0.3750000256364812,0.14289285389523673,2.8627792609167435,True,True,3.725290298461909e+16,5921189059.87162,6291456.430108784,6291456.430108783,1.4802972649679073e-16,1.3877787807814457e-17,1.1102230246251565e-16
0.5,0.4,26,True,True,0.3750000128140185,0.14289285389523673,2.8627792609167435,True,True,1.8626451492309542e+17,14802973155.84054,12582912.429967113,12582912.429967113,0.0,1.3877787807814457e-17,2.7755575615628914e-17
0.5,0.4,27,True,True,0.3750000064053204,0.14289285389523673,2.8627792609167435,True,True,9.313225746154771e+17,37007433522.053246,25165824.429853775,25165824.429853775,0.0,1.3877787807814457e-17,5.551115123125783e-17
0.5,0.4,28,True,True,0.3750000032019847,0.14289285389523673,2.8627792609167435,True,True,4.656612873077385e+18,92518584595.44801,50331648.42976309,50331648.42976311,2.9605947070543405e-16,1.3877787807814457e-17,3.469446951953614e-18
0.5,0.4,29,True,True,0.37500000160072217,0.14289285389523673,2.8627792609167435,True,True,2.328306436538693e+19,231296462476.2636,100663296.42969058,100663296.42969058,0.0,1.3877787807814457e-17,5.551115123125783e-17
0.5,0.4,30,True,True,0.37500000080025303,0.14289285389523673,2.8627792609167435,True,True,1.1641532182693462e+20,578241157424.9635,201326592.42963254,201326592.42963257,1.480297363007909e-16,1.3877787807814457e-17,5.551115123125783e-17
0.5,0.4,31,True,True,0.37500000040008324,0.14289285389523673,2.8627792609167435,True,True,5.8207660913467313e+20,1445602895105.0393,402653184.4295862,402653184.4295861,1.480297364587563e-16,1.3877787807814457e-17,1.3877787807814457e-17
0.5,0.4,32,True,True,0.37500000020002433,0.14289285389523673,2.8627792609167435,True,True,2.910383045673366e+21,3614007239690.637,805306368.429549,805306368.429549,0.0,1.3877787807814457e-17,5.551115123125783e-17
0.5,0.4,33,True,True,0.3750000001000052,0.14289285389523673,2.8627792609167435,True,True,1.4551915228366826e+22,9035018101636.389,1610612736.4295194,1610612736.4295192,1.4802973657721088e-16,1.3877787807814457e-17,2.7755575615628914e-17
0.5,0.4,34,True,True,0.37500000004999984,0.14289285389523673,2.8627792609167435,True,True,7.275957614183413e+22,22587545257102.973,3221225472.4294953,3221225472.4294953,0.0,1.3877787807814457e-17,2.7755575615628914e-17
0.5,0.4,35,True,True,0.37500000002499884,0.14289285389523673,2.8627792609167435,True,True,3.637978807091706e+23,56468863146522.164,6442450944.429477,6442450944.429477,0.0,1.3877787807814457e-17,1.1102230246251565e-16
0.5,0.4,36,True,True,0.37500000001249895,0.14289285389523673,2.8627792609167435,True,True,1.818989403545853e+24,141172157871011.12,12884901888.42946,12884901888.42946,0.0,1.3877787807814457e-17,5.551115123125783e-17
0.5,0.4,37,True,True,0.3750000000062493,0.14289285389523673,2.8627792609167435,True,True,9.094947017729265e+24,352930394683409.7,25769803776.429443,25769803776.429447,1.4802973661422066e-16,1.3877787807814457e-17,2.7755575615628914e-17
0.5,0.4,38,True,True,0.37500000000312456,0.14289285389523673,2.8627792609167435,True,True,4.547473508864632e+25,882325986715875.9,51539607552.42944,51539607552.429436,1.4802973661545412e-16,1.3877787807814457e-17,3.469446951953614e-18
0.5,0.4,39,True,True,0.3750000000015622,0.14289285389523673,2.8627792609167435,True,True,2.273736754432316e+26,2205814966798880.0,103079215104.42943,103079215104.42941,1.4802973661607086e-16,1.3877787807814457e-17,5.551115123125783e-17
0.5,0.4,40,True,True,0.3750000000007811,0.14289285389523673,2.8627792609167435,True,True,1.1368683772161577e+27,5514537417008686.0,206158430208.4294,206158430208.4294,0.0,1.3877787807814457e-17,5.551115123125783e-17
0.5,0.4,41,True,True,0.3750000000003905,0.14289285389523673,2.8627792609167435,True,True,5.684341886080789e+27,1.3786343542536074e+16,412316860416.42944,412316860416.4294,1.4802973661653338e-16,1.3877787807814457e-17,2.7755575615628914e-17
0.5,0.4,42,True,True,0.37500000000019523,0.14289285389523673,2.8627792609167435,True,True,2.8421709430403943e+28,3.446585885635813e+16,824633720832.4294,824633720832.4293,1.4802973661661047e-16,1.3877787807814457e-17,5.551115123125783e-17
0.5,0.4,43,True,True,0.3750000000000976,0.14289285389523673,2.8627792609167435,True,True,1.4210854715201972e+29,8.616464714091776e+16,1649267441664.4294,1649267441664.4292,1.4802973661664902e-16,1.3877787807814457e-17,5.551115123125783e-17
0.5,0.4,44,True,True,0.3750000000000488,0.14289285389523673,2.8627792609167435,True,True,7.105427357600984e+29,2.1541161785232237e+17,3298534883328.4297,3298534883328.429,1.4802973661666828e-16,1.3877787807814457e-17,5.551115123125783e-17
0.5,0.4,45,True,True,0.37500000000002437,0.14289285389523673,2.8627792609167435,True,True,3.552713678800492e+30,5.38529044630841e+17,6597069766656.43,6597069766656.429,1.4802973661667792e-16,1.3877787807814457e-17,5.551115123125783e-17
0.5,0.4,46,True,True,0.3750000000000122,0.14289285389523673,2.8627792609167435,True,True,1.7763568394002462e+31,1.346322611577146e+18,13194139533312.432,13194139533312.43,1.4802973661668272e-16,1.3877787807814457e-17,5.551115123125783e-17
0.5,0.4,47,True,True,0.3750000000000061,0.14289285389523673,2.8627792609167435,True,True,8.88178419700123e+31,3.36580652894292e+18,26388279066624.43,26388279066624.43,0.0,1.3877787807814457e-17,5.551115123125783e-17
0.5,0.4,48,True,True,0.37500000000000305,0.14289285389523673,2.8627792609167435,True,True,4.440892098500614e+32,8.414516322357369e+18,52776558133248.42,52776558133248.43,1.4802973661668632e-16,1.3877787807814457e-17,5.551115123125783e-17
0.5,0.4,49,True,True,0.3750000000000015,0.14289285389523673,2.8627792609167435,True,True,2.2204460492503072e+33,2.1036290805893505e+19,105553116266496.44,105553116266496.42,1.4802973661668694e-16,1.3877787807814457e-17,5.551115123125783e-17
0.5,0.5,2,True,True,0.6681867001308606,0.10590196926510687,3.1558037874815503,True,True,3.0,2.244881557364481,1.3363734002617214,1.3363734002617211,1.6615461283616177e-16,0.0,5.551115123125783e-17
0.5,0.5,3,True,True,0.4992038206706922,0.10590196926510687,3.1558037874815503,True,True,11.0,5.50877194069811,1.9968152826827685,1.9968152826827688,1.1119937174494635e-16,0.0,5.551115123125783e-17
0.5,0.5,4,True,True,0.4154315841220657,0.10590196926510687,3.1558037874815503,True,True,43.0,12.938351838026525,3.3234526729765257,3.3234526729765257,0.0,0.0,5.551115123125783e-17
0.5,0.5,5,True,True,0.37411339492966356,0.10590196926510687,3.1558037874815503,True,True,171.0,28.567541672784373,5.985814318874616,5.985814318874617,1.483805498108251e-16,0.0,5.551115123125783e-17
0.5,0.5,6,True,True,0.35364886612994256,0.10590196926510687,3.1558037874815503,True,True,683.0,60.35294339713105,11.316763716158162,11.316763716158162,0.0,0.0,5.551115123125783e-17
0.5,0.5,7,True,True,0.34347160196672666,0.10590196926510687,3.1558037874815503,True,True,2731.0,124.23698132730571,21.982182525870506,21.982182525870506,0.0,0.0,1.3877787807814457e-17
0.5,0.5,8,True,True,0.3383974864249749,0.10590196926510687,3.1558037874815503,True,True,10923.0,252.17662932883388,43.31487826239679,43.31487826239679,0.0,0.0,8.673617379884035e-19
0.5,0.5,9,True,True,0.33586415138673215,0.10590196926510687,3.1558037874815503,True,True,43691.0,508.1458323114802,85.98122275500343,85.98122275500343,0.0,0.0,5.551115123125783e-17
0.5,0.5,10,True,True,0.3345984260991778,0.10590196926510687,3.1558037874815503,True,True,174763.0,1020.1302748322724,171.314394162779,171.31439416277902,1.659038025923166e-16,0.0,5.551115123125783e-17
0.5,0.5,11,True,True,0.33396580044699314,0.10590196926510687,3.1558037874815503,True,True,699051.0,2044.1224558735992,341.980979657721,341.980979657721,0.0,0.0,2.7755575615628914e-17
0.5,0.5,12,True,True,0.33364954704738387,0.10590196926510687,3.1558037874815503,True,True,2796203.0,4092.118536279175,683.314272353042,683.3142723530422,1.6637562293280832e-16,0.0,5.551115123125783e-17
0.5,0.5,13,True,True,0.3334914352264834,0.10590196926510687,3.1558037874815503,True,True,11184811.0,8188.116573945603,1365.980918687676,1365.980918687676,0.0,0.0,6.938893903907228e-18
0.5,0.5,14,True,True,0.3334123830385422,0.10590196926510687,3.1558037874815503,True,True,44739243.0,16380.115592143775,2731.3142418517377,2731.3142418517377,0.0,0.0,1.3877787807814457e-17
0.5,0.5,15,True,True,0.33337285787554655,0.10590196926510687,3.1558037874815503,True,True,178956971.0,32764.115101083982,5461.980903432955,5461.980903432955,0.0,0.0,1.3877787807814457e-17
0.5,0.5,16,True,True,0.33335309552683595,0.10590196926510687,3.1558037874815503,True,True,715827883.0,65532.114855514345,10923.31423422336,10923.31423422336,0.0,0.0,5.551115123125783e-17
0.5,0.5,17,True,True,0.3333432144106829,0.10590196926510687,3.1558037874815503,True,True,2863311531.0,131068.1147327196,21845.980899618513,21845.980899618513,0.0,0.0,5.551115123125783e-17
0.5,0.5,18,True,True,0.33333827386715753,0.10590196926510687,3.1558037874815503,True,True,11453246123.0,262140.11467131972,43691.31423231608,43691.31423231607,1.665309854378745e-16,0.0,5.551115123125783e-17
0.5,0.5,19,True,True,0.3333358035990328,0.10590196926510687,3.1558037874815503,True,True,45812984491.0,524284.11464061914,87381.98089866486,87381.98089866486,0.0,0.0,2.7755575615628914e-17
0.5,0.5,20,True,True,0.33333456846587994,0.10590196926510687,3.1558037874815503,True,True,183251937963.0,1048572.1146252687,174763.31423183923,174763.31423183926,1.665328366233937e-16,0.0,5.551115123125783e-17
0.5,0.5,21,True,True,0.3333339508995309,0.10590196926510687,3.1558037874815503,True,True,733007751851.0,2097148.1146175934,349525.98089842644,349525.9808984265,1.6653314515804983e-16,0.0,2.7755575615628914e-17
0.5,0.5,22,True,True,0.33333364211641314,0.10590196926510687,3.1558037874815503,True,True,2932031007403.0,4194300.1146137556,699051.31423172,699051.31423172,0.0,0.0,1.3877787807814457e-17
0.5,0.5,23,True,True,0.3333334877248685,0.10590196926510687,3.1558037874815503,True,True,11728124029611.0,8388604.114611838,1398101.9808983668,1398101.9808983668,0.0,0.0,5.551115123125783e-17
0.5,0.5,24,True,True,0.3333334105290997,0.10590196926510687,3.1558037874815503,True,True,46912496118443.0,16777212.114610879,2796203.31423169,2796203.31423169,0.0,0.0,5.551115123125783e-17
0.5,0.5,25,True,True,0.3333333719312162,0.10590196926510687,3.1558037874815503,True,True,187649984473771.0,33554428.1146104,5592405.980898351,5592405.980898351,0.0,0.0,5.551115123125783e-17
0.5,0.5,26,True,True,0.3333333526322747,0.10590196926510687,3.1558037874815503,True,True,750599937895083.0,67108860.11461016,11184811.314231683,11184811.314231683,0.0,0.0,5.551115123125783e-17
0.5,0.5,27,True,True,0.333333342982804,0.10590196926510687,3.1558037874815503,True,True,3002399751580331.0,134217724.11461005,22369621.980898347,22369621.980898347,0.0,0.0,1.3877787807814457e-17
0.5,0.5,28,True,True,0.3333333381580687,0.10590196926510687,3.1558037874815503,True,True,1.2009599006321324e+16,268435452.11460996,44739243.31423169,44739243.31423169,0.0,0.0,5.551115123125783e-17
0.5,0.5,29,True,True,0.333333335745701,0.10590196926510687,3.1558037874815503,True,True,4.803839602528529e+16,536870908.11460996,89478485.98089834,89478485.98089835,1.6653345248855374e-16,5.551115123125783e-17,1.3877787807814457e-17
0.5,0.5,30,True,True,0.33333333453951713,0.10590196926510687,3.1558037874815503,True,True,1.9215358410114115e+17,1073741820.11461,178956971.31423166,178956971.31423166,0.0,1.3877787807814457e-17,3.469446951953614e-18
0.5,0.5,31,True,True,0.3333333339364252,0.10590196926510687,3.1558037874815503,True,True,7.686143364045646e+17,2147483644.11461,357913941.9808983,357913941.9808983,0.0,3.469446951953614e-18,8.673617379884035e-19
0.5,0.5,32,True,True,0.33333333363487927,0.10590196926510687,3.1558037874815503,True,True,3.0744573456182584e+18,4294967292.1146097,715827883.3142316,715827883.3142316,0.0,8.673617379884035e-19,4.336808689942018e-19
0.5,0.5,33,True,True,0.33333333348410626,0.10590196926510687,3.1558037874815503,True,True,1.2297829382473034e+19,8589934588.114611,1431655765.9808981,1431655765.9808981,0.0,2.168404344971009e-19,5.551115123125783e-17
0.5,0.5,34,True,True,0.3333333334087198,0.10590196926510687,3.1558037874815503,True,True,4.9191317529892135e+19,17179869180.114609,2863311531.314232,2863311531.3142314,1.6653345365611038e-16,5.421010862427522e-20,5.551115123125783e-17
0.5,0.5,35,True,True,0.33333333337102655,0.10590196926510687,3.1558037874815503,True,True,1.9676527011956854e+20,34359738364.114613,5726623061.980898,5726623061.980898,0.0,1.3552527156068805e-20,5.551115123125783e-17
0.5,0.5,36,True,True,0.33333333335217996,0.10590196926510687,3.1558037874815503,True,True,7.870610804782742e+20,68719476732.11461,11453246123.314232,11453246123.314232,0.0,3.3881317890172014e-21,2.7755575615628914e-17
0.5,0.5,37,True,True,0.3333333333427566,0.10590196926510687,3.1558037874815503,True,True,3.1482443219130966e+21,137438953468.11461,22906492245.980896,22906492245.980896,0.0,8.470329472543003e-22,1.3877787807814457e-17
0.5,0.5,38,True,True,0.33333333333804493,0.10590196926510687,3.1558037874815503,True,True,1.2592977287652387e+22,274877906940.11462,45812984491.314224,45812984491.314224,0.0,2.117582368135751e-22,6.938893903907228e-18
0.5,0.5,39,True,True,0.33333333333568915,0.10590196926510687,3.1558037874815503,True,True,5.037190915060955e+22,549755813884.11456,91625968981.9809,91625968981.9809,0.0,5.293955920339377e-23,5.551115123125783e-17
0.5,0.5,40,True,True,0.3333333333345112,0.10590196926510687,3.1558037874815503,True,True,2.014876366024382e+23,1099511627772.1146,183251937963.3142,183251937963.3142,0.0,1.3234889800848443e-23,5.551115123125783e-17
0.5,0.5,41,True,True,0.3333333333339223,0.10590196926510687,3.1558037874815503,True,True,8.059505464097527e+23,2199023255548.1147,366503875925.98083,366503875925.9809,1.6653345369347924e-16,3.308722450212111e-24,2.7755575615628914e-17
0.5,0.5,42,True,True,0.3333333333336278,0.10590196926510687,3.1558037874815503,True,True,3.223802185639011e+24,4398046511100.1143,733007751851.3142,733007751851.3142,0.0,8.271806125530277e-25,5.551115123125783e-17
0.5,0.5,43,True,True,0.3333333333334806,0.10590196926510687,3.1558037874815503,True,True,1.2895208742556044e+25,8796093022204.114,1466015503701.981,1466015503701.981,0.0,2.0679515313825692e-25,2.7755575615628914e-17
0.5,0.5,44,True,True,0.3333333333334069,0.10590196926510687,3.1558037874815503,True,True,5.1580834970224175e+25,17592186044412.115,2932031007403.314,2932031007403.314,0.0,5.169878828456423e-26,1.3877787807814457e-17
0.5,0.5,45,True,True,0.3333333333333701,0.10590196926510687,3.1558037874815503,True,True,2.063233398808967e+26,35184372088828.117,5864062014805.98,5864062014805.98,0.0,1.2924697071141057e-26,5.551115123125783e-17
0.5,0.5,46,True,True,0.33333333333335174,0.10590196926510687,3.1558037874815503,True,True,8.252933595235868e+26,70368744177660.11,11728124029611.314,11728124029611.314,0.0,3.2311742677852644e-27,5.551115123125783e-17
0.5,0.5,47,True,True,0.33333333333334253,0.10590196926510687,3.1558037874815503,True,True,3.301173438094347e+27,140737488355324.12,23456248059221.977,23456248059221.98,1.665334536937689e-16,8.077935669463161e-28,5.551115123125783e-17
0.5,0.5,48,True,True,0.3333333333333379,0.10590196926510687,3.1558037874815503,True,True,1.3204693752377389e+28,281474976710652.12,46912496118443.31,46912496118443.31,0.0,2.0194839173657902e-28,2.7755575615628914e-17
0.5,0.5,49,True,True,0.3333333333333356,0.10590196926510687,3.1558037874815503,True,True,5.2818775009509555e+28,562949953421308.1,93824992236885.97,93824992236885.97,0.0,5.048709793414476e-29,1.3877787807814457e-17
0.5,0.6,2,True,True,0.6735852275784049,0.07172214532895943,3.755135094084719,True,True,2.666666666666667,1.9794575040292643,1.34717045515681,1.3471704551568098,1.6482294729302496e-16,0.0,0.0
0.5,0.6,3,True,True,0.49439086643816976,0.07172214532895943,3.755135094084719,True,True,8.222222222222223,4.157753905052432,1.9775634657526793,1.977563465752679,1.122819109325116e-16,0.0,5.551115123125783e-17
0.5,0.6,4,True,True,0.39697196139654994,0.07172214532895943,3.755135094084719,True,True,26.740740740740744,8.420223385131106,3.1757756911724,3.1757756911723996,1.3983645352676606e-16,2.7755575615628914e-17,5.551115123125783e-17
0.5,0.6,5,True,True,0.34508235939351734,0.07172214532895943,3.755135094084719,True,True,88.46913580246914,16.0231922529222,5.521317750296277,5.521317750296277,0.0,0.0,5.551115123125783e-17
0.5,0.6,6,True,True,0.3175800830332541,0.07172214532895943,3.755135094084719,True,True,294.2304526748972,28.952387562439654,10.16256265706413,10.16256265706413,0.0,1.1102230246251565e-16,1.6653345369377348e-16
0.5,0.6,7,True,True,0.3029529580050215,0.07172214532895943,3.755135094084719,True,True,980.101508916324,50.549386207226696,19.388989312321375,19.388989312321375,0.0,8.673617379884035e-19,5.551115123125783e-17
0.5,0.6,8,True,True,0.2951201475381429,0.07172214532895943,3.755135094084719,True,True,3266.338363054413,86.46738853390038,37.77537888488229,37.775378884882294,1.8809678598470904e-16,2.168404344971009e-19,2.7755575615628914e-17
0.5,0.6,9,True,True,0.2908913059847679,0.07172214532895943,3.755135094084719,True,True,10887.127876848046,146.1983991751358,74.46817433210062,74.46817433210059,3.816624979102303e-16,2.7755575615628914e-17,8.326672684688674e-17
0.5,0.6,10,True,True,0.28858833383594773,0.07172214532895943,3.755135094084719,True,True,36289.75958949348,245.60395687554487,147.75722692400524,147.75722692400524,0.0,2.7755575615628914e-17,2.7755575615628914e-17
0.5,0.6,11,True,True,0.2873231132258392,0.07172214532895943,3.755135094084719,True,True,120965.19863164495,411.14018104023603,294.21886794325934,294.21886794325934,0.0,1.1102230246251565e-16,5.551115123125783e-17
0.5,0.6,12,True,True,0.28662198224680485,0.07172214532895943,3.755135094084719,True,True,403216.6621054832,686.9087089913451,587.0018196414563,587.0018196414563,0.0,1.3877787807814457e-17,2.7755575615628914e-17
0.5,0.6,13,True,True,0.2862301844236176,0.07172214532895943,3.755135094084719,True,True,1344054.873684944,1146.4143712044604,1172.3988353991374,1172.3988353991376,1.9393884451089868e-16,2.7755575615628914e-17,8.326672684688674e-17
0.5,0.6,14,True,True,0.2860094970334208,0.07172214532895943,3.755135094084719,True,True,4480182.245616481,1912.1646394680715,2342.9897996977834,2342.9897996977834,0.0,1.1102230246251565e-16,5.551115123125783e-17
0.5,0.6,15,True,True,0.2858842607651448,0.07172214532895943,3.755135094084719,True,True,14933940.152054934,3188.3370150188825,4683.927728376133,4683.927728376132,1.9417351302477085e-16,5.551115123125783e-17,5.551115123125783e-17
0.5,0.6,16,True,True,0.28581269951498045,0.07172214532895943,3.755135094084719,True,True,49779799.84018311,5315.225436964973,9365.51053770688,9365.51053770688,0.0,1.1102230246251565e-16,5.551115123125783e-17
0.5,0.6,17,True,True,0.2857715501243746,0.07172214532895943,3.755135094084719,True,True,165932665.46727705,8859.984627026734,18728.324308951014,18728.324308951014,0.0,3.469446951953614e-18,2.7755575615628914e-17
0.5,0.6,18,True,True,0.2857477530756089,0.07172214532895943,3.755135094084719,True,True,553108884.2242569,14767.87079186499,37453.52949112622,37453.52949112621,1.9426627378088102e-16,2.7755575615628914e-17,5.551115123125783e-17
0.5,0.6,19,True,True,0.285733920729626,0.07172214532895943,3.755135094084719,True,True,1843696280.0808563,24614.309495730107,74903.43291574708,74903.43291574708,0.0,8.673617379884035e-19,2.7755575615628914e-17
0.5,0.6,20,True,True,0.2857258441115265,0.07172214532895943,3.755135094084719,True,True,6145654266.269521,41025.008777057286,149802.631357544,149802.631357544,0.0,6.938893903907228e-18,8.326672684688674e-17
0.5,0.6,21,True,True,0.2857211094792158,0.07172214532895943,3.755135094084719,True,True,20485514220.23174,68376.14765608055,299600.29809327825,299600.2980932782,1.9428438918089764e-16,2.7755575615628914e-17,8.326672684688674e-17
0.5,0.6,22,True,True,0.28571832434844496,0.07172214532895943,3.755135094084719,True,True,68285047400.10579,113961.35695631082,599194.7553439902,599194.75534399,1.9428628303013477e-16,2.7755575615628914e-17,5.551115123125783e-17
0.5,0.6,23,True,True,0.2857166810867242,0.07172214532895943,3.755135094084719,True,True,227616824666.35266,189936.687316094,1198382.6183487717,1198382.6183487717,0.0,2.7755575615628914e-17,2.0816681711721685e-17
0.5,0.6,24,True,True,0.28571570903530014,0.07172214532895943,3.755135094084719,True,True,758722748887.1757,316562.2225191731,2396757.0825391915,2396757.082539191,1.9428806143941995e-16,8.673617379884035e-19,2.7755575615628914e-17
0.5,0.6,25,True,True,0.2857151327562438,0.07172214532895943,3.755135094084719,True,True,2529075829623.2524,527604.7683597048,4793504.496720178,4793504.496720177,1.9428845331275068e-16,2.7755575615628914e-17,1.1102230246251565e-16
0.5,0.6,26,True,True,0.28571479046434334,0.07172214532895943,3.755135094084719,True,True,8430252765410.174,879342.3340674705,9586997.508030057,9586997.508030057,0.0,2.7755575615628914e-17,5.551115123125783e-17
0.5,0.6,27,True,True,0.28571458682683704,0.07172214532895943,3.755135094084719,True,True,28100842551366.582,1465571.6013359493,19173981.3501784,19173981.3501784,0.0,1.3877787807814457e-17,2.7755575615628914e-17
0.5,0.6,28,True,True,0.28571446551310214,0.07172214532895943,3.755135094084719,True,True,93669475171221.28,2442620.372690706,38347946.41790293,38347946.417902924,1.9428890704419804e-16,2.7755575615628914e-17,5.551115123125783e-17
0.5,0.6,29,True,True,0.2857143931592282,0.07172214532895943,3.755135094084719,True,True,312231583904070.25,4071034.985426886,76695873.41346069,76695873.4134607,1.9428895624562235e-16,2.7755575615628914e-17,2.7755575615628914e-17
0.5,0.6,30,True,True,0.2857143499640811,0.07172214532895943,3.755135094084719,True,True,1040771946346900.1,6785059.334830145,153391723.63670337,153391723.6367034,1.9428898561880587e-16,5.551115123125783e-17,2.7755575615628914e-17
0.5,0.6,31,True,True,0.2857143241555792,0.07172214532895943,3.755135094084719,True,True,3469239821156333.0,11308433.246204702,306783419.5617388,306783419.56173885,1.9428900316888034e-16,2.7755575615628914e-17,1.3877787807814457e-17
0.5,0.6,32,True,True,0.2857143087247704,0.07172214532895943,3.755135094084719,True,True,1.1564132737187776e+16,18847389.761581,613566805.9860681,613566805.9860681,0.0,2.7755575615628914e-17,2.7755575615628914e-17
0.5,0.6,33,True,True,0.285714299493431,0.07172214532895943,3.755135094084719,True,True,3.854710912395926e+16,31412317.284223754,1227133572.3238356,1227133572.3238356,0.0,2.7755575615628914e-17,2.7755575615628914e-17
0.5,0.6,34,True,True,0.2857142939682002,0.07172214532895943,3.755135094084719,True,True,1.2849036374653088e+17,52353863.15280801,2454267097.1862993,2454267097.1863,1.9428902369664495e-16,8.673617379884035e-19,8.326672684688674e-17
0.5,0.6,35,True,True,0.2857142906598481,0.07172214532895943,3.755135094084719,True,True,4.283012124884363e+17,87256439.5983759,4908534137.535543,4908534137.535543,0.0,3.469446951953614e-18,5.551115123125783e-17
0.5,0.6,36,True,True,0.28571428867823,0.07172214532895943,3.755135094084719,True,True,1.4276707082947876e+18,145427400.33926198,9817068206.983206,9817068206.983208,1.942890272938859e-16,8.673617379884035e-19,2.7755575615628914e-17
0.5,0.6,37,True,True,0.28571428749095573,0.07172214532895943,3.755135094084719,True,True,4.758902360982626e+18,242379001.5726329,19634136332.37755,19634136332.37755,0.0,1.734723475976807e-18,2.7755575615628914e-17
0.5,0.6,38,True,True,0.28571428677943944,0.07172214532895943,3.755135094084719,True,True,1.5863007869942086e+19,403965003.62705165,39268272566.96504,39268272566.96504,0.0,1.734723475976807e-18,2.7755575615628914e-17
0.5,0.6,39,True,True,0.2857142863529538,0.07172214532895943,3.755135094084719,True,True,5.287669289980695e+19,673275007.0500835,78536545016.69861,78536545016.69861,0.0,1.734723475976807e-18,2.7755575615628914e-17
0.5,0.6,40,True,True,0.2857142860972745,0.07172214532895943,3.755135094084719,True,True,1.7625564299935652e+20,1122125012.7543037,157073089892.83603,157073089892.83603,0.0,1.734723475976807e-18,8.326672684688674e-17
0.5,0.6,41,True,True,0.285714285943973,0.07172214532895943,3.755135094084719,True,True,5.875188099978551e+20,1870208355.5939765,314146179617.11523,314146179617.1153,1.9428902915321235e-16,1.734723475976807e-18,5.551115123125783e-17
0.5,0.6,42,True,True,0.28571428585204506,0.07172214532895943,3.755135094084719,True,True,1.9583960333261836e+21,3117013926.992853,628292359032.0789,628292359032.0789,0.0,1.734723475976807e-18,2.7755575615628914e-17
0.5,0.6,43,True,True,0.2857142857969148,0.07172214532895943,3.755135094084719,True,True,6.527986777753946e+21,5195023212.657166,1256584717821.6924,1256584717821.6924,0.0,1.734723475976807e-18,5.551115123125783e-17
0.5,0.6,44,True,True,0.28571428576384994,0.07172214532895943,3.755135094084719,True,True,2.175995592584649e+22,8658372022.097284,2513169435352.543,2513169435352.543,0.0,1.734723475976807e-18,5.551115123125783e-17
0.5,0.6,45,True,True,0.2857142857440176,0.07172214532895943,3.755135094084719,True,True,7.25331864194883e+22,14430620037.830484,5026338870356.191,5026338870356.191,0.0,1.734723475976807e-18,5.551115123125783e-17
0.5,0.6,46,True,True,0.28571428573212154,0.07172214532895943,3.755135094084719,True,True,2.41777288064961e+23,24051033397.385536,10052677740293.828,10052677740293.828,0.0,1.734723475976807e-18,8.326672684688674e-17
0.5,0.6,47,True,True,0.2857142857249856,0.07172214532895943,3.755135094084719,True,True,8.0592429354987e+23,40085055663.31039,20105355480085.504,20105355480085.508,1.9428902930212636e-16,1.734723475976807e-18,2.7755575615628914e-17
0.5,0.6,48,True,True,0.28571428572070484,0.07172214532895943,3.755135094084719,True,True,2.6864143118329e+24,66808426106.51829,40210710959568.55,40210710959568.555,1.942890293050373e-16,1.734723475976807e-18,1.3877787807814457e-17
0.5,0.6,49,True,True,0.2857142857181368,0.07172214532895943,3.755135094084719,True,True,8.954714372776335e+24,111347376845.19795,80421421918414.27,80421421918414.27,0.0,1.734723475976807e-18,1.3877787807814457e-17
0.5,0.7,2,True,True,0.6807731770281761,0.04225664467286339,4.884132573897496,True,True,2.428571428571429,1.7836861898503633,1.3615463540563524,1.3615463540563522,1.6308266278522989e-16,0.0,0.0
0.5,0.7,3,True,True,0.4962522131519642,0.04225664467286339,4.884132573897496,True,True,6.510204081632653,3.2796851626529038,1.985008852607857,1.9850088526078569,1.1186076305569844e-16,0.0,8.326672684688674e-17
0.5,0.7,4,True,True,0.3862646219111936,0.04225664467286339,4.884132573897496,True,True,18.172011661807584,5.8806873031416025,3.090116975289549,3.0901169752895488,1.4371275048849915e-16,0.0,5.551115123125783e-17
0.5,0.7,5,True,True,0.3220524702400459,0.04225664467286339,4.884132573897496,True,True,51.49146189087881,9.99283242814808,5.1528395238407345,5.1528395238407345,0.0,3.469446951953614e-18,8.326672684688674e-17
0.5,0.7,6,True,True,0.28502401752434164,0.04225664467286339,4.884132573897496,True,True,146.68989111679662,16.08306253352283,9.120768560778933,9.120768560778933,0.0,6.938893903907228e-18,2.7755575615628914e-17
0.5,0.7,7,True,True,0.2636244191844858,0.04225664467286339,4.884132573897496,True,True,418.6854031908475,24.81545315526667,16.871962827807096,16.871962827807092,2.1056907930979952e-16,3.469446951953614e-18,2.0816681711721685e-17
0.5,0.7,8,True,True,0.2511005406524244,0.04225664467286339,4.884132573897496,True,True,1195.815437688136,37.205447995710486,32.14086920351032,32.14086920351032,0.0,1.1102230246251565e-16,2.7755575615628914e-17
0.5,0.7,9,True,True,0.2436303592966687,0.04225664467286339,4.884132573897496,True,True,3416.1869648232455,54.77347063750469,62.369371979947196,62.36937197994719,1.1392494636446745e-16,6.938893903907228e-18,2.0816681711721685e-17
0.5,0.7,10,True,True,0.23907369353188018,0.04225664467286339,4.884132573897496,True,True,9760.1056137807,79.73569151544247,122.40573108832265,122.40573108832265,0.0,5.551115123125783e-17,5.551115123125783e-17
0.5,0.7,11,True,True,0.23622876016047434,0.04225664467286339,4.884132573897496,True,True,27885.587467944864,115.27816931844251,241.89825040432572,241.89825040432572,0.0,6.938893903907228e-18,2.0816681711721685e-17
0.5,0.7,12,True,True,0.23441262474792454,0.04225664467286339,4.884132573897496,True,True,79672.67847984248,165.95810520367468,480.0770554837496,480.07705548374946,2.368095630128783e-16,1.1102230246251565e-16,8.326672684688674e-17
0.5,0.7,13,True,True,0.23322999345563347,0.04225664467286339,4.884132573897496,True,True,227635.79565669276,238.28472745109912,955.3100531942748,955.3100531942747,1.1900517255259779e-16,5.551115123125783e-17,5.551115123125783e-17
0.5,0.7,14,True,True,0.2324468153170292,0.04225664467286339,4.884132573897496,True,True,650387.5590191223,341.5534537106651,1904.204311077103,1904.2043110771033,1.194061341635233e-16,3.469446951953614e-18,2.7755575615628914e-17
0.5,0.7,15,True,True,0.23192102744032642,0.04225664467286339,4.884132573897496,True,True,1858249.7400546353,489.03958596397337,3799.7941135823085,3799.794113582308,1.1967683966375347e-16,2.7755575615628914e-17,2.7755575615628914e-17
0.5,0.7,16,True,True,0.23156422506300386,0.04225664467286339,4.884132573897496,True,True,5309284.543013244,699.7043942568309,7587.896526864511,7587.896526864511,0.0,2.7755575615628914e-17,5.551115123125783e-17
0.5,0.7,17,True,True,0.2313200956471734,0.04225664467286339,4.884132573897496,True,True,15169383.980037842,1000.6326070023503,15159.793788333156,15159.793788333156,0.0,1.3877787807814457e-17,5.551115123125783e-17
0.5,0.7,18,True,True,0.23115202232549942,0.04225664467286339,4.884132573897496,True,True,43341096.65725098,1430.5145267108094,30297.557870247863,30297.55787024786,1.2007498500940898e-16,6.938893903907228e-18,4.163336342344337e-17
0.5,0.7,19,True,True,0.2310357792699114,0.04225664467286339,4.884132573897496,True,True,123831704.30643137,2044.6203843758803,60564.64332093165,60564.64332093165,0.0,2.7755575615628914e-17,1.3877787807814457e-17
0.5,0.7,20,True,True,0.2309551127599136,0.04225664467286339,4.884132573897496,True,True,353804869.0183754,2921.906448142215,121086.99415866958,121086.99415866958,0.0,3.469446951953614e-18,2.7755575615628914e-17
0.5,0.7,21,True,True,0.23089899765427507,0.04225664467286339,4.884132573897496,True,True,1010871053.9096439,4175.166506160432,242115.14736432908,242115.14736432914,2.40413132127904e-16,5.551115123125783e-17,4.163336342344337e-17
0.5,0.7,22,True,True,0.23085989258754147,0.04225664467286339,4.884132573897496,True,True,2888203010.74184,5965.533902488572,484148.2854597477,484148.28545974777,1.2022692770293165e-16,6.938893903907228e-18,5.551115123125783e-17
0.5,0.7,23,True,True,0.23083260667312805,0.04225664467286339,4.884132573897496,True,True,8252008601.690972,8523.198667227405,968182.1254995279,968182.1254995277,2.404822786144106e-16,1.3877787807814457e-17,4.163336342344337e-17
0.5,0.7,24,True,True,0.23081355028473846,0.04225664467286339,4.884132573897496,True,True,23577167432.97421,12177.0033684652,1936204.3944269593,1936204.3944269593,0.0,6.938893903907228e-18,2.0816681711721685e-17
0.5,0.7,25,True,True,0.2308002326553753,0.04225664467286339,4.884132573897496,True,True,67363335522.35488,17396.722865053416,3872185.356109485,3872185.356109485,0.0,8.673617379884035e-19,2.7755575615628914e-17
0.5,0.7,26,True,True,0.23079092121912131,0.04225664467286339,4.884132573897496,True,True,192466672920.5854,24853.463927294048,7744058.272264362,7744058.272264363,1.2026285726064916e-16,2.7755575615628914e-17,6.938893903907228e-17
0.5,0.7,27,True,True,0.23078440865736904,0.04225664467286339,4.884132573897496,True,True,549904779772.6726,35505.95039037203,15487679.493907802,15487679.493907802,0.0,3.469446951953614e-18,3.469446951953614e-17
0.5,0.7,28,True,True,0.230779852581702,0.04225664467286339,4.884132573897496,True,True,1571156513635.7788,50723.78764554843,30974747.481690973,30974747.481690977,1.2026862529432776e-16,3.469446951953614e-18,5.551115123125783e-17
0.5,0.7,29,True,True,0.23077666468540417,0.04225664467286339,4.884132573897496,True,True,4489018610387.511,72463.55476056607,61948639.21898556,61948639.218985565,1.2027028665773225e-16,5.551115123125783e-17,2.7755575615628914e-17
0.5,0.7,30,True,True,0.23077443383528656,0.04225664467286339,4.884132573897496,True,True,12825767458249.605,103520.36464456927,123896080.75943395,123896080.75943395,0.0,1.3877787807814457e-17,2.7755575615628914e-17
0.5,0.7,31,True,True,0.23077287257833498,0.04225664467286339,4.884132573897496,True,True,36645049880712.73,147887.23570719198,247790485.13198102,247790485.131981,1.2027226296369556e-16,8.673617379884035e-19,2.7755575615628914e-17
0.5,0.7,32,True,True,0.23077177986728092,0.04225664467286339,4.884132573897496,True,True,104700142516321.64,211268.47993932996,495578623.6848413,495578623.6848414,2.405456649126805e-16,5.551115123125783e-17,2.7755575615628914e-17
0.5,0.7,33,True,True,0.2307710150538246,0.04225664467286339,4.884132573897496,True,True,299143264332347.2,301813.1144544955,991153962.5209002,991153962.5209004,1.2027323106047463e-16,1.3877787807814457e-17,2.7755575615628914e-17
0.5,0.7,34,True,True,0.23077047972648473,0.04225664467286339,4.884132573897496,True,True,854695040949563.0,431162.5922603193,1982303326.6149657,1982303326.614966,1.202735100630096e-16,2.7755575615628914e-17,2.7755575615628914e-17
0.5,0.7,35,True,True,0.23077010501835657,0.04225664467286339,4.884132573897496,True,True,2441985831284466.0,615947.5605022208,3964600215.793308,3964600215.793308,0.0,3.469446951953614e-18,2.7755575615628914e-17
0.5,0.7,36,True,True,0.23076984273315704,0.04225664467286339,4.884132573897496,True,True,6977102375098474.0,879926.0865248418,7929191419.53578,7929191419.535782,2.405476841072613e-16,3.469446951953614e-18,4.163336342344337e-17
0.5,0.7,37,True,True,0.2307696591387552,0.04225664467286339,4.884132573897496,True,True,1.9934578214567068e+16,1257038.2665305582,15858370222.560337,15858370222.560337,0.0,5.551115123125783e-17,2.7755575615628914e-17
0.5,0.7,38,True,True,0.2307695306252893,0.04225664467286339,4.884132573897496,True,True,5.69559377559059e+16,1795769.952234011,31716722782.36441,31716722782.364414,1.2027400471987298e-16,5.551115123125783e-17,5.551115123125783e-17
0.5,0.7,39,True,True,0.23076944066716915,0.04225664467286339,4.884132573897496,True,True,1.6273125073115974e+17,2565386.646082515,63433420837.22905,63433420837.22905,0.0,5.551115123125783e-17,2.7755575615628914e-17
0.5,0.7,40,True,True,0.23076937769713712,0.04225664467286339,4.884132573897496,True,True,4.6494643066045645e+17,3664839.0658563985,126866807056.31693,126866807056.3169,2.4054816884808235e-16,5.551115123125783e-17,2.7755575615628914e-17
0.5,0.7,41,True,True,0.23076933361844038,0.04225664467286339,4.884132573897496,True,True,1.32841837331559e+18,5235485.379812167,253733565647.59415,253733565647.59418,1.2027410739730548e-16,5.551115123125783e-17,2.7755575615628914e-17
0.5,0.7,42,True,True,0.2307693027635153,0.04225664467286339,4.884132573897496,True,True,3.795481066615972e+18,7479265.82831546,507467063444.49054,507467063444.49054,0.0,5.551115123125783e-17,2.7755575615628914e-17
0.5,0.7,43,True,True,0.2307692811651489,0.04225664467286339,4.884132573897496,True,True,1.0844231618902776e+19,10684666.469030919,1014934031898.3611,1014934031898.3611,0.0,5.551115123125783e-17,2.7755575615628914e-17
0.5,0.7,44,True,True,0.230769266046333,0.04225664467286339,4.884132573897496,True,True,3.0983518911150793e+19,15263810.241479049,2029867930810.2117,2029867930810.2112,2.40548285230116e-16,5.551115123125783e-17,1.3877787807814457e-17
0.5,0.7,45,True,True,0.23076925546318214,0.04225664467286339,4.884132573897496,True,True,8.852433974614512e+19,21805444.202117436,4059735675439.6636,4059735675439.6636,0.0,5.551115123125783e-17,4.163336342344337e-17
0.5,0.7,46,True,True,0.23076924805498664,0.04225664467286339,4.884132573897496,True,True,2.5292668498898606e+20,31150635.5744567,8119471090226.62,8119471090226.62,0.0,5.551115123125783e-17,1.3877787807814457e-17
0.5,0.7,47,True,True,0.23076924286925485,0.04225664467286339,4.884132573897496,True,True,7.22647671397103e+20,44500908.96351187,16238941815539.805,16238941815539.807,1.2027415469467124e-16,5.551115123125783e-17,2.7755575615628914e-17
0.5,0.7,48,True,True,0.2307692392392451,0.04225664467286339,4.884132573897496,True,True,2.064707632563152e+21,63572728.090732895,32477883120201.16,32477883120201.16,0.0,5.551115123125783e-17,5.551115123125783e-17
0.5,0.7,49,True,True,0.23076923669823957,0.04225664467286339,4.884132573897496,True,True,5.899164664466149e+21,90818183.98676245,64955765525172.85,64955765525172.84,1.202741579109303e-16,5.551115123125783e-17,4.163336342344337e-17
0.5,0.8,2,True,True,0.6894374244366247,0.019439105964513613,7.2787440940185775,True,True,2.25,1.6317652046801725,1.3788748488732496,1.3788748488732494,1.610331823127208e-16,0.0,0.0
0.5,0.8,3,True,True,0.5058134646768934,0.019439105964513613,7.2787440940185775,True,True,5.374999999999999,2.656611762714479,2.023253858707574,2.0232538587075735,2.1949258020134984e-16,5.551115123125783e-17,0.0
0.5,0.8,4,True,True,0.38727380169174325,0.019439105964513613,7.2787440940185775,True,True,13.187499999999998,4.256516946922477,3.098190413533946,3.098190413533946,0.0,0.0,6.938893903907228e-17
0.5,0.8,5,True,True,0.31061651151454817,0.019439105964513613,7.2787440940185775,True,True,32.71874999999999,6.583429403121807,4.969864184232771,4.969864184232771,0.0,5.551115123125783e-17,6.938893903907228e-17
0.5,0.8,6,True,True,0.2617548326496624,0.019439105964513613,7.2787440940185775,True,True,81.54687499999999,9.735598070736467,8.376154644789196,8.376154644789196,0.0,2.7755575615628914e-17,3.469446951953614e-17
0.5,0.8,7,True,True,0.23080395656841982,0.019439105964513613,7.2787440940185775,True,True,203.61718749999991,13.784506132347717,14.771453220378866,14.771453220378868,1.2025606505320465e-16,5.551115123125783e-17,2.0816681711721685e-17
0.5,0.8,8,True,True,0.21107339457791494,0.019439105964513613,7.2787440940185775,True,True,508.7929687499999,18.832051648707797,27.01739450597311,27.01739450597311,0.0,2.7755575615628914e-17,5.551115123125783e-17
0.5,0.8,9,True,True,0.1982734148496939,0.019439105964513613,7.2787440940185775,True,True,1271.7324218749993,25.054820267836256,50.75799420152163,50.75799420152164,1.3998637001672523e-16,2.7755575615628914e-17,4.163336342344337e-17
0.5,0.8,10,True,True,0.1897547143946798,0.019439105964513613,7.2787440940185775,True,True,3179.0810546874986,32.72194161153662,97.15441377007606,97.15441377007606,0.0,5.551115123125783e-17,2.0816681711721685e-17
0.5,0.8,11,True,True,0.18391357099817923,0.019439105964513613,7.2787440940185775,True,True,7947.452636718746,42.20017138171107,188.32749670213553,188.32749670213553,0.0,2.7755575615628914e-17,2.7755575615628914e-17
0.5,0.8,12,True,True,0.17978470864526774,0.019439105964513613,7.2787440940185775,True,True,19868.381591796868,53.96097516981414,368.1990833055084,368.19908330550834,1.5438229327052108e-16,1.1102230246251565e-16,6.938893903907228e-18
0.5,0.8,13,True,True,0.1767833493373755,0.019439105964513613,7.2787440940185775,True,True,49670.70397949216,68.59603440706726,724.1045988858901,724.10459888589,1.570033361154383e-16,5.551115123125783e-17,2.7755575615628914e-17
0.5,0.8,14,True,True,0.17454910541864468,0.019439105964513613,7.2787440940185775,True,True,124176.5099487304,86.8424122727227,1429.9062715895375,1429.9062715895373,1.590129926421506e-16,2.7755575615628914e-17,2.0816681711721685e-17
0.5,0.8,15,True,True,0.17285404004139363,0.019439105964513613,7.2787440940185775,True,True,310441.02487182594,109.61743477285557,2832.040592038193,2832.040592038193,0.0,5.551115123125783e-17,3.469446951953614e-17
0.5,0.8,16,True,True,0.17154928872249137,0.019439105964513613,7.2787440940185775,True,True,776102.3121795648,138.0638947634865,5621.327092858597,5621.327092858597,0.0,2.7755575615628914e-17,2.0816681711721685e-17
0.5,0.8,17,True,True,0.17053418584704458,0.019439105964513613,7.2787440940185775,True,True,1940255.530448912,173.60712586403727,11176.128403671913,11176.128403671913,0.0,5.551115123125783e-17,1.3877787807814457e-17
0.5,0.8,18,True,True,0.16973830263666936,0.019439105964513613,7.2787440940185775,True,True,4850638.576122279,218.02642568515185,22247.938803193527,22247.938803193527,0.0,2.7755575615628914e-17,1.5612511283791264e-17
0.5,0.8,19,True,True,0.16911083770480057,0.019439105964513613,7.2787440940185775,True,True,12126596.190305699,273.54422671152395,44331.39143928723,44331.39143928724,1.641265337711766e-16,1.3877787807814457e-17,4.163336342344337e-17
0.5,0.8,20,True,True,0.16861420013067316,0.019439105964513613,7.2787440940185775,True,True,30316490.225764245,342.93740467275137,88402.40175811037,88402.40175811037,0.0,1.3877787807814457e-17,2.42861286636753e-17
0.5,0.8,21,True,True,0.1682200067416109,0.019439105964513613,7.2787440940185775,True,True,75791225.3144106,429.6762697336963,176391.46178909135,176391.46178909138,1.6499568721491019e-16,2.7755575615628914e-17,1.214306433183765e-17
0.5,0.8,22,True,True,0.16790649506676603,0.019439105964513613,7.2787440940185775,True,True,189478063.0360265,538.0981902100021,352125.44194225856,352125.4419422585,1.6530376388711012e-16,2.7755575615628914e-17,1.3877787807814457e-17
0.5,0.8,23,True,True,0.1676567882277172,0.019439105964513613,7.2787440940185775,True,True,473695157.34006625,673.6245369731989,703203.5374906672,703203.5374906672,0.0,2.7755575615628914e-17,1.3877787807814457e-17
0.5,0.8,24,True,True,0.1674576893284092,0.019439105964513613,7.2787440940185775,True,True,1184237893.1001656,843.031803805231,1404736.912361808,1404736.9123618081,1.6574679685921222e-16,1.3877787807814457e-17,2.0816681711721685e-17
0.5,0.8,25,True,True,0.1672988170900507,0.019439105964513613,7.2787440940185775,True,True,2960594732.5004134,1054.790466686893,2806808.3908642726,2806808.390864272,1.6590419525016202e-16,2.7755575615628914e-17,2.7755575615628914e-17
0.5,0.8,26,True,True,0.16717196975288406,0.019439105964513613,7.2787440940185775,True,True,7401486831.001034,1319.4885303549438,5609360.491379206,5609360.491379205,1.6603008062091744e-16,6.938893903907228e-18,3.469446951953614e-17
0.5,0.8,27,True,True,0.1670706471612859,0.019439105964513613,7.2787440940185775,True,True,18503717077.252583,1650.36094333981,11211921.33873872,11211921.33873872,0.0,1.3877787807814457e-17,1.0408340855860843e-17
0.5,0.8,28,True,True,0.16698968594430807,0.019439105964513613,7.2787440940185775,True,True,46259292692.881454,2063.9513549354674,22412976.24687856,22412976.246878564,1.662113169365774e-16,5.551115123125783e-17,2.0816681711721685e-17
0.5,0.8,29,True,True,0.1669249776912083,0.019439105964513613,7.2787440940185775,True,True,115648231731.95364,2580.9393037769028,44808582.50432933,44808582.504329324,1.6627574854000273e-16,1.1102230246251565e-16,2.0816681711721685e-17
0.5,0.8,30,True,True,0.16687324931316183,0.019439105964513613,7.2787440940185775,True,True,289120579329.63403,3227.174198667152,89589393.54716058,89589393.54716057,1.663272917011495e-16,1.1102230246251565e-16,1.3877787807814457e-17
0.5,0.8,31,True,True,0.16683189075475185,0.019439105964513613,7.2787440940185775,True,True,722801448323.8352,4034.9677914896934,179134378.68037602,179134378.680376,1.6636852516663308e-16,2.7755575615628914e-17,2.7755575615628914e-17
0.5,0.8,32,True,True,0.1667988191998298,0.019439105964513613,7.2787440940185775,True,True,1807003620809.338,5044.709766366744,358197736.737343,358197736.73734295,1.6640151140624643e-16,5.551115123125783e-17,1.734723475976807e-17
0.5,0.8,33,True,True,0.16677237166220657,0.019439105964513613,7.2787440940185775,True,True,4517509052023.094,6306.887224852474,716281882.1655344,716281882.1655344,0.0,1.3877787807814457e-17,2.7755575615628914e-17
0.5,0.8,34,True,True,0.16675121980381113,0.019439105964513613,7.2787440940185775,True,True,11293772630057.486,7884.609041632455,1432382071.250953,1432382071.2509527,1.6644901097745704e-16,2.7755575615628914e-17,2.0816681711721685e-17
0.5,0.8,35,True,True,0.16673430224676122,0.019439105964513613,7.2787440940185775,True,True,28234431575143.46,9856.761308648902,2864473501.0848756,2864473501.084875,1.6646589958766605e-16,5.551115123125783e-17,1.734723475976807e-17
0.5,0.8,36,True,True,0.16672077070597038,0.019439105964513613,7.2787440940185775,True,True,70586078937858.39,12321.951639943358,5728482061.968461,5728482061.968461,0.0,1.1102230246251565e-16,2.42861286636753e-17
0.5,0.8,37,True,True,0.1667099470713601,0.019439105964513613,7.2787440940185775,True,True,176465197344645.75,15403.439552512851,11456220329.430122,11456220329.430122,0.0,1.1102230246251565e-16,2.0816681711721685e-17
0.5,0.8,38,True,True,0.1667012891838596,0.019439105964513613,7.2787440940185775,True,True,441162993361614.0,19255.299442256357,22911250727.862896,22911250727.862896,0.0,2.7755575615628914e-17,3.469446951953614e-17
0.5,0.8,39,True,True,0.16669436352550332,0.019439105964513613,7.2787440940185775,True,True,1102907483404034.9,24070.124303830264,45820597745.2526,45820597745.25261,1.6650578357067521e-16,5.551115123125783e-17,2.7755575615628914e-17
0.5,0.8,40,True,True,0.16668882341523106,0.019439105964513613,7.2787440940185775,True,True,2757268708510086.5,30088.655380419073,91638149782.67345,91638149782.67346,1.665113175973907e-16,1.3877787807814457e-17,1.3877787807814457e-17
0.5,0.8,41,True,True,0.16668439159319684,0.019439105964513613,7.2787440940185775,True,True,6893171771275216.0,37611.81922591845,183271426725.48804,183271426725.48807,1.6651574481771541e-16,1.3877787807814457e-17,3.469446951953614e-17
0.5,0.8,42,True,True,0.1666808463057665,0.019439105964513613,7.2787440940185775,True,True,1.7232929428188038e+16,47015.7740326447,366535057281.4692,366535057281.4692,0.0,2.7755575615628914e-17,2.0816681711721685e-17
0.5,0.8,43,True,True,0.16667801018466777,0.019439105964513613,7.2787440940185775,True,True,4.30823235704701e+16,58770.71754096006,733057641170.435,733057641170.435,0.0,1.3877787807814457e-17,6.938893903907228e-18
0.5,0.8,44,True,True,0.16667574135740967,0.019439105964513613,7.2787440940185775,True,True,1.0770580892617522e+17,73464.39692629644,1466095325525.2563,1466095325525.2566,1.6652438674990793e-16,1.3877787807814457e-17,2.0816681711721685e-17
0.5,0.8,45,True,True,0.16667392634014033,0.019439105964513613,7.2787440940185775,True,True,2.6926452231543805e+17,91831.49615793077,2932158720929.0366,2932158720929.037,1.6652620013874657e-16,1.3877787807814457e-17,1.734723475976807e-17
0.5,0.8,46,True,True,0.1666724743548185,0.019439105964513613,7.2787440940185775,True,True,6.731613057885951e+17,114790.37019745109,5864266354666.243,5864266354666.243,0.0,1.3877787807814457e-17,1.734723475976807e-17
0.5,0.8,47,True,True,0.16667131278479186,0.019439105964513613,7.2787440940185775,True,True,1.6829032644714877e+18,143488.9627468374,11728450971108.438,11728450971108.438,0.0,1.3877787807814457e-17,2.7755575615628914e-17
0.5,0.8,48,True,True,0.16667038354043578,0.019439105964513613,7.2787440940185775,True,True,4.2072581611787187e+18,179362.20343356146,23456771162700.13,23456771162700.133,1.66529739873642e-16,1.3877787807814457e-17,2.7755575615628914e-17
0.5,0.8,49,True,True,0.16666964015241537,0.019439105964513613,7.2787440940185775,True,True,1.0518145402946796e+19,224203.75429196097,46913333080274.53,46913333080274.53,0.0,1.3877787807814457e-17,1.3877787807814457e-17
0.5,0.9,2,True,True,0.6991879222734458,0.004964190931803305,14.680216710166166,True,True,2.111111111111111,1.5096879135488523,1.3983758445468917,1.3983758445468917,0.0,5.551115123125783e-17,0.0
0.5,0.9,3,True,True,0.5238300849451262,0.004964190931803305,14.680216710166166,True,True,4.580246913580247,2.18594113111127,2.0953203397805047,2.0953203397805047,0.0,2.7755575615628914e-17,2.7755575615628914e-17
0.5,0.9,4,True,True,0.40598258008506066,0.004964190931803305,14.680216710166166,True,True,10.067215363511659,3.099645113283677,3.2478606406804857,3.2478606406804853,1.367328401618297e-16,2.7755575615628914e-17,1.3877787807814457e-17
0.5,0.9,5,True,True,0.32225996077353863,0.004964190931803305,14.680216710166166,True,True,22.260478585581467,4.317259606993294,5.156159372376618,5.156159372376618,0.0,6.938893903907228e-18,2.7755575615628914e-17
0.5,0.9,6,True,True,0.2620209384310855,0.004964190931803305,14.680216710166166,True,True,49.35661907906992,5.886530883586628,8.384670029794735,8.384670029794735,0.0,1.3877787807814457e-17,2.7755575615628914e-17
0.5,0.9,7,True,True,0.21881666111359788,0.004964190931803305,14.680216710166166,True,True,109.57026462015538,7.824063195083353,14.004266311270264,14.004266311270264,0.0,5.551115123125783e-17,3.122502256758253e-17
0.5,0.9,8,True,True,0.1879933996700414,0.004964190931803305,14.680216710166166,True,True,243.3783658225675,10.114150211263052,24.0631551577653,24.063155157765298,1.4764122391713968e-16,5.551115123125783e-17,1.0408340855860843e-17
0.5,0.9,9,True,True,0.16602867566430932,0.004964190931803305,14.680216710166166,True,True,540.7297018279277,12.722051713741406,42.503340970063185,42.503340970063185,0.0,5.551115123125783e-17,1.0408340855860843e-17
0.5,0.9,10,True,True,0.1502917725607004,0.004964190931803305,14.680216710166166,True,True,1201.5104485065062,15.614295145740435,76.94938755107862,76.9493875510786,1.8467794439259069e-16,2.7755575615628914e-17,1.0408340855860843e-17
0.5,0.9,11,True,True,0.1388758734972622,0.004964190931803305,14.680216710166166,True,True,2669.9121077922355,18.774578889091604,142.20889446119648,142.20889446119648,0.0,1.3877787807814457e-17,5.204170427930421e-18
0.5,0.9,12,True,True,0.1304387554611472,0.004964190931803305,14.680216710166166,True,True,5933.026906204968,22.209547950710842,267.1385711844295,267.13857118442945,2.127862652284831e-16,2.7755575615628914e-17,4.336808689942018e-18
0.5,0.9,13,True,True,0.12405761900309205,0.004964190931803305,14.680216710166166,True,True,13184.393124899927,25.94637881675404,508.14000743666503,508.14000743666503,0.0,2.7755575615628914e-17,5.204170427930421e-18
0.5,0.9,14,True,True,0.11910845518933,0.004964190931803305,14.680216710166166,True,True,29298.540277555396,30.027103968311838,975.7364649109915,975.7364649109913,1.165138762462739e-16,5.551115123125783e-17,6.071532165918825e-18
0.5,0.9,15,True,True,0.11517318092157963,0.004964190931803305,14.680216710166166,True,True,65107.75617234532,34.503363016184856,1886.997396219161,1886.9973962191607,1.204949598228403e-16,2.7755575615628914e-17,4.336808689942018e-18
0.5,0.9,16,True,True,0.11197213987151104,0.004964190931803305,14.680216710166166,True,True,144683.79149410073,39.43301356399133,3669.103079309674,3669.103079309674,0.0,1.1102230246251565e-16,4.336808689942018e-18
0.5,0.9,17,True,True,0.10931711029938788,0.004964190931803305,14.680216710166166,True,True,321519.425542446,44.87858378630989,7164.2061405806835,7164.206140580684,1.2694982304057633e-16,2.7755575615628914e-17,3.903127820947816e-18
0.5,0.9,18,True,True,0.10707963945906031,0.004964190931803305,14.680216710166166,True,True,714487.5012054355,50.90703575283652,14035.142503177953,14035.142503177953,0.0,5.551115123125783e-17,2.3852447794681098e-18
0.5,0.9,19,True,True,0.10517022000861871,0.004964190931803305,14.680216710166166,True,True,1587749.8915676347,57.590306166166535,27569.742153939347,27569.742153939344,1.3195548898421216e-16,2.7755575615628914e-17,3.469446951953614e-18
0.5,0.9,20,True,True,0.10352483071654216,0.004964190931803305,14.680216710166166,True,True,3528332.9812614103,65.00625059066974,54276.826446714455,54276.826446714455,0.0,1.1102230246251565e-16,4.7704895589362195e-18
0.5,0.9,21,True,True,0.10209632796447896,0.004964190931803305,14.680216710166166,True,True,7840739.847247578,73.23977622921595,107055.75919168146,107055.75919168149,2.7185674714261563e-16,2.7755575615628914e-17,1.5178830414797062e-18
0.5,0.9,22,True,True,0.10084895981852707,0.004964190931803305,14.680216710166166,True,True,17423866.21610573,82.38406093974363,211495.5977813437,211495.59778134368,1.376096276331147e-16,2.7755575615628914e-17,2.6020852139652106e-18
0.5,0.9,23,True,True,0.0997548577984363,0.004964190931803305,14.680216710166166,True,True,38719702.59134606,92.54182381490521,418402.1990834126,418402.1990834126,0.0,2.7755575615628914e-17,2.3852447794681098e-18
0.5,0.9,24,True,True,0.09879176904303504,0.004964190931803305,14.680216710166166,True,True,86043783.42521346,103.82664863418731,828725.4241285562,828725.424128556,1.4047514223344967e-16,1.1102230246251565e-16,1.5178830414797062e-18
0.5,0.9,25,True,True,0.09794156393249091,0.004964190931803305,14.680216710166166,True,True,191208407.50047436,116.36437840618478,1643186.7734732092,1643186.7734732095,1.4169457021719735e-16,1.3877787807814457e-17,2.168404344971009e-18
0.5,0.9,26,True,True,0.09718923023798016,0.004964190931803305,14.680216710166166,True,True,424907572.1121653,130.29460587404708,3261129.4171526493,3261129.4171526493,0.0,2.7755575615628914e-17,1.734723475976807e-18
0.5,0.9,27,True,True,0.09652217576101656,0.004964190931803305,14.680216710166166,True,True,944239049.0270338,145.7722866703131,6477493.566130157,6477493.566130157,0.0,1.1102230246251565e-16,8.673617379884035e-19
0.5,0.9,28,True,True,0.09592972999608416,0.004964190931803305,14.680216710166166,True,True,2098308997.726742,162.96950179523816,12875470.407727866,12875470.407727866,0.0,2.7755575615628914e-17,1.3010426069826053e-18
0.5,0.9,29,True,True,0.09540277722009054,0.004964190931803305,14.680216710166166,True,True,4662908883.726092,182.07739578778902,25609488.006741412,25609488.006741416,1.45465239191087e-16,1.1102230246251565e-16,1.5178830414797062e-18
0.5,0.9,30,True,True,0.09493347880626407,0.004964190931803305,14.680216710166166,True,True,10362019741.502428,203.308317049384,50967023.34605167,50967023.34605166,1.4618433857391463e-16,5.551115123125783e-17,1.951563910473908e-18
0.5,0.9,31,True,True,0.09451505795033563,0.004964190931803305,14.680216710166166,True,True,23026710536.56095,226.8981875153065,101484770.71905908,101484770.71905908,0.0,1.3877787807814457e-17,1.3010426069826053e-18
0.5,0.9,32,True,True,0.0941416293755608,0.004964190931803305,14.680216710166166,True,True,51170467858.91322,253.10913028988446,202167609.68009323,202167609.68009326,1.4741393260203265e-16,2.7755575615628914e-17,2.3852447794681098e-18
0.5,0.9,33,True,True,0.09380806236666724,0.004964190931803305,14.680216710166166,True,True,113712150797.47385,282.2323859324196,402902559.9659642,402902559.96596414,1.4793811382192714e-16,2.7755575615628914e-17,1.3010426069826053e-18
0.5,0.9,34,True,True,0.09350986911414903,0.004964190931803305,14.680216710166166,True,True,252693668438.71964,314.59155074863787,803243659.3970213,803243659.3970212,1.484098730891561e-16,5.551115123125783e-17,2.3852447794681098e-18
0.5,0.9,35,True,True,0.09324311268432273,0.004964190931803305,14.680216710166166,True,True,561541485419.2659,350.54617366527526,1601904478.2256358,1601904478.2256355,1.48834454452396e-16,2.7755575615628914e-17,1.3010426069826053e-18
0.5,0.9,36,True,True,0.09300433047226828,0.004964190931803305,14.680216710166166,True,True,1247869967598.2573,390.4957520215533,3195604462.1181474,3195604462.118148,1.4921657666201348e-16,2.7755575615628914e-17,1.5178830414797062e-18
0.5,0.9,37,True,True,0.09279047004343143,0.004964190931803305,14.680216710166166,True,True,2773044372440.4604,434.88417089993936,6376512547.472091,6376512547.472091,0.0,2.7755575615628914e-17,1.951563910473908e-18
0.5,0.9,38,True,True,0.0925988350040681,0.004964190931803305,14.680216710166166,True,True,6162320827645.356,484.2046354576443,12726686975.685518,12726686975.68552,1.4987000438185612e-16,5.551115123125783e-17,8.673617379884035e-19
0.5,0.9,39,True,True,0.09242703906925699,0.004964190931803305,14.680216710166166,True,True,13694046283656.236,539.0051511435365,25406151044.388676,25406151044.388676,0.0,2.7755575615628914e-17,1.5178830414797062e-18
0.5,0.9,40,True,True,0.09227296688690634,0.004964190931803305,14.680216710166166,True,True,30431213963680.414,599.8946127397817,50727600010.77167,50727600010.77167,0.0,2.7755575615628914e-17,1.3010426069826053e-18
0.5,0.9,41,True,True,0.09213474046950099,0.004964190931803305,14.680216710166166,True,True,67624919919289.69,667.549569912471,101303218468.34035,101303218468.34033,1.5062491886443603e-16,5.551115123125783e-17,1.3010426069826053e-18
0.5,0.9,42,True,True,0.0920106903099351,0.004964190931803305,14.680216710166166,True,True,150277599820643.66,742.7217444605443,202333647750.94028,202333647750.94034,3.016559871699162e-16,5.551115123125783e-17,1.951563910473908e-18
0.5,0.9,43,True,True,0.09189933043220028,0.004964190931803305,14.680216710166166,True,True,333950221823652.44,826.246382797596,404177529580.132,404177529580.1321,1.5101076082434512e-16,2.7755575615628914e-17,1.0842021724855044e-18
0.5,0.9,44,True,True,0.09179933676474367,0.004964190931803305,14.680216710166166,True,True,742111604052560.9,919.0515364774841,807475505559.6841,807475505559.6841,0.0,5.551115123125783e-17,6.505213034913027e-19
0.5,0.9,45,True,True,0.09170952833303377,0.004964190931803305,14.680216710166166,True,True,1649136897894579.5,1022.1683738838847,1613371084480.37,1613371084480.3704,1.5132329279263864e-16,1.3877787807814457e-17,1.951563910473908e-18
0.5,0.9,46,True,True,0.09162885085484085,0.004964190931803305,14.680216710166166,True,True,3664748661987954.0,1136.742637659967,3223903582548.8125,3223903582548.8125,0.0,5.551115123125783e-17,1.5178830414797062e-18
0.5,0.9,47,True,True,0.09155636239180677,0.004964190931803305,14.680216710166166,True,True,8143885915528787.0,1264.0473751840111,6442706242986.548,6442706242986.548,0.0,6.938893903907228e-18,1.5178830414797062e-18
0.5,0.9,48,True,True,0.09149122076769034,0.004964190931803305,14.680216710166166,True,True,1.8097524256730636e+16,1405.4970835412958,12876244617407.562,12876244617407.562,0.0,5.551115123125783e-17,1.3010426069826053e-18
0.5,0.9,49,True,True,0.09143267251000711,0.004964190931803305,14.680216710166166,True,True,4.021672057051253e+16,1562.6634261589543,25736009365347.29,25736009365347.29,0.0,5.551115123125783e-17,1.951563910473908e-18
0.6,0.1,2,True,True,0.6835982120448417,0.16603455825593288,6.242387813393504,True,True,7.666666666666667,6.729098934065461,1.1393303534080697,1.1393303534080697,0.0,0.0,1.1102230246251565e-16
0.6,0.1,3,True,True,0.5553796735509912,0.16603455825593288,6.242387813393504,True,True,118.77777777777779,76.99237483179886,1.5427213154194201,1.5427213154194201,0.0,0.0,1.1102230246251565e-16
0.6,0.1,4,True,True,0.48588972909382405,0.16603455825593288,6.242387813393504,True,True,1970.62962962963,876.0341586018726,2.249489486545482,2.2494894865454818,1.9741777523576956e-16,3.469446951953614e-18,5.551115123125783e-17
0.6,0.1,5,True,True,0.44468772395051337,0.16603455825593288,6.242387813393504,True,True,32834.82716049384,9569.397513823784,3.4312324378897654,3.431232437889764,3.882767063048469e-16,5.551115123125783e-17,8.673617379884035e-19
0.6,0.1,6,True,True,0.42000117076942295,0.16603455825593288,6.242387813393504,True,True,547238.1193415639,101316.94652670708,5.401249624092375,5.401249624092374,1.6443943189338795e-16,3.469446951953614e-18,5.551115123125783e-17
0.6,0.1,7,True,True,0.4051919405510666,0.16603455825593288,6.242387813393504,True,True,9120626.3223594,1050198.4346412977,8.684669507696048,8.684669507696047,2.045393711097591e-16,5.551115123125783e-17,5.551115123125783e-17
0.6,0.1,8,True,True,0.3963066310465068,0.16603455825593288,6.242387813393504,True,True,152010429.70599002,10737441.242859839,14.1570441474661,14.157044147466097,2.5095024369450627e-16,5.551115123125783e-17,5.551115123125783e-17
0.6,0.1,9,True,True,0.3909754658681413,0.16603455825593288,6.242387813393504,True,True,2533507152.7664995,108838521.11928126,23.277669769050885,23.277669769050867,7.631162642241918e-16,5.551115123125783e-17,8.673617379884035e-19
0.6,0.1,10,True,True,0.38777676867882005,0.16603455825593288,6.242387813393504,True,True,42225119203.774994,1097363094.6207023,38.47871266198348,38.47871266198347,1.8465865581363597e-16,2.168404344971009e-19,5.421010862427522e-20
0.6,0.1,11,True,True,0.38585755054911275,0.16603455825593288,6.242387813393504,True,True,703751986720.5834,11028212724.835651,63.81378418061582,63.81378418061577,7.794239464381357e-16,3.469446951953614e-18,6.938893903907228e-18
0.6,0.1,12,True,True,0.38470601968921114,0.16603455825593288,6.242387813393504,True,True,11729199778667.389,110612231968.03838,106.03890338327649,106.03890338327643,5.360619267755732e-16,1.3552527156068805e-20,8.673617379884035e-19
0.6,0.1,13,True,True,0.3840151011750347,0.16603455825593288,6.242387813393504,True,True,195486662977780.84,1108112450764.4297,176.41410205518824,176.41410205518815,4.833237666257445e-16,3.469446951953614e-18,8.673617379884035e-19
0.6,0.1,14,True,True,0.38360055006670357,0.16603455825593288,6.242387813393504,True,True,3258111049629671.0,11093099705399.846,293.70609984184165,293.7060998418415,5.806153044633847e-16,5.551115123125783e-17,5.551115123125783e-17
0.6,0.1,15,True,True,0.3833518194017224,0.16603455825593288,6.242387813393504,True,True,5.430185082716118e+16,111002972558659.72,489.19276281961976,489.19276281961936,8.133888361966133e-16,2.168404344971009e-19,6.938893903907228e-18
0.6,0.1,16,True,True,0.3832025810027354,0.16603455825593288,6.242387813393504,True,True,9.050308471193531e+17,1110462027108786.9,815.0038677825868,815.0038677825862,6.9746195211888e-16,3.469446951953614e-18,5.551115123125783e-17
0.6,0.1,17,True,True,0.38311303796334334,0.16603455825593288,6.242387813393504,True,True,1.5083847451989217e+19,1.1107215696854776e+16,1358.022376054199,1358.022376054198,6.697199676602609e-16,2.168404344971009e-19,1.734723475976807e-18
0.6,0.1,18,True,True,0.3830593121397081,0.16603455825593288,6.242387813393504,True,True,2.5139745753315367e+20,1.1108773534747485e+17,2263.0532231735538,2263.053223173551,1.2056650181176673e-15,2.168404344971009e-19,6.938893903907228e-18
0.6,0.1,19,True,True,0.38302707664552693,0.16603455825593288,6.242387813393504,True,True,4.1899576255525615e+21,1.1109708447254912e+18,3771.4379683724774,3771.437968372473,1.2057664866822823e-15,2.168404344971009e-19,8.673617379884035e-19
0.6,0.1,20,True,True,0.38300773534901833,0.16603455825593288,6.242387813393504,True,True,6.983262709254269e+22,1.1110269470297977e+19,6285.4125437040175,6285.412543704011,1.0128949958563457e-15,2.168404344971009e-19,8.673617379884035e-19
0.6,0.1,21,True,True,0.38299613057111315,0.16603455825593288,6.242387813393504,True,True,1.1638771182090448e+24,1.1110606111322202e+20,10475.370169256583,10475.370169256572,1.041866420463659e-15,2.168404344971009e-19,8.673617379884035e-19
0.6,0.1,22,True,True,0.38298916770436997,0.16603455825593288,6.242387813393504,True,True,1.9397951970150747e+25,1.1110808105729124e+21,17458.632878510864,17458.63287851084,1.250262434317945e-15,2.168404344971009e-19,8.673617379884035e-19
0.6,0.1,23,True,True,0.3829849899843241,0.16603455825593288,6.242387813393504,True,True,3.232991995025125e+26,1.1110929305898748e+22,29097.40406060133,29097.40406060129,1.3753036798287458e-15,2.168404344971009e-19,8.673617379884035e-19
0.6,0.1,24,True,True,0.38298248335229657,0.16603455825593288,6.242387813393504,True,True,5.388319991708542e+27,1.1111002027269734e+23,48495.35603075211,48495.35603075204,1.5003411067999112e-15,2.168404344971009e-19,8.673617379884035e-19
0.6,0.1,25,True,True,0.3829809793730801,0.16603455825593288,6.242387813393504,True,True,8.980533319514237e+28,1.1111045660549253e+24,80825.27598100342,80825.2759810033,1.440333118742414e-15,2.168404344971009e-19,8.673617379884035e-19
0.6,0.1,26,True,True,0.3829800769855502,0.16603455825593288,6.242387813393504,True,True,1.4967555532523727e+30,1.111107184068146e+25,134708.4758980889,134708.47589808874,1.0802523843693281e-15,2.168404344971009e-19,8.673617379884035e-19
0.6,0.1,27,True,True,0.3829795355530322,0.16603455825593288,6.242387813393504,True,True,2.494592588753955e+31,1.1111087548820004e+26,224513.80909323142,224513.80909323107,1.5555656326501387e-15,2.168404344971009e-19,8.673617379884035e-19
0.6,0.1,28,True,True,0.3829792106935215,0.16603455825593288,6.242387813393504,True,True,4.157654314589925e+32,1.1111096973724448e+27,374189.3644184689,374189.3644184684,1.4000102569332961e-15,2.168404344971009e-19,8.673617379884035e-19
0.6,0.1,29,True,True,0.382979015777815,0.16603455825593288,6.242387813393504,True,True,6.929423857649874e+33,1.1111102628674789e+28,623648.6232938648,623648.6232938638,1.4933450340940437e-15,2.168404344971009e-19,8.673617379884035e-19
0.6,0.1,30,True,True,0.38297889882839115,0.16603455825593288,6.242387813393504,True,True,1.1549039762749793e+35,1.1111106021647757e+29,1039414.0547528581,1039414.0547528565,1.568012764619208e-15,2.168404344971009e-19,8.673617379884035e-19
0.6,0.1,31,True,True,0.38297882865873684,0.16603455825593288,6.242387813393504,True,True,1.9248399604582988e+36,1.111110805743253e+30,1732356.4405178472,1732356.4405178442,1.7472145435586687e-15,2.168404344971009e-19,8.673617379884035e-19
0.6,0.1,32,True,True,0.38297878655694423,0.16603455825593288,6.242387813393504,True,True,3.208066600763831e+37,1.1111109278903756e+31,2887260.4167928277,2887260.4167928235,1.4515322419115119e-15,2.168404344971009e-19,8.673617379884035e-19
0.6,0.1,33,True,True,0.38297876129586866,0.16603455825593288,6.242387813393504,True,True,5.346777667939719e+38,1.1111110011786615e+32,4812100.377251131,4812100.377251122,1.9353764502050764e-15,2.168404344971009e-19,8.673617379884035e-19
0.6,0.1,34,True,True,0.3829787461392233,0.16603455825593288,6.242387813393504,True,True,8.911296113232866e+39,1.111111045151638e+33,8020166.978014969,8020166.978014953,1.974084057334899e-15,2.168404344971009e-19,8.673617379884035e-19
0.6,0.1,35,True,True,0.3829787370452361,0.16603455825593288,6.242387813393504,True,True,1.4852160188721443e+41,1.1111110715354255e+34,13366944.645954698,13366944.645954674,1.811512472098895e-15,2.168404344971009e-19,8.673617379884035e-19
0.6,0.1,36,True,True,0.38297873158884377,0.16603455825593288,6.242387813393504,True,True,2.4753600314535737e+42,1.1111110873656985e+35,22278240.759187583,22278240.75918754,2.0065984592211247e-15,2.168404344971009e-19,8.673617379884035e-19
0.6,0.1,37,True,True,0.3829787283150084,0.16603455825593288,6.242387813393504,True,True,4.1256000524226234e+43,1.1111110968638625e+36,37130400.94790906,37130400.94790898,2.006598476374226e-15,2.168404344971009e-19,8.673617379884035e-19
0.6,0.1,38,True,True,0.3829787263507072,0.16603455825593288,6.242387813393504,True,True,6.876000087371039e+44,1.1111111025627607e+37,61884001.26244487,61884001.26244473,2.287522274799339e-15,2.168404344971009e-19,8.673617379884035e-19
0.6,0.1,39,True,True,0.38297872517212644,0.16603455825593288,6.242387813393504,True,True,1.1460000145618397e+46,1.1111111059821001e+38,103140001.78667116,103140001.78667097,1.8781761892993665e-15,2.168404344971009e-19,8.673617379884035e-19
0.6,0.1,40,True,True,0.38297872446497794,0.16603455825593288,6.242387813393504,True,True,1.9100000242697333e+47,1.1111111080337033e+39,171900002.66038176,171900002.66038135,2.427181541422373e-15,2.168404344971009e-19,8.673617379884035e-19
0.6,0.1,41,True,True,0.3829787240406889,0.16603455825593288,6.242387813393504,True,True,3.183333373782889e+48,1.1111111092646657e+40,286500004.116566,286500004.11656535,2.288485455876429e-15,2.168404344971009e-19,8.673617379884035e-19
0.6,0.1,42,True,True,0.38297872378611547,0.16603455825593288,6.242387813393504,True,True,5.305555622971482e+49,1.1111111100032427e+41,477500006.5435398,477500006.54353875,2.246876630899491e-15,2.168404344971009e-19,8.673617379884035e-19
0.6,0.1,43,True,True,0.3829787236333714,0.16603455825593288,6.242387813393504,True,True,8.84259270495247e+50,1.111111110446389e+42,795833343.9218295,795833343.9218276,2.396668407248658e-15,2.168404344971009e-19,8.673617379884035e-19
0.6,0.1,44,True,True,0.38297872354172496,0.16603455825593288,6.242387813393504,True,True,1.4737654508254116e+52,1.1111111107122766e+43,1326388906.2189791,1326388906.2189758,2.516501828213287e-15,2.168404344971009e-19,8.673617379884035e-19
0.6,0.1,45,True,True,0.3829787234867371,0.16603455825593288,6.242387813393504,True,True,2.456275751375686e+53,1.1111111108718093e+44,2210648176.714228,2210648176.714223,2.3727017240846277e-15,2.168404344971009e-19,8.673617379884035e-19
0.6,0.1,46,True,True,0.3829787234537444,0.16603455825593288,6.242387813393504,True,True,4.093792918959477e+54,1.111111110967529e+45,3684413627.539644,3684413627.5396347,2.4589817869904495e-15,2.168404344971009e-19,8.673617379884035e-19
0.6,0.1,47,True,True,0.3829787234339488,0.16603455825593288,6.242387813393504,True,True,6.822988198265795e+55,1.1111111110249605e+46,6140689378.915338,6140689378.915321,2.6401699187998965e-15,2.168404344971009e-19,8.673617379884035e-19
0.6,0.1,48,True,True,0.3829787234220714,0.16603455825593288,6.242387813393504,True,True,1.1371646997109658e+57,1.1111111110594196e+47,10234482297.874825,10234482297.8748,2.4227441608562182e-15,2.168404344971009e-19,8.673617379884035e-19
0.6,0.1,49,True,True,0.38297872341494493,0.16603455825593288,6.242387813393504,True,True,1.8952744995182766e+58,1.111111111080095e+48,17057470496.14064,17057470496.140594,2.683655070536825e-15,2.168404344971009e-19,8.673617379884035e-19
0.6,0.2,2,True,True,0.6872960845497949,0.14614172438840684,4.09239854389948,True,True,4.333333333333334,3.7829402181202583,1.145493474249658,1.145493474249658,0.0,0.0,5.551115123125783e-17
0.6,0.2,3,True,True,0.5434654590162251,0.14614172438840684,4.09239854389948,True,True,32.11111111111112,21.270901044798272,1.5096262750450709,1.50962627504507,5.883432438757789e-16,5.551115123125783e-17,0.0
0.6,0.2,4,True,True,0.4692958094867528,0.14614172438840684,4.09239854389948,True,True,263.59259259259267,121.32219987702055,2.172665784660894,2.1726657846608926,6.131949234696154e-16,5.551115123125783e-17,1.3877787807814457e-17
0.6,0.2,5,True,True,0.426676564572058,0.14614172438840684,4.09239854389948,True,True,2192.6049382716055,665.9883002597162,3.292257442685634,3.2922574426856333,2.697779366171318e-16,8.673617379884035e-19,5.551115123125783e-17
0.6,0.2,6,True,True,0.4013998009386187,0.14614172438840684,4.09239854389948,True,True,18267.707818930045,3538.8581575734743,5.162034477091293,5.162034477091291,3.441195225029171e-16,5.551115123125783e-17,1.1102230246251565e-16
0.6,0.2,7,True,True,0.3862834646782009,0.14614172438840684,4.09239854389948,True,True,152226.8984910837,18386.234010603253,8.279395247732362,8.27939524773236,2.145515205215956e-16,6.938893903907228e-18,5.551115123125783e-17
0.6,0.2,8,True,True,0.37722256736650134,0.14614172438840684,4.09239854389948,True,True,1268553.4874256977,94139.06265872448,13.475314620716937,13.47531462071693,5.27292130654755e-16,6.938893903907228e-18,1.1102230246251565e-16
0.6,0.2,9,True,True,0.3717876903305286,0.14614172438840684,4.09239854389948,True,True,10571275.061880814,477575.8637557564,22.13527915490975,22.135279154909735,6.42000248370482e-16,5.551115123125783e-17,1.1102230246251565e-16
0.6,0.2,10,True,True,0.36852708241492443,0.14614172438840684,4.09239854389948,True,True,88093954.84900677,2409006.3899468314,36.568584963758056,36.56858496375804,3.8860827481528007e-16,5.551115123125783e-17,1.3877787807814457e-17
0.6,0.2,11,True,True,0.366570779678309,0.14614172438840684,4.09239854389948,True,True,734116286.40839,12109313.40937503,60.624104900946506,60.62410490094646,7.032279357404653e-16,6.938893903907228e-18,1.3877787807814457e-17
0.6,0.2,12,True,True,0.36539701024302906,0.14614172438840684,4.09239854389948,True,True,6117635716.069916,60741061.50990208,100.7166414941993,100.71664149419922,7.05486923728512e-16,8.673617379884035e-19,3.469446951953614e-18
0.6,0.2,13,True,True,0.3646927509998361,0.14614172438840684,4.09239854389948,True,True,50980297629.91597,304291793.737555,167.53753692708963,167.53753692708955,5.089314899521201e-16,5.551115123125783e-17,5.551115123125783e-17
0.6,0.2,14,True,True,0.3642701959347218,0.14614172438840684,4.09239854389948,True,True,424835813578.6331,1523223867.917888,278.90569635003556,278.9056963500354,6.11426223322464e-16,6.938893903907228e-18,5.551115123125783e-17
0.6,0.2,15,True,True,0.364016662991479,0.14614172438840684,4.09239854389948,True,True,3540298446484.6094,7621423869.1493,464.51929551056134,464.519295510561,7.342224886266194e-16,6.938893903907228e-18,3.469446951953614e-18
0.6,0.2,16,True,True,0.3638645432446584,0.14614172438840684,4.09239854389948,True,True,29502487054034.414,38123050673.63397,773.8752941521134,773.8752941521127,8.814353313566548e-16,5.551115123125783e-17,5.551115123125783e-17
0.6,0.2,17,True,True,0.3637732714003863,0.14614172438840684,4.09239854389948,True,True,245854058783616.1,190663079327.6011,1289.4686252349084,1289.4686252349074,7.053251889763833e-16,5.551115123125783e-17,5.551115123125783e-17
0.6,0.2,18,True,True,0.36371850829458646,0.14614172438840684,4.09239854389948,True,True,2048783823196797.0,953458932121.4506,2148.7908437107444,2148.790843710742,1.0581470788966179e-15,5.551115123125783e-17,5.551115123125783e-17
0.6,0.2,19,True,True,0.3636856504312591,0.14614172438840684,4.09239854389948,True,True,1.707319852663997e+16,4767725370799.456,3580.9945411719723,3580.9945411719686,1.0159129720150578e-15,5.551115123125783e-17,3.469446951953614e-18
0.6,0.2,20,True,True,0.36366593571329336,0.14614172438840684,4.09239854389948,True,True,1.4227665438866643e+17,23839919171365.957,5968.000703607855,5968.00070360785,9.143712411660166e-16,6.938893903907228e-18,1.3877787807814457e-17
0.6,0.2,21,True,True,0.36365410688252,0.14614172438840684,4.09239854389948,True,True,1.1856387865722204e+18,119203473145222.69,9946.344307667827,9946.344307667816,1.0972811802685524e-15,8.673617379884035e-19,8.673617379884035e-19
0.6,0.2,22,True,True,0.36364700958405716,0.14614172438840684,4.09239854389948,True,True,9.88032322143517e+18,596028998196674.4,16576.91698110117,16576.916981101152,1.097302595904674e-15,8.673617379884035e-19,4.336808689942018e-19
0.6,0.2,23,True,True,0.3636427512049797,0.14614172438840684,4.09239854389948,True,True,8.233602684529308e+19,2980179889484814.0,27627.871436823425,27627.87143682339,1.3167785348251217e-15,8.673617379884035e-19,1.3877787807814457e-17
0.6,0.2,24,True,True,0.36364019617753324,0.14614172438840684,4.09239854389948,True,True,6.861335570441091e+20,1.490100414489004e+16,46046.128863027196,46046.12886302713,1.422130809789552e-15,8.673617379884035e-19,3.469446951953614e-18
0.6,0.2,25,True,True,0.36363866316106547,0.14614172438840684,4.09239854389948,True,True,5.717779642034242e+21,7.450533482037914e+16,76743.22457336681,76743.22457336672,1.1377094441312026e-15,8.673617379884035e-19,1.3877787807814457e-17
0.6,0.2,26,True,True,0.36363774335118476,0.14614172438840684,4.09239854389948,True,True,4.764816368361869e+22,3.7252761639603846e+17,127905.05075726619,127905.05075726603,1.251483554123386e-15,8.673617379884035e-19,1.3877787807814457e-17
0.6,0.2,27,True,True,0.3636371914652563,0.14614172438840684,4.09239854389948,True,True,3.970680306968225e+23,1.8626409088740616e+18,213174.76106376518,213174.76106376483,1.6383082300082325e-15,8.673617379884035e-19,1.3877787807814457e-17
0.6,0.2,28,True,True,0.3636368603336993,0.14614172438840684,4.09239854389948,True,True,3.308900255806854e+24,9.31321302507251e+18,355290.94490793004,355290.9449079296,1.310647777495177e-15,8.673617379884035e-19,1.3877787807814457e-17
0.6,0.2,29,True,True,0.36363666165476505,0.14614172438840684,4.09239854389948,True,True,2.757416879839045e+25,4.6566090567506215e+19,592151.2513148717,592151.2513148708,1.57277819230725e-15,8.673617379884035e-19,1.3877787807814457e-17
0.6,0.2,30,True,True,0.3636365424474045,0.14614172438840684,4.09239854389948,True,True,2.2978473998658708e+26,2.328305291640288e+20,986918.4286597744,986918.428659773,1.4155008371059706e-15,8.673617379884035e-19,1.3877787807814457e-17
0.6,0.2,31,True,True,0.3636364709229882,0.14614172438840684,4.09239854389948,True,True,1.914872833221559e+27,1.1641528747997573e+21,1644863.7242346122,1644863.7242346099,1.4155011155237841e-15,8.673617379884035e-19,1.3877787807814457e-17
0.6,0.2,32,True,True,0.3636364280083384,0.14614172438840684,4.09239854389948,True,True,1.5957273610179658e+28,5.820765060937843e+21,2741439.216859341,2741439.216859338,1.1890210773626009e-15,8.673617379884035e-19,1.3877787807814457e-17
0.6,0.2,33,True,True,0.36363640225954846,0.14614172438840684,4.09239854389948,True,True,1.3297728008483052e+29,2.910382736550676e+22,4569065.037900561,4569065.03790055,2.242154190363102e-15,8.673617379884035e-19,1.3877787807814457e-17
0.6,0.2,34,True,True,0.36363638681027455,0.14614172438840684,4.09239854389948,True,True,1.108144000706921e+30,1.455191430099872e+23,7615108.072969254,7615108.07296924,1.834489870054482e-15,8.673617379884035e-19,1.3877787807814457e-17
0.6,0.2,35,True,True,0.36363637754071026,0.14614172438840684,4.09239854389948,True,True,9.234533339224341e+30,7.275957335972973e+23,12691846.464750413,12691846.46475039,1.7611103201452944e-15,8.673617379884035e-19,1.3877787807814457e-17
0.6,0.2,36,True,True,0.3636363719789716,0.14614172438840684,4.09239854389948,True,True,7.695444449353618e+31,3.637978723628573e+24,21153077.11771901,21153077.11771897,1.9372213817892e-15,8.673617379884035e-19,1.3877787807814457e-17
0.6,0.2,37,True,True,0.36363636864192844,0.14614172438840684,4.09239854389948,True,True,6.412870374461349e+32,1.8189893785069126e+25,35255128.206000015,35255128.20599994,2.113332435891083e-15,8.673617379884035e-19,1.3877787807814457e-17
0.6,0.2,38,True,True,0.36363636663970256,0.14614172438840684,4.09239854389948,True,True,5.344058645384458e+33,9.094946942612441e+25,58758546.686468355,58758546.68646822,2.2823990433295353e-15,8.673617379884035e-19,1.3877787807814457e-17
0.6,0.2,39,True,True,0.36363636543836697,0.14614172438840684,4.09239854389948,True,True,4.453382204487048e+34,4.547473486329585e+26,97930910.82058223,97930910.82058202,2.130239114145179e-15,8.673617379884035e-19,1.3877787807814457e-17
0.6,0.2,40,True,True,0.36363636471756566,0.14614172438840684,4.09239854389948,True,True,3.71115183707254e+35,2.2737367476718013e+27,163218184.37743875,163218184.37743837,2.373695017609775e-15,8.673617379884035e-19,1.3877787807814457e-17
0.6,0.2,41,True,True,0.3636363642850849,0.14614172438840684,4.09239854389948,True,True,3.0926265308937836e+36,1.1368683751880036e+28,272030306.97219956,272030306.97219896,2.1911030957841813e-15,8.673617379884035e-19,1.3877787807814457e-17
0.6,0.2,42,True,True,0.36363636402559635,0.14614172438840684,4.09239854389948,True,True,2.57718877574482e+37,5.684341879996325e+28,453383844.63013434,453383844.6301333,2.3663913451355566e-15,8.673617379884035e-19,1.3877787807814457e-17
0.6,0.2,43,True,True,0.3636363638699033,0.14614172438840684,4.09239854389948,True,True,2.147657313120683e+38,2.8421709412150556e+29,755639740.7266921,755639740.7266904,2.2086319230721587e-15,8.673617379884035e-19,1.3877787807814457e-17
0.6,0.2,44,True,True,0.36363636377648745,0.14614172438840684,4.09239854389948,True,True,1.7897144276005693e+39,1.421085470972595e+30,1259399567.554289,1259399567.5542858,2.6503583083674502e-15,8.673617379884035e-19,1.3877787807814457e-17
0.6,0.2,45,True,True,0.36363636372043795,0.14614172438840684,4.09239854389948,True,True,1.491428689667141e+40,7.105427355958179e+30,2098999278.9336164,2098999278.9336114,2.3853224778983695e-15,8.673617379884035e-19,1.3877787807814457e-17
0.6,0.2,46,True,True,0.36363636368680824,0.14614172438840684,4.09239854389948,True,True,1.2428572413892843e+41,3.552713678307651e+31,3498332131.232496,3498332131.2324877,2.3171704073155687e-15,8.673617379884035e-19,1.3877787807814457e-17
0.6,0.2,47,True,True,0.36363636366663044,0.14614172438840684,4.09239854389948,True,True,1.0357143678244037e+42,1.7763568392523934e+32,5830553551.730629,5830553551.730615,2.4534745490585075e-15,8.673617379884035e-19,1.3877787807814457e-17
0.6,0.2,48,True,True,0.36363636365452373,0.14614172438840684,4.09239854389948,True,True,8.630953065203363e+42,8.88178419655767e+32,9717589252.56085,9717589252.560825,2.5516135311058e-15,8.673617379884035e-19,1.3877787807814457e-17
0.6,0.2,49,True,True,0.3636363636472597,0.14614172438840684,4.09239854389948,True,True,7.19246088766947e+43,4.440892098367547e+33,16195982087.277887,16195982087.277847,2.473102345582716e-15,8.673617379884035e-19,1.3877787807814457e-17
0.6,0.3,2,True,True,0.6924509762259765,0.1244018819749275,3.5686169137158434,True,True,3.2222222222222228,2.792014741419621,1.1540849603766274,1.1540849603766277,1.9239883764932574e-16,5.551115123125783e-17,5.551115123125783e-17
0.6,0.3,3,True,True,0.534633523893002,0.1244018819749275,3.5686169137158434,True,True,15.5679012345679,10.4827778169146,1.4850931219250056,1.4850931219250056,0.0,5.551115123125783e-17,1.3877787807814457e-17
0.6,0.3,4,True,True,0.4528261618747977,0.1244018819749275,3.5686169137158434,True,True,84.15500685871056,40.14229523802866,2.096417416087026,2.0964174160870264,2.1183243682403543e-16,0.0,6.938893903907228e-18
0.6,0.3,5,True,True,0.40712904260810606,0.1244018819749275,3.5686169137158434,True,True,465.1944825483921,148.0837735182276,3.1414277979020535,3.1414277979020535,0.0,1.3877787807814457e-17,5.551115123125783e-17
0.6,0.3,6,True,True,0.38055664803693307,0.1244018819749275,3.5686169137158434,True,True,2582.080458602178,527.6023359376957,4.893989815289777,4.893989815289777,0.0,5.551115123125783e-17,1.3877787807814457e-17
0.6,0.3,7,True,True,0.3648344973955508,0.1244018819749275,3.5686169137158434,True,True,14342.558103345438,1834.164246107954,7.8196694400623885,7.81966944006239,2.2716520858279115e-16,5.551115123125783e-17,5.551115123125783e-17
0.6,0.3,8,True,True,0.3554618421198519,0.1244018819749275,3.5686169137158434,True,True,79678.54501858576,6274.905077097483,12.697968182722189,12.697968182722192,2.7978599628518437e-16,3.469446951953614e-18,1.3877787807814457e-17
0.6,0.3,9,True,True,0.3498554241351702,0.1244018819749275,3.5686169137158434,True,True,442656.2501032543,21251.42184121667,20.8294886530713,20.829488653071312,5.116851985144607e-16,1.3877787807814457e-17,5.551115123125783e-17
0.6,0.3,10,True,True,0.34649654549723496,0.1244018819749275,3.5686169137158434,True,True,2459199.05612919,71524.69718159045,34.38251615222716,34.38251615222716,0.0,1.3877787807814457e-17,1.6653345369377348e-16
0.6,0.3,11,True,True,0.34448267773891234,0.1244018819749275,3.5686169137158434,True,True,13662214.645162169,239809.40949090797,56.9711366796062,56.97113667960621,2.4943955033091384e-16,1.3877787807814457e-17,5.551115123125783e-17
0.6,0.3,12,True,True,0.3432747891370609,0.1244018819749275,3.5686169137158434,True,True,75901190.13978982,802177.4159073845,94.61895664805527,94.61895664805533,6.007614211203237e-16,5.421010862427522e-20,1.1102230246251565e-16
0.6,0.3,13,True,True,0.3425501845551361,0.1244018819749275,3.5686169137158434,True,True,421673276.2210547,2679580.921648866,157.36538233059974,157.36538233059983,5.418290034849179e-16,5.551115123125783e-17,5.551115123125783e-17
0.6,0.3,14,True,True,0.3421154601933832,0.1244018819749275,3.5686169137158434,True,True,2342629310.005859,8943286.162398193,261.9427878597222,261.9427878597224,6.510210033869981e-16,4.336808689942018e-19,8.673617379884035e-19
0.6,0.3,15,True,True,0.3418546370590351,0.1244018819749275,3.5686169137158434,True,True,13014607275.476995,29833698.584710184,436.2384783945964,436.2384783945967,6.515177096481464e-16,5.551115123125783e-17,5.551115123125783e-17
0.6,0.3,16,True,True,0.3416981466172069,0.1244018819749275,3.5686169137158434,True,True,72303373750.31665,99491205.93173702,726.7313032663961,726.7313032663966,6.257434471895429e-16,1.3877787807814457e-17,1.3877787807814457e-17
0.6,0.3,17,True,True,0.3416042533826591,0.1244018819749275,3.5686169137158434,True,True,401685409721.648,331728506.8394258,1210.8860150390544,1210.8860150390549,3.755492632985749e-16,1.6940658945086007e-21,5.551115123125783e-17
0.6,0.3,18,True,True,0.3415479177508998,0.1244018819749275,3.5686169137158434,True,True,2231585609562.3784,1105944076.1218479,2017.8105364854928,2017.8105364854941,6.761001729307799e-16,1.734723475976807e-18,2.7755575615628914e-17
0.6,0.3,19,True,True,0.3415141164644998,0.1244018819749275,3.5686169137158434,True,True,12397697830899.77,3686845122.330921,3362.6847398085483,3362.68473980855,5.409336718402624e-16,1.3877787807814457e-17,5.551115123125783e-17
0.6,0.3,20,True,True,0.34149383572045033,0.1244018819749275,3.5686169137158434,True,True,68876099060551.94,12290213592.854528,5604.141745803033,5604.141745803037,8.114486954706777e-16,1.734723475976807e-18,5.551115123125783e-17
0.6,0.3,21,True,True,0.3414816672823565,0.1244018819749275,3.5686169137158434,True,True,382644994780841.75,40968838484.059715,9339.903422688501,9339.90342268851,9.737731329893433e-16,1.3877787807814457e-17,2.7755575615628914e-17
0.6,0.3,22,True,True,0.34147436622200084,0.1244018819749275,3.5686169137158434,True,True,2125805526560229.8,136565714794.75714,15566.17288427828,15566.172884278292,8.179869207081174e-16,2.7755575615628914e-17,1.3877787807814457e-17
0.6,0.3,23,True,True,0.34146998558653757,0.1244018819749275,3.5686169137158434,True,True,1.1810030703112384e+16,455224889210.4164,25943.28865365156,25943.288653651583,8.413687691624997e-16,1.3877787807814457e-17,5.551115123125783e-17
0.6,0.3,24,True,True,0.34146735720548466,0.1244018819749275,3.5686169137158434,True,True,6.561128168395769e+16,1517427977395.9143,43238.48160263553,43238.48160263558,1.009650294529296e-15,5.551115123125783e-17,5.551115123125783e-17
0.6,0.3,25,True,True,0.3414657801769203,0.1244018819749275,3.5686169137158434,True,True,3.645071204664317e+17,5058116618328.798,72063.80318428975,72063.80318428978,4.038619830028408e-16,5.551115123125783e-17,5.551115123125783e-17
0.6,0.3,26,True,True,0.3414648339598021,0.1244018819749275,3.5686169137158434,True,True,2.0250395581468426e+18,16860435448791.734,120106.00582038719,120106.0058203873,9.692714451018234e-16,5.551115123125783e-17,5.551115123125783e-17
0.6,0.3,27,True,True,0.34146426622953713,0.1244018819749275,3.5686169137158434,True,True,1.1250219767482458e+19,56201544938443.9,200176.34354721982,200176.34354722,8.723457509813594e-16,5.551115123125783e-17,5.551115123125783e-17
0.6,0.3,28,True,True,0.34146392559138006,0.1244018819749275,3.5686169137158434,True,True,6.250122093045811e+19,187338670013585.34,333626.9064252761,333626.90642527636,8.723466212175005e-16,5.551115123125783e-17,5.551115123125783e-17
0.6,0.3,29,True,True,0.3414637212084864,0.1244018819749275,3.5686169137158434,True,True,3.472290051692117e+20,624462607150091.5,556044.5112220373,556044.5112220378,1.0468165720320206e-15,5.551115123125783e-17,5.551115123125783e-17
0.6,0.3,30,True,True,0.3414635985787503,0.1244018819749275,3.5686169137158434,True,True,1.929050028717843e+21,2081542771377300.8,926740.5192166397,926740.5192166409,1.2561803375699905e-15,5.551115123125783e-17,1.3877787807814457e-17
0.6,0.3,31,True,True,0.34146352500090865,0.1244018819749275,3.5686169137158434,True,True,1.0716944603988017e+22,6938477399679186.0,1544567.199207644,1544567.1992076458,1.205933383919122e-15,5.551115123125783e-17,8.673617379884035e-19
0.6,0.3,32,True,True,0.34146348085420364,0.1244018819749275,3.5686169137158434,True,True,5.953858113326676e+22,2.3128260989108012e+16,2574278.332525985,2574278.332525987,9.04450154872751e-16,5.551115123125783e-17,5.551115123125783e-17
0.6,0.3,33,True,True,0.34146345436618075,0.1244018819749275,3.5686169137158434,True,True,3.307698951848154e+23,7.709420927738275e+16,4290463.554723219,4290463.554723225,1.3024083240472476e-15,5.551115123125783e-17,5.551115123125783e-17
0.6,0.3,34,True,True,0.34146343847336696,0.1244018819749275,3.5686169137158434,True,True,1.8376105288045297e+24,2.5698070955198938e+17,7150772.2583852755,7150772.258385285,1.3024083846655471e-15,5.551115123125783e-17,5.551115123125783e-17
0.6,0.3,35,True,True,0.3414634289376787,0.1244018819749275,3.5686169137158434,True,True,1.020894738224739e+25,8.566023890947268e+17,11917953.431155372,11917953.43115539,1.4066010947194515e-15,5.551115123125783e-17,5.551115123125783e-17
0.6,0.3,36,True,True,0.34146342321626577,0.1244018819749275,3.5686169137158434,True,True,5.671637434581883e+25,2.8553413448252826e+18,19863255.385772202,19863255.385772225,1.1252808946302795e-15,5.551115123125783e-17,5.551115123125783e-17
0.6,0.3,37,True,True,0.34146341978341793,0.1244018819749275,3.5686169137158434,True,True,3.150909685878824e+26,9.517804578436665e+18,33105425.310133573,33105425.310133614,1.2378089965374217e-15,5.551115123125783e-17,5.551115123125783e-17
0.6,0.3,38,True,True,0.3414634177237093,0.1244018819749275,3.5686169137158434,True,True,1.7505053810437912e+27,3.1726015452826993e+19,55175708.51740255,55175708.51740261,1.080269676221577e-15,5.551115123125783e-17,5.551115123125783e-17
0.6,0.3,39,True,True,0.34146341648788414,0.1244018819749275,3.5686169137158434,True,True,9.725029894687728e+27,1.0575338522549956e+20,91959513.8628508,91959513.86285093,1.4583640681772435e-15,5.551115123125783e-17,5.551115123125783e-17
0.6,0.3,40,True,True,0.34146341574638894,0.1244018819749275,3.5686169137158434,True,True,5.402794385937627e+28,3.525112848504844e+20,153265856.10526457,153265856.10526478,1.3611397999211716e-15,5.551115123125783e-17,5.551115123125783e-17
0.6,0.3,41,True,True,0.3414634153014919,0.1244018819749275,3.5686169137158434,True,True,3.0015524366320154e+29,1.1750376176992527e+21,255443093.17595425,255443093.17595458,1.2833603844549255e-15,5.551115123125783e-17,5.551115123125783e-17
0.6,0.3,42,True,True,0.3414634150345537,0.1244018819749275,3.5686169137158434,True,True,1.6675291314622308e+30,3.9167920620594523e+21,425738488.2937704,425738488.29377097,1.4000295114089339e-15,5.551115123125783e-17,5.551115123125783e-17
0.6,0.3,43,True,True,0.3414634148743907,0.1244018819749275,3.5686169137158434,True,True,9.264050730345726e+30,1.3055973546322062e+22,709564146.8234637,709564146.8234648,1.5120318730308652e-15,5.551115123125783e-17,5.551115123125783e-17
0.6,0.3,44,True,True,0.341463414778293,0.1244018819749275,3.5686169137158434,True,True,5.14669485019207e+31,4.351991183332132e+22,1182606911.0396192,1182606911.0396214,1.814438248147674e-15,5.551115123125783e-17,5.551115123125783e-17
0.6,0.3,45,True,True,0.3414634147206343,0.1244018819749275,3.5686169137158434,True,True,2.8592749167733725e+32,1.4506637280223329e+23,1971011518.0665455,1971011518.0665488,1.6934756985571182e-15,5.551115123125783e-17,5.551115123125783e-17
0.6,0.3,46,True,True,0.34146341468603914,0.1244018819749275,3.5686169137158434,True,True,1.588486064874096e+33,4.835545760564354e+23,3285019196.4447556,3285019196.4447618,1.8870157785833995e-15,5.551115123125783e-17,5.551115123125783e-17
0.6,0.3,47,True,True,0.341463414665282,0.1244018819749275,3.5686169137158434,True,True,8.824922582633866e+33,1.6118485869527668e+24,5475031993.741773,5475031993.741783,1.9160467906780794e-15,5.551115123125783e-17,5.551115123125783e-17
0.6,0.3,48,True,True,0.3414634146528277,0.1244018819749275,3.5686169137158434,True,True,4.902734768129925e+34,5.372828623371854e+24,9125053322.570135,9125053322.57015,1.672186290107314e-15,5.551115123125783e-17,5.551115123125783e-17
0.6,0.3,49,True,True,0.3414634146453551,0.1244018819749275,3.5686169137158434,True,True,2.723741537849959e+35,1.7909428744964777e+25,15208422203.950737,15208422203.950766,1.8812095764118963e-15,5.551115123125783e-17,5.551115123125783e-17
0.6,0.4,2,True,True,0.6987204279514002,0.10120569145755068,3.527420125989371,True,True,2.666666666666667,2.2899001317180447,1.1645340465856673,1.164534046585667,1.906724887744164e-16,0.0,5.551115123125783e-17
0.6,0.4,3,True,True,0.5296660663895457,0.10120569145755068,3.527420125989371,True,True,9.61111111111111,6.5324177242181936,1.4712946288598496,1.4712946288598494,1.5091783832385792e-16,5.551115123125783e-17,5.551115123125783e-17
0.6,0.4,4,True,True,0.4380200810648689,0.10120569145755068,3.527420125989371,True,True,38.546296296296305,19.008260944929038,2.02787074567069,2.0278707456706893,4.379857156065304e-16,2.7755575615628914e-17,5.551115123125783e-17
0.6,0.4,5,True,True,0.3869674593272991,0.10120569145755068,3.527420125989371,True,True,159.10956790123456,53.2876847987339,2.9858600256736048,2.9858600256736048,0.0,1.1102230246251565e-16,2.7755575615628914e-17
0.6,0.4,6,True,True,0.35771617104371534,0.10120569145755068,3.527420125989371,True,True,661.4565329218108,143.786790096538,4.60025940128235,4.600259401282348,3.86142755103132e-16,5.551115123125783e-17,5.551115123125783e-17
0.6,0.4,7,True,True,0.34065475425944663,0.10120569145755068,3.527420125989371,True,True,2754.5688871742113,377.26514717043926,7.301413628674699,7.301413628674698,1.216447204431755e-16,1.1102230246251565e-16,1.1102230246251565e-16
0.6,0.4,8,True,True,0.3305975062595037,0.10120569145755068,3.527420125989371,True,True,11475.870363225882,971.7282148759853,11.809753167134769,11.809753167134765,3.008287835081354e-16,5.551115123125783e-17,6.938893903907228e-18
0.6,0.4,9,True,True,0.3246310733171206,0.10120569145755068,3.527420125989371,True,True,47814.62651344119,2473.8916982093015,19.32769593270848,19.32769593270847,5.5144395242500765e-16,8.673617379884035e-19,2.7755575615628914e-17
0.6,0.4,10,True,True,0.321077440013694,0.10120569145755068,3.527420125989371,True,True,199226.11047267157,6253.133750288928,31.860202968386254,31.860202968386233,6.690566941445542e-16,5.551115123125783e-17,6.938893903907228e-18
0.6,0.4,11,True,True,0.3189555263821906,0.10120569145755068,3.527420125989371,True,True,830107.2936361318,15736.806408471308,52.74941256119636,52.749412561196316,8.082092686083771e-16,3.469446951953614e-18,5.551115123125783e-17
0.6,0.4,12,True,True,0.31768643125078283,0.10120569145755068,3.527420125989371,True,True,3458778.890150549,39499.16254720348,87.56587904913515,87.5658790491351,4.868627438969003e-16,2.7755575615628914e-17,5.551115123125783e-17
0.6,0.4,13,True,True,0.31692658261761897,0.10120569145755068,3.527420125989371,True,True,14411577.20896062,98984.6495149177,145.59406210544486,145.59406210544475,7.80848037877257e-16,1.1102230246251565e-16,1.3877787807814457e-17
0.6,0.4,14,True,True,0.31647131376247484,0.10120569145755068,3.527420125989371,True,True,60048236.87066925,247817.61058973224,242.30819080117953,242.3081908011794,5.864785118577524e-16,2.7755575615628914e-17,5.551115123125783e-17
0.6,0.4,15,True,True,0.31619840784860326,0.10120569145755068,3.527420125989371,True,True,250200985.46112195,620078.7415426846,403.4987312073474,403.498731207347,9.861342830869623e-16,1.3877787807814457e-17,2.7755575615628914e-17
0.6,0.4,16,True,True,0.31603476628497734,0.10120569145755068,3.527420125989371,True,True,1042504104.5880078,1550999.537481673,672.1498487876411,672.1498487876406,6.765565025517654e-16,5.551115123125783e-17,1.1102230246251565e-16
0.6,0.4,17,True,True,0.31593662209874784,0.10120569145755068,3.527420125989371,True,True,4343767100.950033,3878703.3686589883,1119.901855875056,1119.9018558750554,6.090900044064206e-16,1.3877787807814457e-17,1.1102230246251565e-16
0.6,0.4,18,True,True,0.31587775187773554,0.10120569145755068,3.527420125989371,True,True,18099029585.791805,9698565.608301455,1866.1552972637521,1866.15529726375,1.0965663372118966e-15,1.3877787807814457e-17,1.1102230246251565e-16
0.6,0.4,19,True,True,0.3158424362590074,0.10120569145755068,3.527420125989371,True,True,75412623272.63254,24249125.10977285,3109.9110970498414,3109.911097049838,1.0235763521423376e-15,1.1102230246251565e-16,1.1102230246251565e-16
0.6,0.4,20,True,True,0.3158212494927439,0.10120569145755068,3.527420125989371,True,True,314219263634.4689,60626879.63590881,5182.837472776008,5182.837472776004,8.774100157975719e-16,2.7755575615628914e-17,2.7755575615628914e-17
0.6,0.4,21,True,True,0.3158085384748364,0.10120569145755068,3.527420125989371,True,True,1309246931808.7869,151573299.53701225,8637.714794148726,8637.714794148718,8.423475175531656e-16,1.1102230246251565e-16,1.1102230246251565e-16
0.6,0.4,22,True,True,0.315800912280799,0.10120569145755068,3.527420125989371,True,True,5455195549201.78,378942399.602828,14395.843682098932,14395.843682098912,1.3899069676538144e-15,1.3877787807814457e-17,5.551115123125783e-17
0.6,0.4,23,True,True,0.3157963367310513,0.10120569145755068,3.527420125989371,True,True,22729981455005.918,947369725.1779541,23992.725174679097,23992.725174679068,1.2130272924331533e-15,8.673617379884035e-19,1.3877787807814457e-17
0.6,0.4,24,True,True,0.31579359146787056,0.10120569145755068,3.527420125989371,True,True,94708256062523.16,2368444902.1785693,39987.52767075458,39987.52767075452,1.4556454050555983e-15,2.7755575615628914e-17,5.551115123125783e-17
0.6,0.4,25,True,True,0.315791944336629,0.10120569145755068,3.527420125989371,True,True,394617733593845.0,5921143139.226546,66645.53183650822,66645.53183650812,1.5284356473957592e-15,1.3877787807814457e-17,6.938893903907228e-18
0.6,0.4,26,True,True,0.3157909560685506,0.10120569145755068,3.527420125989371,True,True,1644240556641019.5,14802904173.623178,111075.53878318277,111075.53878318262,1.3100917976884108e-15,1.3877787807814457e-17,1.1102230246251565e-16
0.6,0.4,27,True,True,0.3157903631119703,0.10120569145755068,3.527420125989371,True,True,6851002319337580.0,37007329922.241104,185125.55036347496,185125.5503634747,1.4149017982462297e-15,8.673617379884035e-19,5.551115123125783e-17
0.6,0.4,28,True,True,0.31579000733972856,0.10120569145755068,3.527420125989371,True,True,2.854584299723991e+16,92518429037.69069,308542.2363322959,308542.2363322955,1.3205764994697522e-15,1.1102230246251565e-16,5.551115123125783e-17
0.6,0.4,29,True,True,0.31578979387706624,0.10120569145755068,3.527420125989371,True,True,1.1894101248849963e+17,231296228942.14038,514236.7129481094,514236.71294810856,1.5846928705589632e-15,5.551115123125783e-17,5.551115123125783e-17
0.6,0.4,30,True,True,0.31578966579974194,0.10120569145755068,3.527420125989371,True,True,4.955875520354153e+17,578240806876.9751,857060.8406418732,857060.8406418717,1.765801343364066e-15,5.551115123125783e-17,2.7755575615628914e-17
0.6,0.4,31,True,True,0.3157895889534566,0.10120569145755068,3.527420125989371,True,True,2.064948133480897e+18,1445602368974.6023,1428434.3867986398,1428434.3867986375,1.6299708674451783e-15,5.551115123125783e-17,6.938893903907228e-18
0.6,0.4,32,True,True,0.315789542845729,0.10120569145755068,3.527420125989371,True,True,8.603950556170404e+18,3614006450109.4585,2380723.6303935796,2380723.6303935763,1.369175728564218e-15,5.551115123125783e-17,5.551115123125783e-17
0.6,0.4,33,True,True,0.31578951518111,0.10120569145755068,3.527420125989371,True,True,3.5849793984043356e+19,9035016916782.756,3967872.369718702,3967872.369718694,1.9950848078293396e-15,5.551115123125783e-17,6.938893903907228e-18
0.6,0.4,34,True,True,0.31578949858234556,0.10120569145755068,3.527420125989371,True,True,1.4937414160018067e+20,22587543479220.23,6613120.26859405,6613120.268594037,1.9716133254882894e-15,5.551115123125783e-17,2.7755575615628914e-17
0.6,0.4,35,True,True,0.31578948862308975,0.10120569145755068,3.527420125989371,True,True,6.223922566674194e+20,56468860478945.23,11021866.766719727,11021866.766719708,1.6899543322871351e-15,5.551115123125783e-17,2.7755575615628914e-17
0.6,0.4,36,True,True,0.3157894826475373,0.10120569145755068,3.527420125989371,True,True,2.5933010694475806e+21,141172153868704.7,18369777.596929252,18369777.596929222,1.6223561896948174e-15,5.551115123125783e-17,5.551115123125783e-17
0.6,0.4,37,True,True,0.31578947906220634,0.10120569145755068,3.527420125989371,True,True,1.0805421122698254e+22,352930388678773.7,30616295.647278517,30616295.647278454,2.0685041653457534e-15,5.551115123125783e-17,3.469446951953614e-18
0.6,0.4,38,True,True,0.3157894769110079,0.10120569145755068,3.527420125989371,True,True,4.502258801124273e+22,882325977707451.8,51027159.064527325,51027159.064527206,2.3361929555990614e-15,5.551115123125783e-17,5.551115123125783e-17
0.6,0.4,39,True,True,0.3157894756202889,0.10120569145755068,3.527420125989371,True,True,1.8759411671351136e+23,2205814953284405.5,85045264.759942,85045264.75994182,2.1025736686329556e-15,5.551115123125783e-17,5.551115123125783e-17
0.6,0.4,40,True,True,0.31578947484585757,0.10120569145755068,3.527420125989371,True,True,7.816421529729641e+23,5514537396734678.0,141742107.58563316,141742107.58563286,2.1025736737892353e-15,5.551115123125783e-17,6.938893903907228e-18
0.6,0.4,41,True,True,0.31578947438119875,0.10120569145755068,3.527420125989371,True,True,3.256842304054017e+24,1.378634351212219e+16,236236845.62845173,236236845.62845126,2.0184707298076833e-15,5.551115123125783e-17,5.551115123125783e-17
0.6,0.4,42,True,True,0.31578947410240343,0.10120569145755068,3.527420125989371,True,True,1.3570176266891738e+25,3.4465858810733716e+16,393728075.6998161,393728075.6998152,2.2707795730384053e-15,5.551115123125783e-17,1.734723475976807e-18
0.6,0.4,43,True,True,0.3157894739351263,0.10120569145755068,3.527420125989371,True,True,5.654240111204891e+25,8.616464707247664e+16,656213459.1520901,656213459.1520885,2.361610757210913e-15,5.551115123125783e-17,2.0816681711721685e-17
0.6,0.4,44,True,True,0.31578947383476,0.10120569145755068,3.527420125989371,True,True,2.355933379668705e+26,2.1541161774965514e+17,1093689098.2392135,1093689098.2392108,2.397943231160903e-15,5.551115123125783e-17,1.3877787807814457e-17
0.6,0.4,45,True,True,0.31578947377454025,0.10120569145755068,3.527420125989371,True,True,9.816389081952937e+26,5.3852904447683315e+17,1822815163.384419,1822815163.3844147,2.3543442637705776e-15,5.551115123125783e-17,1.3877787807814457e-17
0.6,0.4,46,True,True,0.3157894737384084,0.10120569145755068,3.527420125989371,True,True,4.0901621174803906e+27,1.3463226113461256e+18,3038025271.9597626,3038025271.9597545,2.6682568325786166e-15,5.551115123125783e-17,1.3877787807814457e-17
0.6,0.4,47,True,True,0.3157894737167293,0.10120569145755068,3.527420125989371,True,True,1.7042342156168295e+28,3.365806528596378e+18,5063375452.918668,5063375452.918654,2.6368655759057727e-15,5.551115123125783e-17,1.3877787807814457e-17
0.6,0.4,48,True,True,0.3157894737037218,0.10120569145755068,3.527420125989371,True,True,7.100975898403456e+28,8.414516321837541e+18,8438959087.850177,8438959087.850154,2.71220459247194e-15,5.551115123125783e-17,1.3877787807814457e-17
0.6,0.4,49,True,True,0.31578947369591726,0.10120569145755068,3.527420125989371,True,True,2.9587399576681066e+29,2.103629080511375e+19,14064931812.736023,14064931812.735987,2.576594362912021e-15,5.551115123125783e-17,1.3877787807814457e-17
0.6,0.5,2,True,True,0.7058571878709781,0.07730112232253308,3.789963311895616,True,True,2.3333333333333335,1.9834040427111195,1.17642864645163,1.1764286464516303,1.8874464303021446e-16,5.551115123125783e-17,5.551115123125783e-17
0.6,0.5,3,True,True,0.5290592545181464,0.07730112232253308,3.789963311895616,True,True,6.777777777777778,4.61195977418879,1.4696090403281843,1.4696090403281845,1.5109093563785208e-16,0.0,1.1102230246251565e-16
0.6,0.5,4,True,True,0.4266299512703259,0.07730112232253308,3.789963311895616,True,True,21.592592592592595,10.932190733708579,1.9751386632885464,1.9751386632885457,3.372592654664566e-16,1.1102230246251565e-16,0.0
0.6,0.5,5,True,True,0.36784814175967434,0.07730112232253308,3.789963311895616,True,True,70.97530864197532,25.005971094478376,2.838334427157981,2.8383344271579816,1.5646119978001614e-16,5.551115123125783e-17,5.551115123125783e-17
0.6,0.5,6,True,True,0.33388967249141027,0.07730112232253308,3.789963311895616,True,True,235.58436213991777,54.86554844091886,4.293848668871018,4.293848668871018,0.0,1.3877787807814457e-17,5.551115123125783e-17
0.6,0.5,7,True,True,0.3141070682155132,0.07730112232253308,3.789963311895616,True,True,784.2812071330591,116.49347532317901,6.732404582808498,6.732404582808498,0.0,1.1102230246251565e-16,1.3877787807814457e-17
0.6,0.5,8,True,True,0.30250688363975003,0.07730112232253308,3.789963311895616,True,True,2613.270690443531,241.82872640716104,10.806287281369674,10.806287281369674,0.0,6.938893903907228e-18,2.7755575615628914e-17
0.6,0.5,9,True,True,0.2956723598167384,0.07730112232253308,3.789963311895616,True,True,8709.902301478438,494.78048178285684,17.603568900078262,17.603568900078262,0.0,1.1102230246251565e-16,6.938893903907228e-18
0.6,0.5,10,True,True,0.29163159933565724,0.07730112232253308,3.789963311895616,True,True,29032.007671594787,1003.2374689522451,28.938320756615138,28.938320756615138,0.0,2.7755575615628914e-17,5.551115123125783e-17
0.6,0.5,11,True,True,0.2892362657623382,0.07730112232253308,3.789963311895616,True,True,96772.35890531595,2023.0708172370285,47.83439021550467,47.83439021550467,0.0,1.1102230246251565e-16,5.551115123125783e-17
0.6,0.5,12,True,True,0.28781337441757004,0.07730112232253308,3.789963311895616,True,True,322573.52968438657,4066.132338354593,79.33178333662393,79.33178333662393,0.0,1.734723475976807e-18,1.1102230246251565e-16
0.6,0.5,13,True,True,0.2869667199185541,0.07730112232253308,3.789963311895616,True,True,1075244.0989479553,8156.250181702036,131.83069118701002,131.83069118701,2.1559250865252656e-16,2.7755575615628914e-17,5.551115123125783e-17
0.6,0.5,14,True,True,0.2864622456982865,0.07730112232253308,3.789963311895616,True,True,3584145.996493185,16341.222926169667,219.33156488265948,219.33156488265948,0.0,1.1102230246251565e-16,5.551115123125783e-17
0.6,0.5,15,True,True,0.28616131406543294,0.07730112232253308,3.789963311895616,True,True,11947152.321643949,32716.812475886854,365.1685912388107,365.1685912388107,0.0,1.734723475976807e-18,2.7755575615628914e-17
0.6,0.5,16,True,True,0.28598162967814605,0.07730112232253308,3.789963311895616,True,True,39823840.07214649,65474.73574142709,608.2321619352364,608.2321619352363,1.8691355840160462e-16,1.1102230246251565e-16,5.551115123125783e-17
0.6,0.5,17,True,True,0.28587425579680553,0.07730112232253308,3.789963311895616,True,True,132746132.57382163,130998.65489344996,1013.3396612491405,1013.3396612491405,0.0,8.673617379884035e-19,6.938893903907228e-18
0.6,0.5,18,True,True,0.28581004968309864,0.07730112232253308,3.789963311895616,True,True,442487107.5794055,262056.16586916553,1688.52011595225,1688.5201159522503,1.3465855295126492e-16,5.551115123125783e-17,2.7755575615628914e-17
0.6,0.5,19,True,True,0.2857716350751067,0.07730112232253308,3.789963311895616,True,True,1474957024.2646852,524182.7847355371,2813.821947641483,2813.821947641483,0.0,6.938893903907228e-18,5.551115123125783e-17
0.6,0.5,20,True,True,0.2857486408264395,0.07730112232253308,3.789963311895616,True,True,4916523413.215617,1048449.9314389661,4689.325895102913,4689.325895102913,0.0,1.3877787807814457e-17,5.551115123125783e-17
0.6,0.5,21,True,True,0.2857348715311594,0.07730112232253308,3.789963311895616,True,True,16388411376.385393,2097000.910386305,7815.166552963658,7815.16655296366,2.3275120129795073e-16,1.1102230246251565e-16,1.3877787807814457e-17
0.6,0.5,22,True,True,0.2857266235797212,0.07730112232253308,3.789963311895616,True,True,54628037920.28463,4194122.887199598,13024.901603863016,13024.901603863018,1.3965475201796286e-16,1.1102230246251565e-16,2.7755575615628914e-17
0.6,0.5,23,True,True,0.28572168162135786,0.07730112232253308,3.789963311895616,True,True,182093459733.28217,8388390.860862224,21707.79387294373,21707.79387294373,0.0,1.1102230246251565e-16,2.7755575615628914e-17
0.6,0.5,24,True,True,0.2857187198524806,0.07730112232253308,3.789963311895616,True,True,606978199109.9406,16776955.63032271,36179.28141938259,36179.2814193826,2.0110840593659283e-16,1.3877787807814457e-17,5.551115123125783e-17
0.6,0.5,25,True,True,0.2857169444941923,0.07730112232253308,3.789963311895616,True,True,2023260663698.802,33554119.754439257,60298.4276895275,60298.4276895275,0.0,2.7755575615628914e-17,1.1102230246251565e-16
0.6,0.5,26,True,True,0.28571588013072863,0.07730112232253308,3.789963311895616,True,True,6744202212328.34,67108489.50392734,100497.00510594346,100497.00510594348,1.4479949141794116e-16,2.7755575615628914e-17,2.7755575615628914e-17
0.6,0.5,27,True,True,0.2857152419384021,0.07730112232253308,3.789963311895616,True,True,22480674041093.465,134217278.80370665,167494.63438289156,167494.63438289153,1.7375977782191254e-16,1.1102230246251565e-16,5.551115123125783e-17
0.6,0.5,28,True,True,0.2857148592358813,0.07730112232253308,3.789963311895616,True,True,74935580136977.22,268434917.16372454,279157.35005246097,279157.35005246097,0.0,6.938893903907228e-18,5.551115123125783e-17
0.6,0.5,29,True,True,0.28571462972080613,0.07730112232253308,3.789963311895616,True,True,249785267123256.47,536870265.5959491,465261.8763417342,465261.8763417342,0.0,1.1102230246251565e-16,5.551115123125783e-17
0.6,0.5,30,True,True,0.2857144920649794,0.07730112232253308,3.789963311895616,True,True,832617557077520.4,1073741048.5147648,775436.0869682921,775436.0869682921,0.0,1.3877787807814457e-17,5.551115123125783e-17
0.6,0.5,31,True,True,0.28571440949809274,0.07730112232253308,3.789963311895616,True,True,2775391856925067.0,2147482717.6174483,1292393.104799586,1292393.1047995863,1.8015466253201272e-16,1.3877787807814457e-17,5.551115123125783e-17
0.6,0.5,32,True,True,0.2857143599712653,0.07730112232253308,3.789963311895616,True,True,9251306189750222.0,4294966179.740744,2153988.134618712,2153988.1346187126,2.1618563251285882e-16,5.551115123125783e-17,5.551115123125783e-17
0.6,0.5,33,True,True,0.28571433026182114,0.07730112232253308,3.789963311895616,True,True,3.0837687299167412e+16,8589933252.688754,3589979.8510675086,3589979.851067508,1.2971139299549866e-16,2.7755575615628914e-17,5.551115123125783e-17
0.6,0.5,34,True,True,0.28571431243948087,0.07730112232253308,3.789963311895616,True,True,1.0279229099722472e+17,17179867577.026403,5983299.378551825,5983299.378551824,1.556536813039919e-16,5.551115123125783e-17,5.551115123125783e-17
0.6,0.5,35,True,True,0.28571430174773976,0.07730112232253308,3.789963311895616,True,True,3.4264096999074906e+17,34359736439.831608,9972165.257750396,9972165.257750396,0.0,5.551115123125783e-17,2.7755575615628914e-17
0.6,0.5,36,True,True,0.2857142953335266,0.07730112232253308,3.789963311895616,True,True,1.1421365666358303e+18,68719474422.39788,16620275.056463053,16620275.056463052,1.1207065724863792e-16,5.551115123125783e-17,1.3877787807814457e-17
0.6,0.5,37,True,True,0.2857142914854145,0.07730112232253308,3.789963311895616,True,True,3.807121888786101e+18,137438950695.87743,27700458.054357793,27700458.05435779,1.3448479050965938e-16,5.551115123125783e-17,6.938893903907228e-18
0.6,0.5,38,True,True,0.28571428917675507,0.07730112232253308,3.789963311895616,True,True,1.269040629595367e+19,274877903612.8529,46167429.71754927,46167429.717549264,1.613817499156055e-16,5.551115123125783e-17,5.551115123125783e-17
0.6,0.5,39,True,True,0.2857142877916634,0.07730112232253308,3.789963311895616,True,True,4.2301354319845564e+19,549755809890.8235,76945715.8228964,76945715.8228964,0.0,5.551115123125783e-17,2.7755575615628914e-17
0.6,0.5,40,True,True,0.28571428696066037,0.07730112232253308,3.789963311895616,True,True,1.4100451439948523e+20,1099511622979.5881,128242859.33183165,128242859.33183165,0.0,5.551115123125783e-17,5.551115123125783e-17
0.6,0.5,41,True,True,0.2857142864620845,0.07730112232253308,3.789963311895616,True,True,4.700150479982841e+20,2199023249796.5059,213738098.5134098,213738098.5134098,0.0,5.551115123125783e-17,2.7755575615628914e-17
0.6,0.5,42,True,True,0.28571428616295197,0.07730112232253308,3.789963311895616,True,True,1.566716826660947e+21,4398046504197.6074,356230163.81605625,356230163.81605625,0.0,5.551115123125783e-17,5.551115123125783e-17
0.6,0.5,43,True,True,0.28571428598347903,0.07730112232253308,3.789963311895616,True,True,5.222389422203157e+21,8796093013920.528,593716939.3204806,593716939.3204806,0.0,5.551115123125783e-17,5.551115123125783e-17
0.6,0.5,44,True,True,0.2857142858757985,0.07730112232253308,3.789963311895616,True,True,1.7407964740677192e+22,17592186034471.232,989528231.8278657,989528231.8278657,0.0,5.551115123125783e-17,2.7755575615628914e-17
0.6,0.5,45,True,True,0.28571428581119174,0.07730112232253308,3.789963311895616,True,True,5.802654913559064e+22,35184372076898.48,1649213719.3401835,1649213719.3401835,0.0,5.551115123125783e-17,1.3877787807814457e-17
0.6,0.5,46,True,True,0.2857142857724285,0.07730112232253308,3.789963311895616,True,True,1.934218304519688e+23,70368744163343.984,2748689531.8607206,2748689531.860721,1.734779983974148e-16,5.551115123125783e-17,5.551115123125783e-17
0.6,0.5,47,True,True,0.285714285749171,0.07730112232253308,3.789963311895616,True,True,6.447394348398961e+23,140737488338144.17,4581149219.394958,4581149219.394958,0.0,5.551115123125783e-17,2.7755575615628914e-17
0.6,0.5,48,True,True,0.28571428573521673,0.07730112232253308,3.789963311895616,True,True,2.1491314494663205e+24,281474976690035.6,7635248698.6186905,7635248698.61869,1.2490415886240633e-16,5.551115123125783e-17,5.551115123125783e-17
0.6,0.5,49,True,True,0.28571428572684426,0.07730112232253308,3.789963311895616,True,True,7.163771498221068e+24,562949953396567.75,12725414497.324915,12725414497.324917,1.4988499063927976e-16,5.551115123125783e-17,2.7755575615628914e-17
0.6,0.6,2,True,True,0.7136548656804872,0.053875180349389304,4.390750961136649,True,True,2.111111111111111,1.7749009045974478,1.1894247761341452,1.1894247761341454,1.8668234375167306e-16,0.0,5.551115123125783e-17
0.6,0.6,3,True,True,0.5331537080257137,0.053875180349389304,4.390750961136649,True,True,5.197530864197531,3.5095153291531984,1.4809825222936495,1.4809825222936495,0.0,2.7755575615628914e-17,1.1102230246251565e-16
0.6,0.6,4,True,True,0.4205742998211588,0.053875180349389304,4.390750961136649,True,True,13.770919067215367,7.072516128026313,1.947103239912772,1.9471032399127723,2.2807686862559853e-16,2.7755575615628914e-17,2.7755575615628914e-17
0.6,0.6,5,True,True,0.35219674955764957,0.053875180349389304,4.390750961136649,True,True,37.585886297820466,13.830709313233445,2.717567512018902,2.7175675120189013,1.6341423272319935e-16,5.551115123125783e-17,5.551115123125783e-17
0.6,0.6,6,True,True,0.31116629478114444,0.053875180349389304,4.390750961136649,True,True,103.7385730495013,25.92411702560156,4.00162416128015,4.001624161280151,2.219544824559411e-16,1.1102230246251565e-16,1.1102230246251565e-16
0.6,0.6,7,True,True,0.2866229894421016,0.053875180349389304,4.390750961136649,True,True,287.4960362486147,46.79811306596154,6.143325390991545,6.1433253909915475,4.3372849222793866e-16,1.1102230246251565e-16,2.7755575615628914e-17
0.6,0.6,8,True,True,0.27194133170246176,0.053875180349389304,4.390750961136649,True,True,797.9334340239297,82.13914831869623,9.714410854711856,9.714410854711856,0.0,2.7755575615628914e-17,2.7755575615628914e-17
0.6,0.6,9,True,True,0.2631520740965294,0.053875180349389304,4.390750961136649,True,True,2215.815094510916,141.42843063501172,15.667395053186523,15.667395053186532,5.668960389937203e-16,5.551115123125783e-17,8.326672684688674e-17
0.6,0.6,10,True,True,0.257886439925088,0.053875180349389304,4.390750961136649,True,True,6154.375262530321,240.5009080109725,25.589821316805743,25.58982131680575,2.776661575567397e-16,1.1102230246251565e-16,2.7755575615628914e-17
0.6,0.6,11,True,True,0.25473008617416093,0.053875180349389304,4.390750961136649,True,True,17094.82017369534,405.78575575257844,42.127698992269806,42.127698992269835,6.746561077456239e-16,1.1102230246251565e-16,5.551115123125783e-17
0.6,0.6,12,True,True,0.25283740132427496,0.053875180349389304,4.390750961136649,True,True,47484.94492693151,681.3627308927288,69.69113920380738,69.6911392038074,2.0391193023324306e-16,5.551115123125783e-17,5.551115123125783e-17
0.6,0.6,13,True,True,0.25170220441876395,0.053875180349389304,4.390750961136649,True,True,131901.9581303653,1140.7204525880836,115.63039641404181,115.63039641404185,3.6869686058110603e-16,1.1102230246251565e-16,8.326672684688674e-17
0.6,0.6,14,True,True,0.251021237072765,0.053875180349389304,4.390750961136649,True,True,366393.6614732369,1906.3548398164714,192.19594055664388,192.19594055664396,4.4363646830554516e-16,2.7755575615628914e-17,2.7755575615628914e-17
0.6,0.6,15,True,True,0.2506127113310827,0.053875180349389304,4.390750961136649,True,True,1017759.504092325,3182.435254993495,319.80525055313507,319.8052505531352,3.5548771486704257e-16,5.551115123125783e-17,1.1102230246251565e-16
0.6,0.6,16,True,True,0.25036761564759624,0.053875180349389304,4.390750961136649,True,True,2827109.0669231247,5309.249878773934,532.4874759098717,532.487475909872,6.405042908888535e-16,2.7755575615628914e-17,2.7755575615628914e-17
0.6,0.6,17,True,True,0.25022056536931386,0.053875180349389304,4.390750961136649,True,True,7853080.074786458,8853.9493028187,886.957876784588,886.9578767845883,2.5635228165232626e-16,2.7755575615628914e-17,2.7755575615628914e-17
0.6,0.6,18,True,True,0.25013233777360994,0.053875180349389304,4.390750961136649,True,True,21814110.652184606,14761.78671601866,1477.7418934330735,1477.7418934330744,6.154624876066819e-16,2.7755575615628914e-17,2.7755575615628914e-17
0.6,0.6,19,True,True,0.25007940214266683,0.053875180349389304,4.390750961136649,True,True,60594751.144957244,24608.185431859507,2462.3819303030355,2462.3819303030373,7.387113189715454e-16,2.7755575615628914e-17,2.7755575615628914e-17
0.6,0.6,20,True,True,0.25004764109781147,0.053875180349389304,4.390750961136649,True,True,168318752.51377016,41018.85177575455,4103.448663896051,4103.448663896054,8.86566180076834e-16,1.1102230246251565e-16,1.1102230246251565e-16
0.6,0.6,21,True,True,0.2500285845910723,0.053875180349389304,4.390750961136649,True,True,467552089.64936155,68369.96343983753,6838.559889837972,6838.559889837975,3.9898518829575247e-16,2.7755575615628914e-17,5.551115123125783e-17
0.6,0.6,22,True,True,0.2500171507302999,0.053875180349389304,4.390750961136649,True,True,1298755803.914893,113955.15020135151,11397.07860171369,11397.0786017137,7.980068696167225e-16,2.7755575615628914e-17,5.551115123125783e-17
0.6,0.6,23,True,True,0.25001029042941586,0.053875180349389304,4.390750961136649,True,True,3607655010.2080364,189930.46186342245,18994.609789356873,18994.609789356888,7.661076163049489e-16,1.1102230246251565e-16,8.326672684688674e-17
0.6,0.6,24,True,True,0.2500061742544943,0.053875180349389304,4.390750961136649,True,True,10021263916.577877,316555.9815359561,31657.16176947239,31657.16176947243,1.264098379046687e-15,5.551115123125783e-17,2.7755575615628914e-17
0.6,0.6,25,True,True,0.2500037045515606,0.053875180349389304,4.390750961136649,True,True,27836844212.049664,527598.5144649683,52761.41507009111,52761.41507009115,6.895150181735693e-16,2.7755575615628914e-17,2.7755575615628914e-17
0.6,0.6,26,True,True,0.2500022227305275,0.053875180349389304,4.390750961136649,True,True,77324567255.02686,879336.0694315318,87935.17057137802,87935.17057137811,9.92907511327669e-16,5.551115123125783e-17,2.7755575615628914e-17
0.6,0.6,27,True,True,0.25000133363816923,0.053875180349389304,4.390750961136649,True,True,214790464596.63016,1465565.3277600645,146558.0964070096,146558.0964070097,5.957466254728532e-16,2.7755575615628914e-17,8.326672684688674e-17
0.6,0.6,28,True,True,0.2500008001828486,0.053875180349389304,4.390750961136649,True,True,596640179434.4172,2442614.0916715087,244262.972799821,244262.9727998212,8.340470553598579e-16,1.1102230246251565e-16,2.7755575615628914e-17
0.6,0.6,29,True,True,0.25000048010969006,0.053875180349389304,4.390750961136649,True,True,1657333831761.603,4071028.6982089165,407104.43345456175,407104.43345456215,1.0008577478185305e-15,2.7755575615628914e-17,8.326672684688674e-17
0.6,0.6,30,True,True,0.2500002880658072,0.053875180349389304,4.390750961136649,True,True,4603705088226.009,6785053.0424489295,678506.867879163,678506.8678791638,1.2010302199824919e-15,2.7755575615628914e-17,8.326672684688674e-17
0.6,0.6,31,True,True,0.25000017283948184,0.053875180349389304,4.390750961136649,True,True,12788069689516.025,11308426.94952222,1130844.2585868514,1130844.2585868528,1.235345938501685e-15,1.3877787807814457e-17,2.7755575615628914e-17
0.6,0.6,32,True,True,0.2500001037036882,0.053875180349389304,4.390750961136649,True,True,35522415804210.51,18847383.46131499,1884739.9097663444,1884739.9097663464,1.1118116521152277e-15,5.551115123125783e-17,2.7755575615628914e-17
0.6,0.6,33,True,True,0.2500000622222126,0.053875180349389304,4.390750961136649,True,True,98673377233917.42,31412310.980971996,3141232.6617321726,3141232.6617321763,1.185932625699769e-15,1.1102230246251565e-16,5.551115123125783e-17
0.6,0.6,34,True,True,0.25000003733332754,0.053875180349389304,4.390750961136649,True,True,274092714538658.9,52353856.84706844,5235387.248341891,5235387.248341899,1.6010092040839847e-15,1.1102230246251565e-16,8.326672684688674e-17
0.6,0.6,35,True,True,0.25000002239999647,0.053875180349389304,4.390750961136649,True,True,761368651496274.0,87256433.29056333,8725644.892691426,8725644.892691437,1.2808074397740622e-15,2.7755575615628914e-17,1.1102230246251565e-16
0.6,0.6,36,True,True,0.25000001343999784,0.053875180349389304,4.390750961136649,True,True,2114912920822983.2,145427394.02972203,14542740.96660732,14542740.966607334,1.0246459885425532e-15,5.551115123125783e-17,8.326672684688674e-17
0.6,0.6,37,True,True,0.2500000080639987,0.053875180349389304,4.390750961136649,True,True,5874758113397174.0,242378995.26165357,24237901.089800462,24237901.089800496,1.3832721142783241e-15,5.551115123125783e-17,8.326672684688674e-17
0.6,0.6,38,True,True,0.25000000483839924,0.053875180349389304,4.390750961136649,True,True,1.6318772537214372e+16,403964997.3148728,40396501.29512239,40396501.295122445,1.2910539899841273e-15,3.469446951953614e-18,2.7755575615628914e-17
0.6,0.6,39,True,True,0.2500000029030396,0.053875180349389304,4.390750961136649,True,True,4.532992371448437e+16,673275000.736905,67327501.6373256,67327501.63732569,1.3279412571209922e-15,2.7755575615628914e-17,5.551115123125783e-17
0.6,0.6,40,True,True,0.25000000174182374,0.053875180349389304,4.390750961136649,True,True,1.2591645476245658e+17,1122125006.4402924,112212502.20766425,112212502.20766443,1.5935295159469172e-15,2.7755575615628914e-17,8.326672684688674e-17
0.6,0.6,41,True,True,0.2500000010450943,0.053875180349389304,4.390750961136649,True,True,3.497679298957128e+17,1870208349.2792711,187020836.49156207,187020836.49156234,1.4341765683491579e-15,2.7755575615628914e-17,2.7755575615628914e-17
0.6,0.6,42,True,True,0.2500000006270566,0.053875180349389304,4.390750961136649,True,True,9.715775830436466e+17,3117013920.6775694,311701393.6313917,311701393.6313922,1.5297883421304716e-15,2.7755575615628914e-17,2.7755575615628914e-17
0.6,0.6,43,True,True,0.250000000376234,0.053875180349389304,4.390750961136649,True,True,2.6988266195656847e+18,5195023206.3414,519502322.19777435,519502322.1977753,1.8357460123983523e-15,2.7755575615628914e-17,2.7755575615628914e-17
0.6,0.6,44,True,True,0.25000000022574037,0.053875180349389304,4.390750961136649,True,True,7.49674060990468e+18,8658372015.781116,865837203.1417456,865837203.141747,1.652171412153082e-15,2.7755575615628914e-17,2.7755575615628914e-17
0.6,0.6,45,True,True,0.2500000001354442,0.053875180349389304,4.390750961136649,True,True,2.0824279471957447e+19,14430620031.51398,1443062004.715031,1443062004.7150333,1.6521714127498207e-15,2.7755575615628914e-17,2.7755575615628914e-17
0.6,0.6,46,True,True,0.25000000008126655,0.053875180349389304,4.390750961136649,True,True,5.784522075543735e+19,24051033391.068752,2405103340.670506,2405103340.670511,1.9826056957294365e-15,2.7755575615628914e-17,5.551115123125783e-17
0.6,0.6,47,True,True,0.25000000004875994,0.053875180349389304,4.390750961136649,True,True,1.6068116876510377e+20,40085055656.99337,4008505567.2629657,4008505567.262973,1.784345126388505e-15,2.7755575615628914e-17,2.7755575615628914e-17
0.6,0.6,48,True,True,0.250000000029256,0.053875180349389304,4.390750961136649,True,True,4.46336579903066e+20,66808426100.20108,6680842611.58373,6680842611.583743,1.9984665417110375e-15,2.7755575615628914e-17,5.551115123125783e-17
0.6,0.6,49,True,True,0.25000000001755357,0.053875180349389304,4.390750961136649,True,True,1.2398238330640723e+21,111347376838.88058,11134737685.451672,11134737685.451694,2.0555655858561444e-15,2.7755575615628914e-17,1.0408340855860843e-17
0.6,0.7,2,True,True,0.7219163417968751,0.03255822980013137,5.5608029918878294,True,True,1.9523809523809526,1.622665264111967,1.203193902994792,1.203193902994792,0.0,5.551115123125783e-17,0.0
0.6,0.7,3,True,True,0.5421757765924398,0.03255822980013137,5.5608029918878294,True,True,4.219954648526078,2.802013182915357,1.5060438238678884,1.5060438238678884,0.0,5.551115123125783e-17,5.551115123125783e-17
0.6,0.7,4,True,True,0.42205276710257655,0.03255822980013137,5.5608029918878294,True,True,9.618939639347804,4.92282274646042,1.9539479958452617,1.953947995845262,1.1363895323579307e-16,5.551115123125783e-17,2.7755575615628914e-17
0.6,0.7,5,True,True,0.34345030564796697,0.03255822980013137,5.5608029918878294,True,True,22.47366580797096,8.480374135111147,2.6500795188886337,2.6500795188886346,3.3515161087415263e-16,5.551115123125783e-17,2.7755575615628914e-17
0.6,0.7,6,True,True,0.2931478066228339,0.03255822980013137,5.5608029918878294,True,True,53.08015668564514,14.079972255041483,3.769904920561135,3.769904920561136,3.5339555177743974e-16,5.551115123125783e-17,5.551115123125783e-17
0.6,0.7,7,True,True,0.26135556280857136,0.03255822980013137,5.5608029918878294,True,True,125.95275401344084,22.484509715813,5.601756747440228,5.601756747440231,6.342142008261859e-16,1.3877787807814457e-17,5.551115123125783e-17
0.6,0.7,8,True,True,0.2413608559491427,0.03255822980013137,5.5608029918878294,True,True,299.4589381272401,34.73195227698846,8.622001312769443,8.622001312769445,2.0602604603752637e-16,3.469446951953614e-18,4.163336342344337e-17
0.6,0.7,9,True,True,0.22879132357934903,0.03255822980013137,5.5608029918878294,True,True,712.5689003029527,52.31151720821955,13.621644684222405,13.621644684222412,5.216277125354054e-16,2.7755575615628914e-17,2.7755575615628914e-17
0.6,0.7,10,True,True,0.22087278532980892,0.03255822980013137,5.5608029918878294,True,True,1696.1640483403635,77.39036576995875,21.91699226984113,21.916992269841142,4.86295788453949e-16,5.551115123125783e-17,6.938893903907228e-17
0.6,0.7,11,True,True,0.21586607950613787,0.03255822980013137,5.5608029918878294,True,True,4038.057257953247,113.1098880454425,35.7003028447074,35.70030284470742,5.970896707942954e-16,5.551115123125783e-17,1.3877787807814457e-17
0.6,0.7,12,True,True,0.2126858812942756,0.03255822980013137,5.5608029918878294,True,True,9613.993471317253,163.99436138269877,58.62392700735575,58.62392700735578,4.848141515125355e-16,2.7755575615628914e-17,4.163336342344337e-17
0.6,0.7,13,True,True,0.2106552972625472,0.03255822980013137,5.5608029918878294,True,True,22890.032074564897,236.5315192064011,96.77370758605197,96.77370758605204,7.342311806419933e-16,1.1102230246251565e-16,2.7755575615628914e-17
0.6,0.7,14,True,True,0.20935144996877184,0.03255822980013137,5.5608029918878294,True,True,54499.64779658308,340.00396173855853,160.29121401382332,160.29121401382346,8.865647941238042e-16,1.3877787807814457e-17,1.1102230246251565e-16
0.6,0.7,15,True,True,0.20850932712020528,0.03255822980013137,5.5608029918878294,True,True,129760.6376109121,487.680049587467,266.0773958677986,266.0773958677988,8.545396150682533e-16,1.1102230246251565e-16,4.163336342344337e-17
0.6,0.7,16,True,True,0.2079621665391981,0.03255822980013137,5.5608029918878294,True,True,308953.47050217167,698.5178370671797,442.2986130166039,442.2986130166042,6.425909689510384e-16,2.7755575615628914e-17,2.7755575615628914e-17
0.6,0.7,17,True,True,0.20760452713416097,0.03255822980013137,5.5608029918878294,True,True,735603.0726242184,999.6010900061849,735.8966291439988,735.8966291439996,1.081412568742164e-15,5.551115123125783e-17,2.7755575615628914e-17
0.6,0.7,18,True,True,0.2073693864659852,0.03255822980013137,5.5608029918878294,True,True,1751435.4586290913,1429.6204494250396,1225.1052084023268,1225.1052084023281,1.113571343344882e-15,1.3877787807814457e-17,4.163336342344337e-17
0.6,0.7,19,True,True,0.20721390132150816,0.03255822980013137,5.5608029918878294,True,True,4170083.9967359314,2043.8471903245666,2040.3110450119877,2040.3110450119905,1.3372883080691012e-15,5.551115123125783e-17,1.1102230246251565e-16
0.6,0.7,20,True,True,0.2071105233226991,0.03255822980013137,5.5608029918878294,True,True,9928770.992228411,2921.2389662215514,3398.8219064018185,3398.821906401822,1.0703646461261854e-15,5.551115123125783e-17,4.163336342344337e-17
0.6,0.7,21,True,True,0.2070414320909428,0.03255822980013137,5.5608029918878294,True,True,23639930.505305737,4174.591074191901,5662.813455299177,5662.813455299184,1.2848662015123742e-15,5.551115123125783e-17,5.551115123125783e-17
0.6,0.7,22,True,True,0.20699503029202337,0.03255822980013137,5.5608029918878294,True,True,56285548.39358509,5965.03836413244,9435.907190811724,9435.907190811737,1.3494119396616945e-15,1.3877787807814457e-17,5.551115123125783e-17
0.6,0.7,23,True,True,0.2069637252287097,0.03255822980013137,5.5608029918878294,True,True,134013210.03234544,8522.772298544838,15724.13357273743,15724.13357273745,1.272495132812652e-15,5.551115123125783e-17,5.551115123125783e-17
0.6,0.7,24,True,True,0.20694251685621212,0.03255822980013137,5.5608029918878294,True,True,319079071.077013,12176.636768580103,26204.203766703988,26204.203766704028,1.5271506524024519e-15,1.1102230246251565e-16,5.551115123125783e-17
0.6,0.7,25,True,True,0.20692809381630822,0.03255822980013137,5.5608029918878294,True,True,759712073.5643166,17396.40783174834,43670.62906963164,43670.62906963171,1.499488785088002e-15,5.551115123125783e-17,6.938893903907228e-17
0.6,0.7,26,True,True,0.20691825123632013,0.03255822980013137,5.5608029918878294,True,True,1808838269.962659,24853.19332989387,72780.91977769937,72780.91977769947,1.3995894378595027e-15,2.7755575615628914e-17,2.7755575615628914e-17
0.6,0.7,27,True,True,0.20691151348562056,0.03255822980013137,5.5608029918878294,True,True,4306757785.196807,35505.718046994014,121297.58309623669,121297.58309623686,1.4396245851152473e-15,5.551115123125783e-17,6.938893903907228e-17
0.6,0.7,28,True,True,0.20690688825619188,0.03255822980013137,5.5608029918878294,True,True,10254185202.420969,50723.588208525936,202158.1194190316,202158.11941903192,1.583622443382956e-15,5.551115123125783e-17,5.551115123125783e-17
0.6,0.7,29,True,True,0.20690370529457439,0.03255822980013137,5.5608029918878294,True,True,24414726672.00231,72463.3836118404,336925.0158505293,336925.0158505299,1.7276146968941625e-15,2.7755575615628914e-17,8.326672684688674e-17
0.6,0.7,30,True,True,0.20690151003149426,0.03255822980013137,5.5608029918878294,True,True,58130301599.576935,103520.21780162232,561535.735086774,561535.735086775,1.865843669380195e-15,5.551115123125783e-17,5.551115123125783e-17
0.6,0.7,31,True,True,0.20689999302871123,0.03255822980013137,5.5608029918878294,True,True,138405479998.56412,147887.10973937123,935886.029840484,935886.0298404861,2.239028819825404e-15,1.1102230246251565e-16,2.7755575615628914e-17
0.6,0.7,32,True,True,0.2068989429332696,0.03255822980013137,5.5608029918878294,True,True,329536857139.0098,211268.37189400915,1559802.1331102725,1559802.1331102757,2.0897708382116463e-15,2.7755575615628914e-17,2.7755575615628914e-17
0.6,0.7,33,True,True,0.2068982149492142,0.03255822980013137,5.5608029918878294,True,True,784611564616.2615,301813.0217923062,2599661.074783562,2599661.0747835683,2.328609984478302e-15,5.551115123125783e-17,1.1102230246251565e-16
0.6,0.7,34,True,True,0.20689770960945789,0.03255822980013137,5.5608029918878294,True,True,1868122772895.4324,431162.5127985991,4332757.87537692,4332757.875376929,1.9345422506006344e-15,5.551115123125783e-17,5.551115123125783e-17
0.6,0.7,35,True,True,0.2068973584207962,0.03255822980013137,5.5608029918878294,True,True,4447911364036.314,615947.4923658128,7221250.868239088,7221250.868239105,2.3214546411633602e-15,2.7755575615628914e-17,5.551115123125783e-17
0.6,0.7,36,True,True,0.2068971141180946,0.03255822980013137,5.5608029918878294,True,True,10590265152466.99,879926.02810341,12035403.902408952,12035403.902408978,2.1666935568330933e-15,1.6653345369377348e-16,5.551115123125783e-17
0.6,0.7,37,True,True,0.20689694402375164,0.03255822980013137,5.5608029918878294,True,True,25214917029682.88,1257038.2164416402,20058990.01309601,20058990.013096053,2.2286009192066546e-15,5.551115123125783e-17,5.551115123125783e-17
0.6,0.7,38,True,True,0.2068968255082068,0.03255822980013137,5.5608029918878294,True,True,60035516737339.75,1795769.9092910893,33431630.8713736,33431630.87137368,2.3400323055937636e-15,1.1102230246251565e-16,2.7755575615628914e-17
0.6,0.7,39,True,True,0.20689674287760582,0.03255822980013137,5.5608029918878294,True,True,142941706517475.2,2565386.6092674728,55719362.53237524,55719362.53237537,2.4068913327338394e-15,2.7755575615628914e-17,2.7755575615628914e-17
0.6,0.7,40,True,True,0.20689668523434518,0.03255822980013137,5.5608029918878294,True,True,340337396470178.56,3664839.0342957787,92865578.34744753,92865578.34744777,2.5673514702028985e-15,5.551115123125783e-17,2.7755575615628914e-17
0.6,0.7,41,True,True,0.20689664500295477,0.03255822980013137,5.5608029918878294,True,True,810327134452806.0,5235485.352756731,154775933.8159795,154775933.81597993,2.695719567900013e-15,1.1102230246251565e-16,4.163336342344337e-17
0.6,0.7,42,True,True,0.20689661691231462,0.03255822980013137,5.5608029918878294,True,True,1929350320125727.5,7479265.805122607,257959854.66973248,257959854.66973326,3.0038022120617724e-15,5.551115123125783e-17,5.551115123125783e-17
0.6,0.7,43,True,True,0.20689659729166554,0.03255822980013137,5.5608029918878294,True,True,4593691238394590.0,10684666.449149556,429933050.34433,429933050.3443311,2.495466689750333e-15,2.7755575615628914e-17,8.326672684688674e-17
0.6,0.7,44,True,True,0.2068965835828901,0.03255822980013137,5.5608029918878294,True,True,1.0937360091415692e+16,15263810.224436617,716555036.4289455,716555036.4289473,2.495466855097638e-15,1.6653345369377348e-16,4.163336342344337e-17
0.6,0.7,45,True,True,0.20689657400215436,0.03255822980013137,5.5608029918878294,True,True,2.604133355098974e+16,21805444.187508732,1194258338.7458596,1194258338.745863,2.7949230071335247e-15,5.551115123125783e-17,4.163336342344337e-17
0.6,0.7,46,True,True,0.20689656730488348,0.03255822980013137,5.5608029918878294,True,True,6.200317512140414e+16,31150635.561934315,1990430500.1459181,1990430500.145924,2.994560461720258e-15,5.551115123125783e-17,4.163336342344337e-17
0.6,0.7,47,True,True,0.20689656262234035,0.03255822980013137,5.5608029918878294,True,True,1.4762660743191466e+17,44500908.95277793,3317384091.8298635,3317384091.8298726,2.7310392028985468e-15,5.551115123125783e-17,4.163336342344337e-17
0.6,0.7,48,True,True,0.20689655934788792,0.03255822980013137,5.5608029918878294,True,True,3.514919224569396e+17,63572728.08153205,5528973398.878699,5528973398.8787155,2.9322737168882316e-15,5.551115123125783e-17,4.163336342344337e-17
0.6,0.7,49,True,True,0.20689655705776794,0.03255822980013137,5.5608029918878294,True,True,8.368855296593801e+17,90818183.97887579,9214955562.798292,9214955562.798319,2.897776411117722e-15,5.551115123125783e-17,4.163336342344337e-17
0.6,0.8,2,True,True,0.7304350984148344,0.015282008970893999,8.08028869243611,True,True,1.8333333333333335,1.5059517298486653,1.217391830691391,1.217391830691391,0.0,0.0,2.7755575615628914e-17
0.6,0.8,3,True,True,0.5561554848120559,0.015282008970893999,8.08028869243611,True,True,3.5694444444444446,2.3105049488709897,1.5448763467001558,1.5448763467001554,2.8745938844790646e-16,0.0,0.0
0.6,0.8,4,True,True,0.4336865529074382,0.015282008970893999,8.08028869243611,True,True,7.1863425925925934,3.5791979013268986,2.0078081153122143,2.007808115312214,2.211811011536861e-16,5.551115123125783e-17,2.7755575615628914e-17
0.6,0.8,5,True,True,0.3468480795187104,0.015282008970893999,8.08028869243611,True,True,14.72154706790124,5.5007151910641605,2.676296909866593,2.676296909866593,0.0,1.1102230246251565e-16,4.163336342344337e-17
0.6,0.8,6,True,True,0.28627178007175996,0.015282008970893999,8.08028869243611,True,True,30.419889724794245,8.26295426118163,3.681478653186215,3.681478653186214,3.6188383936360695e-16,3.469446951953614e-18,4.163336342344337e-17
0.6,0.8,7,True,True,0.2447372114597964,0.015282008970893999,8.08028869243611,True,True,63.12477025998801,12.03392513824489,5.245567803922251,5.245567803922249,3.3863957264493307e-16,2.7755575615628914e-17,4.163336342344337e-17
0.6,0.8,8,True,True,0.21656804350702383,0.015282008970893999,8.08028869243611,True,True,131.2599380416417,16.96666849854664,7.7363412889740495,7.736341288974047,3.444180084063655e-16,1.1102230246251565e-16,2.7755575615628914e-17
0.6,0.8,9,True,True,0.19753947043758072,0.015282008970893999,8.08028869243611,True,True,273.2082042534202,23.230034492793305,11.760990038055176,11.760990038055173,3.0207607244840306e-16,1.3877787807814457e-17,4.163336342344337e-17
0.6,0.8,10,True,True,0.1846607594604528,0.015282008970893999,8.08028869243611,True,True,568.9337588612921,31.049051691836603,18.32370806387223,18.323708063872225,1.9388617557191807e-16,2.7755575615628914e-17,4.163336342344337e-17
0.6,0.8,11,True,True,0.17588601298935302,0.015282008970893999,8.08028869243611,True,True,1185.0286642943588,40.73897097468746,29.08833080321686,29.08833080321684,6.106767869965936e-16,6.938893903907228e-18,4.163336342344337e-17
0.6,0.8,12,True,True,0.16984508799077633,0.015282008970893999,8.08028869243611,True,True,2468.559717279914,52.7295907455375,46.81545375902292,46.815453759022894,6.0710101362472e-16,5.551115123125783e-17,6.938893903907228e-17
0.6,0.8,13,True,True,0.16563134883361907,0.015282008970893999,8.08028869243611,True,True,5142.5827443331555,67.58553473188066,76.08999121978326,76.08999121978319,9.338189220021371e-16,5.551115123125783e-17,2.7755575615628914e-17
0.6,0.8,14,True,True,0.16264804739249114,0.015282008970893999,8.08028869243611,True,True,10713.46405069407,86.02948394447854,124.53246909638904,124.53246909638897,5.705682549425206e-16,5.551115123125783e-17,2.0816681711721685e-17
0.6,0.8,15,True,True,0.16050244788136575,0.015282008970893999,8.08028869243611,True,True,22319.46677227932,108.9731888681791,204.8161295828313,204.81612958283117,6.938347455420931e-16,1.6653345369377348e-16,7.632783294297951e-17
0.6,0.8,16,True,True,0.15893498664783107,0.015282008970893999,8.08028869243611,True,True,46498.63910891524,137.55915153328908,338.0265041665559,338.02650416655564,8.408130451332832e-16,2.7755575615628914e-17,2.7755575615628914e-17
0.6,0.8,17,True,True,0.15777274128076532,0.015282008970893999,8.08028869243611,True,True,96871.9148102401,173.21516784643643,559.2576909668886,559.2576909668882,8.131266824426885e-16,2.7755575615628914e-17,4.163336342344337e-17
0.6,0.8,18,True,True,0.15689921136829785,0.015282008970893999,8.08028869243611,True,True,201816.23918800024,217.7241505143021,926.9354764332545,926.9354764332535,1.1038325379794882e-15,2.7755575615628914e-17,3.469446951953614e-17
0.6,0.8,19,True,True,0.15623481348844687,0.015282008970893999,8.08028869243611,True,True,420450.2483083338,273.31238183080535,1538.3505331588472,1538.3505331588453,1.1824284285914654e-15,2.7755575615628914e-17,2.7755575615628914e-17
0.6,0.8,20,True,True,0.15572431708049447,0.015282008970893999,8.08028869243611,True,True,875937.7673090287,342.7603473623839,2555.539968521919,2555.5399685219163,1.067674205423168e-15,1.1102230246251565e-16,3.469446951953614e-17
0.6,0.8,21,True,True,0.15532873812053447,0.015282008970893999,8.08028869243611,True,True,1824870.0985604767,429.54151907762053,4248.41375632122,4248.413756321214,1.2844719284975826e-15,5.551115123125783e-17,2.7755575615628914e-17
0.6,0.8,22,True,True,0.1550200827742084,0.015282008970893999,8.08028869243611,True,True,3801812.4553343267,537.9959208131611,7066.619482147796,7066.619482147787,1.2870293979611618e-15,5.551115123125783e-17,4.85722573273506e-17
0.6,0.8,23,True,True,0.15477791109026942,0.015282008970893999,8.08028869243611,True,True,7920442.365279849,673.5470920618646,11759.300067696475,11759.30006769646,1.2374814099983622e-15,1.1102230246251565e-16,2.7755575615628914e-17
0.6,0.8,24,True,True,0.15458706540728887,0.015282008970893999,8.08028869243611,True,True,16500921.34433302,842.9732629645748,19574.66751235081,19574.66751235079,1.11510823000073e-15,1.1102230246251565e-16,2.0816681711721685e-17
0.6,0.8,25,True,True,0.15443614791605775,0.015282008970893999,8.08028869243611,True,True,34376919.21736045,1054.7462798480826,32592.595844293315,32592.595844293264,1.5626771044136323e-15,2.7755575615628914e-17,4.163336342344337e-17
0.6,0.8,26,True,True,0.15431648397752756,0.015282008970893999,8.08028869243611,True,True,71618581.45283428,1319.4552173023646,54278.90277266019,54278.90277266012,1.3404761781309021e-15,2.7755575615628914e-17,4.163336342344337e-17
0.6,0.8,27,True,True,0.1542214038455174,0.015282008970893999,8.08028869243611,True,True,149205377.77673808,1650.3358522360206,90409.09919916086,90409.09919916072,1.6095631255334906e-15,1.1102230246251565e-16,2.7755575615628914e-17
0.6,0.8,28,True,True,0.15414573592453806,0.015282008970893999,8.08028869243611,True,True,310844536.784871,2063.932471251817,150607.9007499395,150607.9007499393,1.352696718981511e-15,5.551115123125783e-17,3.469446951953614e-17
0.6,0.8,29,True,True,0.15408544278053854,0.015282008970893999,8.08028869243611,True,True,647592784.7184812,2580.9251008381575,250914.98568020237,250914.98568020196,1.6238712298897232e-15,1.1102230246251565e-16,4.163336342344337e-17
0.6,0.8,30,True,True,0.15403735516898634,0.015282008970893999,8.08028869243611,True,True,1349151634.5801697,3227.1635217646167,418061.13185192796,418061.1318519273,1.5315565625816733e-15,1.1102230246251565e-16,4.163336342344337e-17
0.6,0.8,31,True,True,0.15399897460294748,0.015282008970893999,8.08028869243611,True,True,2810732571.7920203,4034.959768627607,696594.9434355878,696594.9434355866,1.6712053816063855e-15,1.1102230246251565e-16,4.163336342344337e-17
0.6,0.8,32,True,True,0.1539683247387138,0.015282008970893999,8.08028869243611,True,True,5855692857.650041,5044.70373988252,1160760.5043990961,1160760.5043990943,1.6046765393652124e-15,2.7755575615628914e-17,1.0408340855860843e-17
0.6,0.8,33,True,True,0.15394383815592133,0.015282008970893999,8.08028869243611,True,True,12199360119.854254,6306.88269924627,1934293.1685271694,1934293.1685271657,1.9259181385097237e-15,1.3877787807814457e-17,2.0816681711721685e-17
0.6,0.8,34,True,True,0.1539242692282572,0.015282008970893999,8.08028869243611,True,True,25415333582.779697,7884.605643894787,3223412.143949053,3223412.143949047,1.73354668846256e-15,1.3877787807814457e-17,6.938893903907228e-17
0.6,0.8,35,True,True,0.1539086265144739,0.015282008970893999,8.08028869243611,True,True,52948611630.54103,9856.758758171642,5371807.602234816,5371807.602234807,1.7337228798515139e-15,5.551115123125783e-17,3.469446951953614e-17
0.6,0.8,36,True,True,0.15389611994412555,0.015282008970893999,8.08028869243611,True,True,110309607563.37717,12321.94972574728,8952285.151178647,8952285.15117863,1.8725728749683026e-15,5.551115123125783e-17,2.7755575615628914e-17
0.6,0.8,37,True,True,0.1538861193399839,0.015282008970893999,8.08028869243611,True,True,229811682423.45242,15403.438116041907,14919505.677379591,14919505.677379562,1.9975408724754577e-15,2.7755575615628914e-17,5.551115123125783e-17
0.6,0.8,38,True,True,0.15387812170655704,0.015282008970893999,8.08028869243611,True,True,478774338381.9426,19255.298364395727,24864550.490021326,24864550.490021273,2.0975269269153868e-15,5.551115123125783e-17,5.551115123125783e-17
0.6,0.8,39,True,True,0.1538717253472058,0.015282008970893999,8.08028869243611,True,True,997446538295.4635,24070.12349512217,41439194.8798101,41439194.87981002,1.977750455911798e-15,1.1102230246251565e-16,4.163336342344337e-17
0.6,0.8,40,True,True,0.1538666093321096,0.015282008970893999,8.08028869243611,True,True,2078013621448.6328,30088.654773695347,69063028.47627844,69063028.47627826,2.5891412275323377e-15,2.7755575615628914e-17,3.469446951953614e-17
0.6,0.8,41,True,True,0.15386251717878127,0.015282008970893999,8.08028869243611,True,True,4329195044684.4014,37611.81877075688,115101986.18872274,115101986.1887225,2.071368071013551e-15,2.7755575615628914e-17,2.0816681711721685e-17
0.6,0.8,42,True,True,0.15385924386116615,0.015282008970893999,8.08028869243611,True,True,9019156343092.254,47015.77369120028,191832562.45723182,191832562.45723137,2.3303386562179458e-15,1.3877787807814457e-17,4.163336342344337e-17
0.6,0.8,43,True,True,0.15385662545637124,0.015282008970893999,8.08028869243611,True,True,18789909048108.613,58770.71728483154,319715496.35924226,319715496.3592415,2.4235934476238924e-15,5.551115123125783e-17,2.7755575615628914e-17
0.6,0.8,44,True,True,0.15385453088612439,0.015282008970893999,8.08028869243611,True,True,39145643850226.02,73464.39673417214,532851906.37136656,532851906.37136513,2.6846323669008254e-15,1.1102230246251565e-16,6.938893903907228e-17
0.6,0.8,45,True,True,0.15385285532464693,0.015282008970893999,8.08028869243611,True,True,81553424687970.66,91831.49601382035,888076838.8625306,888076838.8625284,2.4161954439239923e-15,5.551115123125783e-17,2.0816681711721685e-17
0.6,0.8,46,True,True,0.15385151493393917,0.015282008970893999,8.08028869243611,True,True,169902968099938.6,114790.37008935766,1480115169.6582124,1480115169.6582088,2.4162164943889325e-15,5.551115123125783e-17,2.0816681711721685e-17
0.6,0.8,47,True,True,0.15385044265750847,0.015282008970893999,8.08028869243611,True,True,353964516874871.9,143488.96266576077,2466841423.192856,2466841423.1928496,2.5128826678357655e-15,1.1102230246251565e-16,6.938893903907228e-17
0.6,0.8,48,True,True,0.1538495848587178,0.015282008970893999,8.08028869243611,True,True,737426076822649.4,179362.20337274994,4111379448.713244,4111379448.713234,2.4355767807808747e-15,1.1102230246251565e-16,4.163336342344337e-17
0.6,0.8,49,True,True,0.15384889863352805,0.015282008970893999,8.08028869243611,True,True,1536304326713852.8,224203.7542463498,6852268517.43882,6852268517.438802,2.644352299622295e-15,5.551115123125783e-17,5.551115123125783e-17
0.6,0.9,2,True,True,0.7389857368058507,0.003953562673953511,15.935243026853538,True,True,1.7407407407407407,1.4133485836396393,1.231642894676418,1.2316428946764177,1.802832670774817e-16,0.0,2.7755575615628914e-17
0.6,0.9,3,True,True,0.5746920903518333,0.003953562673953511,15.935243026853538,True,True,3.1124828532235944,1.9497289870033083,1.5963669176439819,1.5963669176439816,1.3909371490405142e-16,1.1102230246251565e-16,8.326672684688674e-17
0.6,0.9,4,True,True,0.45820395984848933,0.003953562673953511,15.935243026853538,True,True,5.652746024488137,2.664737209371071,2.1213146289281912,2.1213146289281912,0.0,5.551115123125783e-17,1.3877787807814457e-17
0.6,0.9,5,True,True,0.37074821234126026,0.003953562673953511,15.935243026853538,True,True,10.356937082385437,3.6204059822725516,2.86071151497886,2.8607115149788607,3.1047465466181005e-16,5.551115123125783e-17,2.7755575615628914e-17
0.6,0.9,6,True,True,0.3038405926835467,0.003953562673953511,15.935243026853538,True,True,19.068402004417475,4.880055448706333,3.9074150293665966,3.907415029366599,5.682647050703116e-16,1.1102230246251565e-16,2.7755575615628914e-17
0.6,0.9,7,True,True,0.25268160230294523,0.003953562673953511,15.935243026853538,True,True,35.20074445262495,6.499586508133075,5.415843670759284,5.415843670759287,4.919889533530082e-16,1.1102230246251565e-16,2.0816681711721685e-17
0.6,0.9,8,True,True,0.2138714986245151,0.003953562673953511,15.935243026853538,True,True,65.07545269004619,8.517713693222632,7.640014096954841,7.640014096954845,4.650140214029894e-16,5.551115123125783e-17,1.3877787807814457e-17
0.6,0.9,9,True,True,0.18468544397466408,0.003953562673953511,15.935243026853538,True,True,120.39898646304853,10.949648206973029,10.995694490565938,10.995694490565947,8.077510888122273e-16,5.551115123125783e-17,2.0816681711721685e-17
0.6,0.9,10,True,True,0.1628785263494427,0.003953562673953511,15.935243026853538,True,True,222.84997493157132,13.788277382555538,16.162278198255105,16.162278198255112,4.396303089479123e-16,5.551115123125783e-17,1.3877787807814457e-17
0.6,0.9,11,True,True,0.14663172433213492,0.003953562673953511,15.935243026853538,True,True,412.5740276510579,17.013217216535566,24.25020631900632,24.250206319006345,1.0255168729064453e-15,5.551115123125783e-17,1.3877787807814457e-17
0.6,0.9,12,True,True,0.13451248822646414,0.003953562673953511,15.935243026853538,True,True,763.9148660204778,20.60374230534365,37.07651040764346,37.0765104076435,9.582114497129408e-16,5.551115123125783e-17,1.3877787807814457e-17
0.6,0.9,13,True,True,0.12542354326764618,0.003953562673953511,15.935243026853538,True,True,1414.5460481860696,24.550086617943055,57.618780340767216,57.61878034076726,7.399074380517911e-16,5.551115123125783e-17,1.734723475976807e-17
0.6,0.9,14,True,True,0.1185439042034564,0.003953562673953511,15.935243026853538,True,True,2619.4186077519803,28.85970827900897,90.76386297560767,90.76386297560778,1.2525561825433616e-15,1.3877787807814457e-17,1.9081958235744878e-17
0.6,0.9,15,True,True,0.11327061267297447,0.003953562673953511,15.935243026853538,True,True,4850.664088429593,33.5584162237841,144.54389194302163,144.5438919430218,1.179781824676797e-15,5.551115123125783e-17,5.204170427930421e-18
0.6,0.9,16,True,True,0.10916699039491118,0.003953562673953511,15.935243026853538,True,True,8982.600163758507,38.68828575534357,232.1788104172551,232.17881041725536,1.1017171826056764e-15,1.1102230246251565e-16,1.5612511283791264e-17
0.6,0.9,17,True,True,0.10591986155972319,0.003953562673953511,15.935243026853538,True,True,16634.333636589825,44.30451733516674,375.4545729671297,375.45457296713016,1.2111914027113895e-15,1.1102230246251565e-16,8.673617379884035e-18
0.6,0.9,18,True,True,0.10330592219566298,0.003953562673953511,15.935243026853538,True,True,30804.2104381293,50.472651370618806,610.3148854205245,610.3148854205253,1.30392995986486e-15,5.551115123125783e-17,8.673617379884035e-18
0.6,0.9,19,True,True,0.10116625154809328,0.003953562673953511,15.935243026853538,True,True,57044.72303357277,57.26672196307781,996.1234217378782,996.1234217378799,1.711939031459672e-15,1.1102230246251565e-16,4.336808689942018e-18
0.6,0.9,20,True,True,0.09938752080950689,0.003953562673953511,15.935243026853538,True,True,105638.26487698662,64.76839858394281,1631.0155444105135,1631.015544410516,1.5334681747496818e-15,1.1102230246251565e-16,4.336808689942018e-18
0.6,0.9,21,True,True,0.09788843167430857,0.003953562673953511,15.935243026853538,True,True,195626.30532775298,73.0669349880003,2677.3574854327812,2677.3574854327853,1.5286438887022972e-15,5.551115123125783e-17,1.1275702593849246e-17
0.6,0.9,22,True,True,0.09661008998681014,0.003953562673953511,15.935243026853538,True,True,362270.824681024,82.25970186511164,4403.989030680793,4403.9890306808,1.6521289139220804e-15,5.551115123125783e-17,7.806255641895632e-18
0.6,0.9,23,True,True,0.09550925881701594,0.003953562673953511,15.935243026853538,True,True,670871.7864463407,92.45311782907612,7256.345726345578,7256.34572634559,1.6293919238330632e-15,5.551115123125783e-17,8.673617379884035e-18
0.6,0.9,24,True,True,0.09455367337661397,0.003953562673953511,15.935243026853538,True,True,1242355.048974705,103.76385124993217,11972.908040800163,11972.908040800185,1.823105361551867e-15,5.551115123125783e-17,6.938893903907228e-18
0.6,0.9,25,True,True,0.09371880741377915,0.003953562673953511,15.935243026853538,True,True,2300657.3869901947,116.32021713907692,19778.65450714763,19778.654507147665,1.839345950341066e-15,5.551115123125783e-17,3.0357660829594124e-18
0.6,0.9,26,True,True,0.09298564790182176,0.003953562673953511,15.935243026853538,True,True,4260476.531463322,130.2637317343305,32706.54444440801,32706.544444408068,1.7796946116519302e-15,5.551115123125783e-17,3.0357660829594124e-18
0.6,0.9,27,True,True,0.09233916312281834,0.003953562673953511,15.935243026853538,True,True,7889771.243450598,145.75081342888677,54131.919114812306,54131.9191148124,1.7473507411360569e-15,1.1102230246251565e-16,8.673617379884035e-18
0.6,0.9,28,True,True,0.09176724420786662,0.003953562673953511,15.935243026853538,True,True,14610687.376760365,162.9546353363644,89661.07252243285,89661.07252243302,1.9475897156674306e-15,1.6653345369377348e-16,5.204170427930421e-18
0.6,0.9,29,True,True,0.091259968590262,0.003953562673953511,15.935243026853538,True,True,27056828.36437104,182.06714516667608,148609.06584546852,148609.06584546884,2.1542570986683316e-15,5.551115123125783e-17,4.7704895589362195e-18
0.6,0.9,30,True,True,0.090809082043352,0.003953562673953511,15.935243026853538,True,True,50105237.6006871,203.30127460221937,246458.05934430734,246458.0593443079,2.2436790265617726e-15,1.1102230246251565e-16,7.37257477290143e-18
0.6,0.9,31,True,True,0.09040762939003925,0.003953562673953511,15.935243026853538,True,True,92787476.92719834,226.89336468270338,408947.5117835905,408947.5117835915,2.41969985637812e-15,1.1102230246251565e-16,5.421010862427522e-18
0.6,0.9,32,True,True,0.09004968681726973,0.003953562673953511,15.935243026853538,True,True,171828660.8651821,253.10583692476752,678880.6728161547,678880.6728161563,2.4007378186452628e-15,1.1102230246251565e-16,8.673617379884035e-18
0.6,0.9,33,True,True,0.08973016418471727,0.003953562673953511,15.935243026853538,True,True,318201223.7133002,282.2301427077657,1127453.0093080124,1127453.0093080152,2.4781234346620436e-15,1.1102230246251565e-16,4.7704895589362195e-18
0.6,0.9,34,True,True,0.08944465609039694,0.003953562673953511,15.935243026853538,True,True,589261525.283889,314.59002626998284,1873109.3679943357,1873109.3679943408,2.7346369880525883e-15,1.6653345369377348e-16,6.938893903907228e-18
0.6,0.9,35,True,True,0.08918932738058145,0.003953562673953511,15.935243026853538,True,True,1091225046.7109058,350.5451397322034,3112937.316844672,3112937.316844681,2.8421916531923835e-15,5.551115123125783e-17,5.204170427930421e-18
0.6,0.9,36,True,True,0.08896082339995426,0.003953562673953511,15.935243026853538,True,True,2020787123.4276032,390.4950520493716,5174936.565321981,5174936.565321995,2.6995188139785335e-15,8.673617379884035e-19,4.336808689942018e-18
0.6,0.9,37,True,True,0.08875619834341066,0.003953562673953511,15.935243026853538,True,True,3742198376.606672,434.88369778073695,8605055.548652556,8605055.548652582,3.0304315808067802e-15,8.326672684688674e-17,9.540979117872439e-18
0.6,0.9,38,True,True,0.08857285711404982,0.003953562673953511,15.935243026853538,True,True,6929996993.604947,484.20431612992786,14312133.87149032,14312133.871490363,2.993322925636586e-15,1.1102230246251565e-16,3.469446951953614e-18
0.6,0.9,39,True,True,0.08840850745994251,0.003953562673953511,15.935243026853538,True,True,12833327765.823978,539.0049358924102,23809295.446573824,23809295.44657389,2.8163464779031737e-15,1.1102230246251565e-16,6.071532165918825e-18
0.6,0.9,40,True,True,0.08826112008499092,0.003953562673953511,15.935243026853538,True,True,23765421788.45181,599.8944678104668,39616004.2535354,39616004.253535524,3.1971894322583363e-15,5.551115123125783e-17,6.938893903907228e-18
0.6,0.9,41,True,True,0.08812889505782817,0.003953562673953511,15.935243026853538,True,True,44010040348.87371,667.5494724310694,65927758.41556545,65927758.41556566,3.164315938043671e-15,5.551115123125783e-17,5.204170427930421e-18
0.6,0.9,42,True,True,0.08801023327639201,0.003953562673953511,15.935243026853538,True,True,81500074720.02539,742.7216789533499,109731649.18906909,109731649.18906946,3.3949096053802825e-15,5.551115123125783e-17,7.806255641895632e-18
0.6,0.9,43,True,True,0.08790371204948531,0.003953562673953511,15.935243026853538,True,True,150926064296.2322,826.2463388130789,182664729.88314942,182664729.88315,3.2630625963490328e-15,5.551115123125783e-17,5.204170427930421e-18
0.6,0.9,44,True,True,0.08780806407286534,0.003953562673953511,15.935243026853538,True,True,279492711659.5781,919.0515069659608,304109954.1659636,304109954.1659646,3.3319493403647517e-15,1.6653345369377348e-16,5.204170427930421e-18
0.6,0.9,45,True,True,0.08772215923415093,0.003953562673953511,15.935243026853538,True,True,517579095665.7743,1022.1683540960744,506354059.57512814,506354059.5751299,3.5314012190641967e-15,5.551115123125783e-17,6.938893903907228e-18
0.6,0.9,46,True,True,0.0876449887965888,0.003953562673953511,15.935243026853538,True,True,958479806788.3599,1136.7426243998318,843181021.1167284,843181021.1167312,3.2517497322658405e-15,2.7755575615628914e-17,7.806255641895632e-18
0.6,0.9,47,True,True,0.08757565159877659,0.003953562673953511,15.935243026853538,True,True,1774962605163.518,1264.0473663028679,1404189947.687636,1404189947.687641,3.565607465982631e-15,5.551115123125783e-17,8.673617379884035e-18
0.6,0.9,48,True,True,0.08751334197407454,0.003953562673953511,15.935243026853538,True,True,3286967787339.7373,1405.497077595852,2338651456.296303,2338651456.2963114,3.6700932174173284e-15,1.1102230246251565e-16,6.071532165918825e-18
0.6,0.9,49,True,True,0.08745733914527945,0.003953562673953511,15.935243026853538,True,True,6086977383962.364,1562.66342218049,3895258119.927574,3895258119.927588,3.5500285634852073e-15,5.551115123125783e-17,5.204170427930421e-18
0.7,0.1,2,True,True,0.723036361277526,0.09383388815065766,8.140875695644162,True,True,5.285714285714287,5.117308337664383,1.032909087539323,1.032909087539323,0.0,0.0,5.551115123125783e-17
0.7,0.1,3,True,True,0.5821062188338765,0.09383388815065766,8.140875695644162,True,True,66.51020408163268,55.98634569698808,1.1879718751711767,1.1879718751711765,1.869106580431768e-16,5.551115123125783e-17,5.551115123125783e-17
0.7,0.1,4,True,True,0.49375029772003237,0.09383388815065766,8.140875695644162,True,True,941.1457725947525,653.7980867872656,1.4395052411662759,1.4395052411662754,3.0850128026645123e-16,0.0,6.938893903907228e-18
0.7,0.1,5,True,True,0.43266393188744234,0.09383388815065766,8.140875695644162,True,True,13435.939608496468,7456.061996957116,1.8020155430547375,1.8020155430547375,0.0,2.168404344971009e-19,6.938893903907228e-18
0.7,0.1,6,True,True,0.38995718825660924,0.09383388815065766,8.140875695644162,True,True,191932.99440709237,82722.35861125521,2.320206986711546,2.320206986711545,3.828013728029284e-16,5.551115123125783e-17,5.551115123125783e-17
0.7,0.1,7,True,True,0.36006646228015876,0.09383388815065766,8.140875695644162,True,True,2741890.9201013204,895892.17172914,3.060514430893243,3.060514430893241,5.804111954086763e-16,2.168404344971009e-19,5.551115123125783e-17
0.7,0.1,8,True,True,0.3391432691057226,0.09383388815065766,8.140875695644162,True,True,39169861.28716173,9511633.58160502,4.118100319057086,4.118100319057084,4.313534644068556e-16,5.551115123125783e-17,5.551115123125783e-17
0.7,0.1,9,True,True,0.32449706006651885,0.09383388815065766,8.140875695644162,True,True,559569437.9594531,99409420.06860799,5.628937756333987,5.628937756333983,7.889396349255233e-16,5.551115123125783e-17,5.551115123125783e-17
0.7,0.1,10,True,True,0.3142447160142228,0.09383388815065766,8.140875695644162,True,True,7993849104.706477,1026526871.4145268,7.787277008824099,7.787277008824093,7.983854858194782e-16,5.551115123125783e-17,6.938893903907228e-18
0.7,0.1,11,True,True,0.3070680753825369,0.09383388815065766,8.140875695644162,True,True,114197844343.94966,10505183411.246569,10.870618805350176,10.870618805350167,8.170449498817791e-16,3.469446951953614e-18,1.3010426069826053e-18
0.7,0.1,12,True,True,0.3020444269593374,0.09383388815065766,8.140875695644162,True,True,1631397776333.1382,106799072046.72623,15.275392801347344,15.275392801347332,8.140214813137242e-16,2.168404344971009e-19,1.0842021724855044e-19
0.7,0.1,13,True,True,0.29852787306489337,0.09383388815065766,8.140875695644162,True,True,23305682519035.832,1080571277480.6044,21.567927081473027,21.567927081473005,9.883324434601707e-16,5.551115123125783e-17,8.673617379884035e-19
0.7,0.1,14,True,True,0.2960662853389552,0.09383388815065766,8.140875695644162,True,True,332938321700503.0,10895554851575.9,30.557261767384688,30.55726176738465,1.2789055107194671e-15,3.469446951953614e-18,5.551115123125783e-17
0.7,0.1,15,True,True,0.2943431739308152,0.09383388815065766,8.140875695644162,True,True,4756261738578605.0,109593384094279.06,43.39916846154666,43.39916846154661,1.1460586289176682e-15,2.168404344971009e-19,5.551115123125783e-17
0.7,0.1,16,True,True,0.2931369959451189,0.09383388815065766,8.140875695644162,True,True,6.794659626540864e+16,1100443306793263.5,61.744749453206985,61.7447494532069,1.380929213354894e-15,3.469446951953614e-18,5.551115123125783e-17
0.7,0.1,17,True,True,0.2922926713551316,0.09383388815065766,8.140875695644162,True,True,9.706656609344093e+17,1.1036220773710712e+16,87.95272229843606,87.95272229843593,1.454164113338564e-15,3.469446951953614e-18,5.551115123125783e-17
0.7,0.1,18,True,True,0.2917016441421405,0.09383388815065766,8.140875695644162,True,True,1.3866652299062993e+19,1.1058581658322874e+17,125.39268350590619,125.39268350590598,1.6999621889261993e-15,3.469446951953614e-18,5.551115123125783e-17
0.7,0.1,19,True,True,0.29128792509304674,0.09383388815065766,8.140875695644162,True,True,1.9809503284375703e+20,1.1074288268497481e+18,178.87834237372064,178.87834237372036,1.5888848841758687e-15,3.469446951953614e-18,5.551115123125783e-17
0.7,0.1,20,True,True,0.2909983217586811,0.09383388815065766,8.140875695644162,True,True,2.829929040625101e+21,1.1085309468856646e+19,255.28642647059846,255.28642647059803,1.6699894598789454e-15,3.469446951953614e-18,5.551115123125783e-17
0.7,0.1,21,True,True,0.2907955994246252,0.09383388815065766,8.140875695644162,True,True,4.042755772321573e+22,1.109303737056391e+20,364.44083232328114,364.44083232328046,1.87169209877288e-15,3.469446951953614e-18,5.551115123125783e-17
0.7,0.1,22,True,True,0.290653693790786,0.09383388815065766,8.140875695644162,True,True,5.7753653890308195e+23,1.1098453315837959e+21,520.3756978271135,520.3756978271124,2.184706899194722e-15,3.469446951953614e-18,5.551115123125783e-17
0.7,0.1,23,True,True,0.2905543598470986,0.09383388815065766,8.140875695644162,True,True,8.250521984329743e+24,1.110224762523078e+22,743.1397914040168,743.1397914040152,2.141744724899715e-15,3.469446951953614e-18,5.551115123125783e-17
0.7,0.1,24,True,True,0.29048482608651743,0.09383388815065766,8.140875695644162,True,True,1.1786459977613918e+26,1.1104905185829334e+23,1061.3742107995931,1061.3742107995909,2.142257397340935e-15,3.469446951953614e-18,5.551115123125783e-17
0.7,0.1,25,True,True,0.2904361524541106,0.09383388815065766,8.140875695644162,True,True,1.6837799968019887e+27,1.1106766235386562e+24,1515.9948099361309,1515.9948099361275,2.249747234815519e-15,3.469446951953614e-18,5.551115123125783e-17
0.7,0.1,26,True,True,0.29040208091142583,0.09383388815065766,8.140875695644162,True,True,2.405399995431412e+28,1.11080693412689e+25,2165.452808702613,2165.4528087026083,2.100010441506309e-15,3.469446951953614e-18,5.551115123125783e-17
0.7,0.1,27,True,True,0.29037823083154646,0.09383388815065766,8.140875695644162,True,True,3.436285707759161e+29,1.1108981697337519e+26,3093.2499497975887,3093.249949797581,2.4992176806066964e-15,3.469446951953614e-18,5.551115123125783e-17
0.7,0.1,28,True,True,0.2903615357756309,0.09383388815065766,8.140875695644162,True,True,4.908979582513088e+30,1.1109620435764447e+27,4418.674437076124,4418.6744370761135,2.46995712779804e-15,3.469446951953614e-18,5.551115123125783e-17
0.7,0.1,29,True,True,0.29034984923649004,0.09383388815065766,8.140875695644162,True,True,7.012827975018698e+31,1.1110067596368816e+28,6312.137990331176,6312.13799033116,2.593559370373306e-15,3.469446951953614e-18,5.551115123125783e-17
0.7,0.1,30,True,True,0.2903416686590914,0.09383388815065766,8.140875695644162,True,True,1.001832567859814e+33,1.1110380630210275e+29,9017.085923552677,9017.085923552655,2.420723615989486e-15,3.469446951953614e-18,5.551115123125783e-17
0.7,0.1,31,True,True,0.2903359422549124,0.09383388815065766,8.140875695644162,True,True,1.4311893826568773e+34,1.1110599764395237e+30,12881.297256726253,12881.297256726219,2.6830215915811337e-15,3.469446951953614e-18,5.551115123125783e-17
0.7,0.1,32,True,True,0.29033193377198707,0.09383388815065766,8.140875695644162,True,True,2.0445562609383963e+35,1.111075316346804e+31,18401.599161259935,18401.599161259885,2.767786802274683e-15,3.469446951953614e-18,5.551115123125783e-17
0.7,0.1,33,True,True,0.2903291278339393,0.09383388815065766,8.140875695644162,True,True,2.9207946584834237e+36,1.111086054533934e+32,26287.744739165195,26287.744739165115,3.0445949072525714e-15,3.469446951953614e-18,5.551115123125783e-17
0.7,0.1,34,True,True,0.29032716367730593,0.09383388815065766,8.140875695644162,True,True,4.172563797833463e+37,1.1110935713884254e+33,37553.66699331557,37553.666993315455,3.0999721504602125e-15,3.469446951953614e-18,5.551115123125783e-17
0.7,0.1,35,True,True,0.2903257887676625,0.09383388815065766,8.140875695644162,True,True,5.960805425476377e+38,1.111098833247086e+34,53647.84164210183,53647.841642101645,3.3906105965656475e-15,3.469446951953614e-18,5.551115123125783e-17
0.7,0.1,36,True,True,0.29032482633091217,0.09383388815065766,8.140875695644162,True,True,8.51543632210911e+39,1.1111025165778017e+35,76639.51971179647,76639.51971179622,3.227871988401302e-15,3.469446951953614e-18,5.551115123125783e-17
0.7,0.1,37,True,True,0.2903241526251869,0.09383388815065766,8.140875695644162,True,True,1.2164909031584445e+41,1.1111050949238333e+36,109484.77409707455,109484.77409707417,3.4557297949217674e-15,3.469446951953614e-18,5.551115123125783e-17
0.7,0.1,38,True,True,0.2903236810311793,0.09383388815065766,8.140875695644162,True,True,1.7378441473692065e+42,1.111106899773175e+37,156406.56607604324,156406.5660760427,3.3494050880607454e-15,3.469446951953614e-18,5.551115123125783e-17
0.7,0.1,39,True,True,0.29032335091537387,0.09383388815065766,8.140875695644162,True,True,2.4826344962417235e+43,1.1111081631712034e+38,223437.69747456987,223437.69747456914,3.256369760528681e-15,3.469446951953614e-18,5.551115123125783e-17
0.7,0.1,40,True,True,0.2903231198343101,0.09383388815065766,8.140875695644162,True,True,3.546620708916749e+44,1.1111090475515323e+39,319196.45661532244,319196.45661532116,4.0118507381789546e-15,3.469446951953614e-18,5.551115123125783e-17
0.7,0.1,41,True,True,0.2903229580775655,0.09383388815065766,8.140875695644162,True,True,5.0666010127382125e+45,1.1111096666186003e+40,455994.6839592545,455994.6839592528,3.701846152753383e-15,3.469446951953614e-18,5.551115123125783e-17
0.7,0.1,42,True,True,0.2903228448478442,0.09383388815065766,8.140875695644162,True,True,7.238001446768876e+46,1.1111100999659584e+41,651420.7230220147,651420.7230220122,3.9316174473405916e-15,3.469446951953614e-18,5.551115123125783e-17
0.7,0.1,43,True,True,0.29032276558703934,0.09383388815065766,8.140875695644162,True,True,1.034000206681268e+48,1.1111104033093103e+42,930600.7788259577,930600.7788259541,3.878005540880737e-15,3.469446951953614e-18,5.551115123125783e-17
0.7,0.1,44,True,True,0.2903227101044759,0.09383388815065766,8.140875695644162,True,True,1.477143152401812e+49,1.1111106156497549e+43,1329429.4299744482,1329429.4299744423,4.37839418934681e-15,3.469446951953614e-18,5.551115123125783e-17
0.7,0.1,45,True,True,0.29032267126668154,0.09383388815065766,8.140875695644162,True,True,2.1102045034311597e+50,1.1111107642881146e+44,1899184.6459008625,1899184.6459008546,4.168231825861564e-15,3.469446951953614e-18,5.551115123125783e-17
0.7,0.1,46,True,True,0.29032264408022546,0.09383388815065766,8.140875695644162,True,True,3.014577862044515e+51,1.11111086833499e+45,2713120.668652884,2713120.668652872,4.4624603726205536e-15,3.469446951953614e-18,5.551115123125783e-17
0.7,0.1,47,True,True,0.29032262504970624,0.09383388815065766,8.140875695644162,True,True,4.306539802920736e+52,1.1111109411678143e+46,3875886.415441486,3875886.4154414693,4.325154183128762e-15,3.469446951953614e-18,5.551115123125783e-17
0.7,0.1,48,True,True,0.2903226117283427,0.09383388815065766,8.140875695644162,True,True,6.152199718458194e+53,1.111110992150797e+47,5536980.339425203,5536980.339425177,4.709612548839317e-15,3.469446951953614e-18,5.551115123125783e-17
0.7,0.1,49,True,True,0.2903226024033883,0.09383388815065766,8.140875695644162,True,True,8.788856740654564e+54,1.1111110278388877e+48,7909971.659401942,7909971.659401906,4.591872382605987e-15,3.469446951953614e-18,5.551115123125783e-17
0.7,0.2,2,True,True,0.7326642360942157,0.08510466213976062,5.4079358407870455,True,True,3.1428571428571437,3.002739715709414,1.0466631944203082,1.0466631944203082,0.0,0.0,0.0
0.7,0.2,3,True,True,0.578379814101584,0.08510466213976062,5.4079358407870455,True,True,18.44897959183674,15.629867743641991,1.1803669675542534,1.1803669675542532,1.8811489225686542e-16,6.938893903907228e-18,1.3877787807814457e-17
0.7,0.2,4,True,True,0.48539232092765544,0.08510466213976062,5.4079358407870455,True,True,127.77842565597673,90.29397069207502,1.4151379618882092,1.4151379618882087,3.1381336789065955e-16,8.673617379884035e-19,1.734723475976807e-18
0.7,0.2,5,True,True,0.42299121649487315,0.08510466213976062,5.4079358407870455,True,True,908.703040399834,515.8017270617354,1.7617293481669032,1.7617293481669023,5.041514581250997e-16,1.0842021724855044e-19,5.551115123125783e-17
0.7,0.2,6,True,True,0.37973268856997494,0.08510466213976062,5.4079358407870455,True,True,6486.736002855956,2871.034685229895,2.259372217349766,2.2593722173497652,3.931084984049043e-16,5.551115123125783e-17,5.551115123125783e-17
0.7,0.2,7,True,True,0.34951984566638117,0.08510466213976062,5.4079358407870455,True,True,46329.828591828256,15594.702479934957,2.970869668814707,2.970869668814706,4.484436471700643e-16,5.551115123125783e-17,5.551115123125783e-17
0.7,0.2,8,True,True,0.3283823515552087,0.08510466213976062,5.4079358407870455,True,True,330923.3470844877,82991.55077528013,3.987434190506252,3.9874341905062494,6.682330370352979e-16,5.551115123125783e-17,1.734723475976807e-18
0.7,0.2,9,True,True,0.31358812528207464,0.08510466213976062,5.4079358407870455,True,True,2363734.1934606265,434533.58541363466,5.439704254874974,5.439704254874969,9.796618103686299e-16,5.551115123125783e-17,1.734723475976807e-18
0.7,0.2,10,True,True,0.3032325335493916,0.08510466213976062,5.4079358407870455,True,True,16883811.667575903,2246865.442570975,7.514384861541423,7.5143848615414175,7.091825367469407e-16,6.938893903907228e-18,1.3552527156068805e-20
0.7,0.2,11,True,True,0.2959836876366798,0.08510466213976062,5.4079358407870455,True,True,120598650.76839934,11509463.300789667,10.4782167175532,10.47821671755319,1.0171712729081946e-15,6.938893903907228e-18,1.3877787807814457e-17
0.7,0.2,12,True,True,0.29090950847156405,0.08510466213976062,5.4079358407870455,True,True,861418930.0599953,58551083.33458161,14.712262882268849,14.712262882268835,9.659190315535262e-16,5.551115123125783e-17,1.3877787807814457e-17
0.7,0.2,13,True,True,0.28735758555644453,0.08510466213976062,5.4079358407870455,True,True,6152992353.571396,296374060.0284581,20.76090044108644,20.760900441086424,8.556261056407692e-16,1.3552527156068805e-20,1.3877787807814457e-17
0.7,0.2,14,True,True,0.28487124000292624,0.08510466213976062,5.4079358407870455,True,True,43949945378.65283,1494804008.693761,29.401811289667748,29.40181128966771,1.3291647266826322e-15,1.3552527156068805e-20,3.469446951953614e-18
0.7,0.2,15,True,True,0.2831307982110699,0.08510466213976062,5.4079358407870455,True,True,313928181272.09174,7519963815.364645,41.745969658880504,41.74596965888045,1.3616504617162713e-15,5.551115123125783e-17,1.734723475976807e-18
0.7,0.2,16,True,True,0.28191248897564036,0.08510466213976062,5.4079358407870455,True,True,2242344151939.512,37762309951.13401,59.380481618873375,59.38048161887329,1.4359116997143325e-15,5.551115123125783e-17,5.551115123125783e-17
0.7,0.2,17,True,True,0.2810596725145788,0.08510466213976062,5.4079358407870455,True,True,16016743942421.09,189384458690.68826,84.57264156284545,84.57264156284533,1.3442507603021497e-15,1.3552527156068805e-20,1.3877787807814457e-17
0.7,0.2,18,True,True,0.2804627009925786,0.08510466213976062,5.4079358407870455,True,True,114405313874432.39,948937840051.0062,120.56144148312497,120.56144148312474,1.8859568419730454e-15,5.551115123125783e-17,5.551115123125783e-17
0.7,0.2,19,True,True,0.2800448209273263,0.08510466213976062,5.4079358407870455,True,True,817180813388798.8,4751769177760.177,171.9740127979007,171.97401279790043,1.6526746668291383e-15,6.938893903907228e-18,1.3877787807814457e-17
0.7,0.2,20,True,True,0.2797523048816792,0.08510466213976062,5.4079358407870455,True,True,5837005809919987.0,23783688735588.027,245.42054324760625,245.42054324760582,1.7371228822761522e-15,1.3552527156068805e-20,3.469446951953614e-18
0.7,0.2,21,True,True,0.27954754364973217,0.08510466213976062,5.4079358407870455,True,True,4.1692898642285624e+16,119005548313920.12,350.34415817576456,350.3441581757639,1.947002712651151e-15,1.0842021724855044e-19,5.551115123125783e-17
0.7,0.2,22,True,True,0.2794042107873703,0.08510466213976062,5.4079358407870455,True,True,2.978064188734688e+17,595332987611324.6,500.2350366445641,500.235036644563,2.1590350120212653e-15,6.938893903907228e-18,1.3877787807814457e-17
0.7,0.2,23,True,True,0.2793038777837173,0.08510466213976062,5.4079358407870455,True,True,2.127188706239063e+18,2977734231245367.0,714.3648630285641,714.3648630285625,2.228015136907688e-15,4.235164736271502e-22,5.551115123125783e-17
0.7,0.2,24,True,True,0.2792336446811603,0.08510466213976062,5.4079358407870455,True,True,1.5194205044564736e+19,1.4892415968459068e+16,1020.2646150057071,1020.2646150057051,2.0057179763875726e-15,1.3552527156068805e-20,4.336808689942018e-19
0.7,0.2,25,True,True,0.27918448150937036,0.08510466213976062,5.4079358407870455,True,True,1.0853003603260529e+20,7.447519229039178e+16,1457.2642606873405,1457.2642606873371,2.3404163703567574e-15,3.3881317890172014e-21,1.3877787807814457e-17
0.7,0.2,26,True,True,0.2791500672891174,0.08510466213976062,5.4079358407870455,True,True,7.752145430900377e+20,3.72421868760808e+17,2081.5494688039594,2081.5494688039544,2.4031236993014396e-15,4.235164736271502e-22,1.3877787807814457e-17
0.7,0.2,27,True,True,0.2791259773349403,0.08510466213976062,5.4079358407870455,True,True,5.537246736357413e+21,1.862270053062251e+18,2973.3854803991294,2973.385480399122,2.4470280298828804e-15,3.3881317890172014e-21,1.3877787807814457e-17
0.7,0.2,28,True,True,0.27910911436701635,0.08510466213976062,5.4079358407870455,True,True,3.955176240255296e+22,9.311912830246509e+18,4247.436925535087,4247.436925535075,2.783662554696701e-15,3.3881317890172014e-21,1.3877787807814457e-17
0.7,0.2,29,True,True,0.2790973102894696,0.08510466213976062,5.4079358407870455,True,True,2.82512588589664e+23,4.656153333074637e+19,6067.510418586454,6067.5104185864375,2.69812550824209e-15,3.3881317890172014e-21,1.3877787807814457e-17
0.7,0.2,30,True,True,0.27908904743518687,0.08510466213976062,5.4079358407870455,True,True,2.017947061354743e+24,2.328145592775848e+20,8667.615408659836,8667.615408659813,2.7281854502301244e-15,3.3881317890172014e-21,1.3877787807814457e-17
0.7,0.2,31,True,True,0.279083263437189,0.08510466213976062,5.4079358407870455,True,True,1.4413907581105308e+25,1.1640969217856306e+21,12382.051108764672,12382.051108764636,2.938106760451481e-15,3.3881317890172014e-21,1.3877787807814457e-17
0.7,0.2,32,True,True,0.2790792146385904,0.08510466213976062,5.4079358407870455,True,True,1.0295648272218079e+26,5.820569050795162e+21,17688.387823200148,17688.387823200097,2.8793863979215754e-15,3.3881317890172014e-21,1.3877787807814457e-17
0.7,0.2,33,True,True,0.27907638047957145,0.08510466213976062,5.4079358407870455,True,True,7.354034480155772e+26,2.910314080779951e+22,25268.86884382226,25268.868843822183,3.0233864214940472e-15,3.3881317890172014e-21,1.3877787807814457e-17
0.7,0.2,34,True,True,0.27907439656825817,0.08510466213976062,5.4079358407870455,True,True,5.252881771539837e+27,1.4551673849523948e+23,36098.12744471099,36098.12744471088,3.02340791443858e-15,3.3881317890172014e-21,1.3877787807814457e-17
0.7,0.2,35,True,True,0.27907300783033884,0.08510466213976062,5.4079358407870455,True,True,3.752058408242741e+28,7.275873131167999e+23,51568.49687455204,51568.49687455186,3.3862337148433653e-15,3.3881317890172014e-21,1.3877787807814457e-17
0.7,0.2,36,True,True,0.27907203571379535,0.08510466213976062,5.4079358407870455,True,True,2.680041720173387e+29,3.6379492379333113e+24,73669.02463146782,73669.02463146759,3.1604958097194144e-15,3.3881317890172014e-21,1.3877787807814457e-17
0.7,0.2,37,True,True,0.2790713552322149,0.08510466213976062,5.4079358407870455,True,True,1.9143155144095622e+30,1.8189790543151796e+25,105241.2071413475,105241.20714134716,3.318528692014525e-15,3.3881317890172014e-21,1.3877787807814457e-17
0.7,0.2,38,True,True,0.2790708788951086,0.08510466213976062,5.4079358407870455,True,True,1.367368224578259e+31,9.094910795360078e+25,150344.3250126043,150344.32501260375,3.678042244904044e-15,3.3881317890172014e-21,1.3877787807814457e-17
0.7,0.2,39,True,True,0.2790705454591342,0.08510466213976062,5.4079358407870455,True,True,9.766915889844706e+31,4.54746083102027e+26,214777.35054297096,214777.35054297026,3.2521675548924437e-15,3.3881317890172014e-21,1.3877787807814457e-17
0.7,0.2,40,True,True,0.27907031205395205,0.08510466213976062,5.4079358407870455,True,True,6.97636849274622e+32,2.273732317183078e+27,306824.5298720664,306824.52987206524,3.794198654047504e-15,3.3881317890172014e-21,1.3877787807814457e-17
0.7,0.2,41,True,True,0.2790701486703246,0.08510466213976062,5.4079358407870455,True,True,4.983120351961586e+33,1.1368668241780152e+28,438320.50034220266,438320.50034220103,3.71831685788065e-15,3.3881317890172014e-21,1.3877787807814457e-17
0.7,0.2,42,True,True,0.27907003430178534,0.08510466213976062,5.4079358407870455,True,True,3.559371679972562e+34,5.684336450445062e+28,626171.8867281118,626171.8867281092,4.0901502198942386e-15,3.3881317890172014e-21,1.3877787807814457e-17
0.7,0.2,43,True,True,0.2790699542438079,0.08510466213976062,5.4079358407870455,True,True,2.5424083428375444e+35,2.8421690405673443e+29,894531.0101365531,894531.0101365496,3.904235420832334e-15,3.3881317890172014e-21,1.3877787807814457e-17
0.7,0.2,44,True,True,0.2790698982032237,0.08510466213976062,5.4079358407870455,True,True,1.816005959169675e+36,1.4210848056544956e+30,1277901.1864343272,1277901.1864343216,4.372744549431613e-15,3.3881317890172014e-21,1.3877787807814457e-17
0.7,0.2,45,True,True,0.27906985897481473,0.08510466213976062,5.4079358407870455,True,True,1.297147113692625e+37,7.105425027070704e+30,1825572.8668597175,1825572.86685971,4.081228819827975e-15,3.3881317890172014e-21,1.3877787807814457e-17
0.7,0.2,46,True,True,0.2790698315149285,0.08510466213976062,5.4079358407870455,True,True,9.265336526375895e+37,3.552712863114813e+31,2607960.981753134,2607960.9817531225,4.4638444609197396e-15,3.3881317890172014e-21,1.3877787807814457e-17
0.7,0.2,47,True,True,0.2790698122930081,0.08510466213976062,5.4079358407870455,True,True,6.618097518839926e+38,1.7763565539102387e+32,3725658.288743728,3725658.2887437115,4.374567873015159e-15,3.3881317890172014e-21,1.3877787807814457e-17
0.7,0.2,48,True,True,0.2790697988376638,0.08510466213976062,5.4079358407870455,True,True,4.72721251345709e+39,8.881783197786155e+32,5322368.7273017205,5322368.727301695,4.7245335306496416e-15,3.3881317890172014e-21,1.3877787807814457e-17
0.7,0.2,49,True,True,0.2790697894189228,0.08510466213976062,5.4079358407870455,True,True,3.3765803667550646e+40,4.440891748775327e+33,7603383.639527422,7603383.639527387,4.654540598399686e-15,3.3881317890172014e-21,1.3877787807814457e-17
0.7,0.3,2,True,True,0.7415239244019631,0.07493653619184748,4.700562811243965,True,True,2.428571428571429,2.2925760640441175,1.0593198920028044,1.0593198920028044,0.0,0.0,0.0
0.7,0.3,3,True,True,0.5779362433233247,0.07493653619184748,4.700562811243965,True,True,9.231292517006805,7.826699546169088,1.1794617210680098,1.1794617210680096,1.882592719702413e-16,0.0,0.0
0.7,0.3,4,True,True,0.47802634156007007,0.07493653619184748,4.700562811243965,True,True,41.62520246193717,29.86748470356065,1.3936628033821283,1.3936628033821288,3.1864896499522754e-16,1.3877787807814457e-17,2.7755575615628914e-17
0.7,0.3,5,True,True,0.4127423558330768,0.07493653619184748,4.700562811243965,True,True,195.88191648541508,113.94819912102443,1.719043547826226,1.719043547826226,0.0,1.3877787807814457e-17,5.551115123125783e-17
0.7,0.3,6,True,True,0.36824778441862605,0.07493653619184748,4.700562811243965,True,True,930.4376975495957,424.65608876383203,2.1910381651610997,2.1910381651611006,4.0536875798090903e-16,1.3877787807814457e-17,1.3877787807814457e-17
0.7,0.3,7,True,True,0.3374093458696172,0.07493653619184748,4.700562811243965,True,True,4428.322369283789,1544.0820024742002,2.8679321190117824,2.8679321190117837,4.645394570947005e-16,1.3877787807814457e-17,5.551115123125783e-17
0.7,0.3,8,True,True,0.31590315176185857,0.07493653619184748,4.700562811243965,True,True,21084.916044208516,5496.727372598549,3.8359035504139865,3.8359035504139882,4.63086940548476e-16,5.551115123125783e-17,5.551115123125783e-17
0.7,0.3,9,True,True,0.30087060873737276,0.07493653619184748,4.700562811243965,True,True,100402.02878194534,19237.42961644401,5.21909791400211,5.219097914002112,3.4035706336041957e-16,5.551115123125783e-17,5.551115123125783e-17
0.7,0.3,10,True,True,0.29035386385731576,0.07493653619184748,4.700562811243965,True,True,478102.5656283112,66447.06835565832,7.195239420786248,7.1952394207862485,1.2343973115533532e-16,1.734723475976807e-18,8.673617379884035e-19
0.7,0.3,11,True,True,0.2829938484233879,0.07493653619184748,4.700562811243965,True,True,2276676.5506110056,227250.4434669386,10.018359110230852,10.01835911023086,7.092406330638379e-16,1.734723475976807e-18,1.734723475976807e-18
0.7,0.3,12,True,True,0.2778423275933324,0.07493653619184748,4.700562811243965,True,True,10841314.57433812,771546.2731254797,14.051412017610708,14.051412017610717,6.320919339543713e-16,5.551115123125783e-17,1.3877787807814457e-17
0.7,0.3,13,True,True,0.2742364054427103,0.07493653619184748,4.700562811243965,True,True,51625305.16351487,2605637.550032553,19.81292646126853,19.812926461268543,7.172516762216933e-16,5.551115123125783e-17,5.551115123125783e-17
0.7,0.3,14,True,True,0.2717123017114418,0.07493653619184748,4.700562811243965,True,True,245834784.15959466,8766143.016276455,28.043665692328222,28.043665692328243,7.601104044908932e-16,1.734723475976807e-18,1.3877787807814457e-17
0.7,0.3,15,True,True,0.2699454414316979,0.07493653619184748,4.700562811243965,True,True,1170641826.9980698,29411731.974480726,39.80186641214412,39.801866412144165,1.0711197234860866e-15,1.3877787807814457e-17,3.469446951953614e-18
0.7,0.3,16,True,True,0.26870864289356156,0.07493653619184748,4.700562811243965,True,True,5574484888.133666,98490355.9769213,56.599296782315456,56.59929678231551,1.004313164515655e-15,5.551115123125783e-17,2.7755575615628914e-17
0.7,0.3,17,True,True,0.2678428850053694,0.07493653619184748,4.700562811243965,True,True,26545166131.6365,329362365.92340887,80.59562621009776,80.59562621009786,1.23426031515778e-15,5.551115123125783e-17,5.551115123125783e-17
0.7,0.3,18,True,True,0.26723685480833875,0.07493653619184748,4.700562811243965,True,True,126405553005.45955,1100364273.7670639,114.87609696079458,114.87609696079473,1.2370593266284045e-15,2.710505431213761e-20,3.469446951953614e-18
0.7,0.3,19,True,True,0.2668126337674408,0.07493653619184748,4.700562811243965,True,True,601931204785.5692,3673712691.3330345,163.8481980928002,163.84819809280043,1.3877093437088153e-15,1.0842021724855044e-19,5.551115123125783e-17
0.7,0.3,20,True,True,0.26651567906783785,0.07493653619184748,4.700562811243965,True,True,2866339070405.1396,12259353274.661036,233.80834259255755,233.8083425925578,1.0940387414635312e-15,8.470329472543003e-22,5.551115123125783e-17
0.7,0.3,21,True,True,0.2663078107868064,0.07493653619184748,4.700562811243965,True,True,13649233668593.568,40896407973.35211,333.751406174531,333.7514061745314,1.192216496063471e-15,1.3877787807814457e-17,5.551115123125783e-17
0.7,0.3,22,True,True,0.26616230299268795,0.07493653619184748,4.700562811243965,True,True,64996350802824.19,136395885191.98006,476.5272112962973,476.52721129629776,9.542946134165437e-16,5.551115123125783e-17,5.551115123125783e-17
0.7,0.3,23,True,True,0.2660604475375855,0.07493653619184748,4.700562811243965,True,True,309506432394398.6,454827004632.659,680.4926471865308,680.4926471865317,1.3365239220926133e-15,5.551115123125783e-17,5.551115123125783e-17
0.7,0.3,24,True,True,0.2659891487192476,0.07493653619184748,4.700562811243965,True,True,1473840154259038.8,1516496405804.7913,971.8718413162903,971.8718413162917,1.4037262884493897e-15,5.551115123125783e-17,1.3877787807814457e-17
0.7,0.3,25,True,True,0.26593923954648124,0.07493653619184748,4.700562811243965,True,True,7018286448852562.0,5055936695711.692,1388.1278329305985,1388.1278329306008,1.6379880155792509e-15,1.734723475976807e-18,5.551115123125783e-17
0.7,0.3,26,True,True,0.26590430312556584,0.07493653619184748,4.700562811243965,True,True,3.3420411661202676e+16,16855336603532.135,1982.779249522625,1982.7792495226279,1.4907649358715382e-15,5.551115123125783e-17,5.551115123125783e-17
0.7,0.3,27,True,True,0.26587984763093137,0.07493653619184748,4.700562811243965,True,True,1.591448174342985e+17,56189623163046.234,2832.2812732255866,2832.281273225591,1.6055868291942893e-15,1.734723475976807e-18,3.469446951953614e-18
0.7,0.3,28,True,True,0.26586272878468914,0.07493653619184748,4.700562811243965,True,True,7.578324639728499e+17,187310804004287.5,4045.8555928012743,4045.8555928012815,1.7983730381107538e-15,1.3877787807814457e-17,1.3877787807814457e-17
0.7,0.3,29,True,True,0.2658507455923202,0.07493653619184748,4.700562811243965,True,True,3.6087260189183334e+18,624397490058829.8,5779.533192195127,5779.533192195138,1.888376804551215e-15,1.3877787807814457e-17,4.336808689942018e-19
0.7,0.3,30,True,True,0.26584235735766204,0.07493653619184748,4.700562811243965,True,True,1.7184409613896825e+19,2081390639776576.0,8256.215477043494,8256.21547704351,1.9828582087558366e-15,1.3877787807814457e-17,1.3877787807814457e-17
0.7,0.3,31,True,True,0.2658364855934014,0.07493653619184748,4.700562811243965,True,True,8.183052197093727e+19,6938122044274069.0,11794.333026826878,11794.333026826898,1.6964828272606046e-15,1.3877787807814457e-17,1.3877787807814457e-17
0.7,0.3,32,True,True,0.26583237535841897,0.07493653619184748,4.700562811243965,True,True,3.8966915224255844e+20,2.3127431066050948e+16,16848.786669374567,16848.7866693746,1.9432740117327833e-15,1.3877787807814457e-17,1.3877787807814457e-17
0.7,0.3,33,True,True,0.26582949819393126,0.07493653619184748,4.700562811243965,True,True,1.8555673916312306e+21,7.709227127408856e+16,24069.434730156983,24069.43473015703,1.964887211619353e-15,1.3877787807814457e-17,1.3877787807814457e-17
0.7,0.3,34,True,True,0.2658274841787899,0.07493653619184748,4.700562811243965,True,True,8.836035198243956e+21,2.5697618451970605e+17,34384.646245560434,34384.64624556051,2.116048413649986e-15,1.3877787807814457e-17,1.3877787807814457e-17
0.7,0.3,35,True,True,0.2658260743681909,0.07493653619184748,4.700562811243965,True,True,4.207635808687598e+22,8.565918246494907e+17,49120.66269613679,49120.6626961369,2.221862617935215e-15,1.3877787807814457e-17,1.3877787807814457e-17
0.7,0.3,36,True,True,0.2658250875007716,0.07493653619184748,4.700562811243965,True,True,2.003636099375047e+23,2.8553166824005263e+18,70172.11476838872,70172.11476838888,2.281120756305668e-15,1.3877787807814457e-17,1.3877787807814457e-17
0.7,0.3,37,True,True,0.2658243966935781,0.07493653619184748,4.700562811243965,True,True,9.541124282738318e+23,9.51774700870749e+18,100245.61772874864,100245.61772874887,2.3226017149585327e-15,1.3877787807814457e-17,1.3877787807814457e-17
0.7,0.3,38,True,True,0.2658239131285427,0.07493653619184748,4.700562811243965,True,True,4.543392515589676e+24,3.172588107537109e+19,143207.7648149771,143207.76481497745,2.4387362370471017e-15,1.3877787807814457e-17,1.3877787807814457e-17
0.7,0.3,39,True,True,0.26582357463301787,0.07493653619184748,4.700562811243965,True,True,2.1635202455188934e+25,1.0575307158201659e+20,204582.26065244636,204582.2606524468,2.133896924683261e-15,1.3877787807814457e-17,1.3877787807814457e-17
0.7,0.3,40,True,True,0.2658233376861505,0.07493653619184748,4.700562811243965,True,True,1.0302477359613776e+26,3.525105528236658e+20,292260.1118488309,292260.11184883164,2.589130576486164e-15,1.3877787807814457e-17,1.3877787807814457e-17
0.7,0.3,41,True,True,0.26582317182334336,0.07493653619184748,4.700562811243965,True,True,4.905941599816085e+26,1.1750359092528659e+21,417514.1849865232,417514.1849865243,2.6488813964286657e-15,1.3877787807814457e-17,1.3877787807814457e-17
0.7,0.3,42,True,True,0.2658230557193783,0.07493653619184748,4.700562811243965,True,True,2.336162666579088e+27,3.9167880749173205e+21,596448.5751832264,596448.575183228,2.7325314761233375e-15,1.3877787807814457e-17,1.3877787807814457e-17
0.7,0.3,43,True,True,0.26582297444660286,0.07493653619184748,4.700562811243965,True,True,1.1124584126567087e+28,1.30559642414566e+22,852069.1326070883,852069.1326070906,2.73253231156812e-15,1.3877787807814457e-17,1.3877787807814457e-17
0.7,0.3,44,True,True,0.26582291755565995,0.07493653619184748,4.700562811243965,True,True,5.297421012650994e+28,4.351989011890198e+22,1217241.3574983194,1217241.3574983226,2.677882238452177e-15,1.3877787807814457e-17,1.3877787807814457e-17
0.7,0.3,45,True,True,0.265822877732,0.07493653619184748,4.700562811243965,True,True,2.5225814345957114e+29,1.4506632212912332e+23,1738915.9644857924,1738915.964485797,2.677882639633116e-15,1.3877787807814457e-17,1.3877787807814457e-17
0.7,0.3,46,True,True,0.26582284985543797,0.07493653619184748,4.700562811243965,True,True,1.2012292545693865e+30,4.835544578069187e+23,2484165.403039325,2484165.403039332,2.8117770664828375e-15,1.3877787807814457e-17,1.3877787807814457e-17
0.7,0.3,47,True,True,0.26582283034184456,0.07493653619184748,4.700562811243965,True,True,5.720139307473269e+30,1.611848311012712e+24,3548807.4581158007,3548807.458115811,2.8867580001676e-15,1.3877787807814457e-17,1.3877787807814457e-17
0.7,0.3,48,True,True,0.2658228166823292,0.07493653619184748,4.700562811243965,True,True,2.7238758607015564e+31,5.372827979462701e+24,5069724.679653623,5069724.679653638,2.9392446602969568e-15,1.3877787807814457e-17,1.3877787807814457e-17
0.7,0.3,49,True,True,0.2658228071206684,0.07493653619184748,4.700562811243965,True,True,1.2970837431912174e+32,1.790942724241205e+25,7242463.567564798,7242463.567564819,2.9576150458093826e-15,1.3877787807814457e-17,1.3877787807814457e-17
0.7,0.4,2,True,True,0.7498583010541564,0.06328647881595816,4.579256084244094,True,True,2.071428571428572,1.9336986707509665,1.0712261443630806,1.0712261443630806,0.0,5.551115123125783e-17,5.551115123125783e-17
0.7,0.4,3,True,True,0.5809302426023344,0.06328647881595816,4.579256084244094,True,True,5.897959183673471,4.974779737845906,1.185571923678234,1.1855719236782334,5.618670630360541e-16,0.0,5.551115123125783e-17
0.7,0.4,4,True,True,0.47306731811305347,0.06328647881595816,4.579256084244094,True,True,19.56413994169097,14.185084750234903,1.3792050090759587,1.379205009075958,4.829839004292707e-16,1.3877787807814457e-17,2.7755575615628914e-17
0.7,0.4,5,True,True,0.40293222170914,0.06328647881595816,4.579256084244094,True,True,68.37192836318205,40.74159155196603,1.6781850133658485,1.678185013365848,2.6462470246911337e-16,5.551115123125783e-17,3.469446951953614e-18
0.7,0.4,6,True,True,0.3558941453639221,0.06328647881595816,4.579256084244094,True,True,242.6854584399359,114.60751892474033,2.1175352255841164,2.117535225584115,6.291596066283555e-16,1.3877787807814457e-17,6.938893903907228e-18
0.7,0.4,7,True,True,0.32370561715865437,0.06328647881595816,4.579256084244094,True,True,865.2337801426282,314.46438864268714,2.751452346884841,2.75145234688484,3.2280348983899714e-16,1.3877787807814457e-17,1.3877787807814457e-17
0.7,0.4,8,True,True,0.30143877733855795,0.06328647881595816,4.579256084244094,True,True,3088.62064336653,843.823722003479,3.6602676161239707,3.660267616123968,7.279618701547236e-16,3.469446951953614e-18,5.551115123125783e-17
0.7,0.4,9,True,True,0.28594884284405736,0.06328647881595816,4.579256084244094,True,True,11029.28801202332,2223.5323608451995,4.960255225532636,4.960255225532633,7.162360639253216e-16,1.3877787807814457e-17,5.551115123125783e-17
0.7,0.4,10,True,True,0.2751419453783744,0.06328647881595816,4.579256084244094,True,True,39388.81432865473,5776.948081938763,6.818273899985563,6.8182738999855586,6.513220447934825e-16,6.938893903907228e-18,1.3877787807814457e-17
0.7,0.4,11,True,True,0.26759076956247424,0.06328647881595816,4.579256084244094,True,True,140672.8368880526,14849.762827193372,9.473069605559484,9.473069605559473,1.1250989890485492e-15,1.3877787807814457e-17,1.3877787807814457e-17
0.7,0.4,12,True,True,0.26231018826780406,0.06328647881595816,4.579256084244094,True,True,502401.4888859022,37871.64754282788,13.265899993332793,13.265899993332779,1.071231859304242e-15,1.3877787807814457e-17,1.3877787807814457e-17
0.7,0.4,13,True,True,0.25861581600127304,0.06328647881595816,4.579256084244094,True,True,1794289.531735365,96031.5463860675,18.68437611659334,18.684376116593324,9.507177699247306e-16,1.3877787807814457e-17,5.551115123125783e-17
0.7,0.4,14,True,True,0.25603055174974065,0.06328647881595816,4.579256084244094,True,True,6408175.399054876,242503.00156982613,26.42513848311981,26.42513848311978,1.075555742065822e-15,5.551115123125783e-17,1.3877787807814457e-17
0.7,0.4,15,True,True,0.2542211803732997,0.06328647881595816,4.579256084244094,True,True,22886339.210910276,610572.3875207976,37.4834166737203,37.48341667372026,1.1373713478871802e-15,5.551115123125783e-17,1.3877787807814457e-17
0.7,0.4,16,True,True,0.2529547444622539,0.06328647881595816,4.579256084244094,True,True,81736924.25325099,1534073.1258107128,53.28098307572881,53.280983075728734,1.4669342872769811e-15,1.3877787807814457e-17,1.3877787807814457e-17
0.7,0.4,17,True,True,0.2520682885558796,0.06328647881595816,4.579256084244094,True,True,291917585.1187536,3848670.094075116,75.84894989262651,75.84894989262641,1.3115011235783041e-15,1.3877787807814457e-17,1.3877787807814457e-17
0.7,0.4,18,True,True,0.2514477890046329,0.06328647881595816,4.579256084244094,True,True,1042562802.4955487,9645418.699784756,108.08891090635747,108.08891090635727,1.8406325343141805e-15,5.551115123125783e-17,5.551115123125783e-17
0.7,0.4,19,True,True,0.25101344712138834,0.06328647881595816,4.579256084244094,True,True,3723438578.841245,24155271.68884006,154.14600286038203,154.14600286038177,1.6594357305866928e-15,5.551115123125783e-17,2.0816681711721685e-17
0.7,0.4,20,True,True,0.2507094109155751,0.06328647881595816,4.579256084244094,True,True,13297994922.933022,60461412.17777491,219.94185123947946,219.94185123947904,1.938356156654626e-15,1.3877787807814457e-17,6.938893903907228e-18
0.7,0.4,21,True,True,0.2504965868140809,0.06328647881595816,4.579256084244094,True,True,47492839008.975075,151281951.8074457,313.93592190973834,313.9359219097378,1.8106694676740917e-15,6.938893903907228e-18,2.0816681711721685e-17
0.7,0.4,22,True,True,0.2503476104393904,0.06328647881595816,4.579256084244094,True,True,169617282173.411,378429940.9478175,448.21316661305053,448.2131666130496,2.0291565922651958e-15,1.3877787807814457e-17,1.3877787807814457e-17
0.7,0.4,23,True,True,0.25024332717546033,0.06328647881595816,4.579256084244094,True,True,605776007760.6823,946469107.7291348,640.037802410817,640.0378024108157,1.953877115113105e-15,1.3877787807814457e-17,5.551115123125783e-17
0.7,0.4,24,True,True,0.25017032896999764,0.06328647881595816,4.579256084244094,True,True,2163485742000.9365,2366863204.3807263,914.0729966973304,914.0729966973284,2.11435656479351e-15,6.938893903907228e-18,1.3877787807814457e-17
0.7,0.4,25,True,True,0.25011923025787425,0.06328647881595816,4.579256084244094,True,True,7726734792858.989,5918366871.035028,1305.5518458435317,1305.5518458435286,2.438226766971889e-15,1.3877787807814457e-17,1.3877787807814457e-17
0.7,0.4,26,True,True,0.25008346117206404,0.06328647881595816,4.579256084244094,True,True,27595481403066.324,14798033416.81621,1864.8073447183417,1864.8073447183376,2.19471795280619e-15,5.551115123125783e-17,1.3877787807814457e-17
0.7,0.4,27,True,True,0.25005842281706603,0.06328647881595816,4.579256084244094,True,True,98555290725235.38,36998787860.512695,2663.7437717363555,2663.743771736349,2.3900432841783985e-15,1.3877787807814457e-17,5.551115123125783e-17
0.7,0.4,28,True,True,0.2500408959705948,0.06328647881595816,4.579256084244094,True,True,351983181161553.44,92503453311.40355,3805.0815246500856,3805.081524650075,2.748742438928566e-15,1.3877787807814457e-17,1.3877787807814457e-17
0.7,0.4,29,True,True,0.2500286271788759,0.06328647881595816,4.579256084244094,True,True,1257082789862689.5,231269981035.1112,5435.564028830185,5435.564028830171,2.509844508175173e-15,8.673617379884035e-19,5.551115123125783e-17
0.7,0.4,30,True,True,0.2500200390249969,0.06328647881595816,4.579256084244094,True,True,4489581392366746.5,578194812817.7063,7764.824749097542,7764.824749097522,2.5768622068810998e-15,5.551115123125783e-17,5.551115123125783e-17
0.7,0.4,31,True,True,0.2500140273174114,0.06328647881595816,4.579256084244094,True,True,1.603421925845267e+16,1445521789475.4727,11092.340063770955,11092.340063770922,2.9517495024124423e-15,2.168404344971009e-19,5.551115123125783e-17
0.7,0.4,32,True,True,0.25000981912215337,0.06328647881595816,4.579256084244094,True,True,5.7265068780188104e+16,3613865301678.97,15845.93337045054,15845.933370450495,2.869804764763666e-15,1.3877787807814457e-17,5.551115123125783e-17
0.7,0.4,33,True,True,0.25000687338549354,0.06328647881595816,4.579256084244094,True,True,2.045181027863861e+17,9034769706225.709,22636.780951423265,22636.780951423196,3.0535082476201992e-15,1.6940658945086007e-21,5.551115123125783e-17
0.7,0.4,34,True,True,0.25000481136984,0.06328647881595816,4.579256084244094,True,True,7.304217956656648e+17,22587110560344.55,32337.991781385368,32337.991781385273,2.924963603919027e-15,2.168404344971009e-19,5.551115123125783e-17
0.7,0.4,35,True,True,0.2500033679588858,0.06328647881595816,4.579256084244094,True,True,2.6086492702345175e+18,56468102421297.34,46196.864395617566,46196.86439561742,3.1499789907272053e-15,6.505213034913027e-19,5.551115123125783e-17
0.7,0.4,36,True,True,0.25000235757121914,0.06328647881595816,4.579256084244094,True,True,9.31660453655185e+18,141170826594605.44,65995.25384452105,65995.25384452083,3.3074913074771828e-15,8.673617379884035e-19,5.551115123125783e-17
0.7,0.4,37,True,True,0.25000165029985305,0.06328647881595816,4.579256084244094,True,True,3.3273587630542324e+19,352928064940756.4,94278.66734295481,94278.6673429545,3.2413506512991754e-15,8.673617379884035e-19,1.3877787807814457e-17
0.7,0.4,38,True,True,0.250001155209897,0.06328647881595816,4.579256084244094,True,True,1.1883424153765116e+20,882321909655218.2,134683.54376928892,134683.54376928843,3.673538013018136e-15,8.673617379884035e-19,1.3877787807814457e-17
0.7,0.4,39,True,True,0.25000080864692786,0.06328647881595816,4.579256084244094,True,True,4.2440800549161134e+20,2205807831929162.8,192404.79580690907,192404.79580690837,3.630324951268856e-15,8.673617379884035e-19,5.551115123125783e-17
0.7,0.4,40,True,True,0.2500005660528495,0.06328647881595816,4.579256084244094,True,True,1.515742876755755e+21,5514524930969970.0,274863.7272892237,274863.72728922265,3.8118448977443334e-15,8.673617379884035e-19,1.3877787807814457e-17
0.7,0.4,41,True,True,0.25000039623699466,0.06328647881595816,4.579256084244094,True,True,5.413367416984839e+21,1.3786321691947736e+16,392662.2008353874,392662.20083538594,3.705962834570723e-15,8.673617379884035e-19,1.3877787807814457e-17
0.7,0.4,42,True,True,0.25000027736589625,0.06328647881595816,4.579256084244094,True,True,1.9333455060660142e+22,3.4465820617803176e+16,560945.7344727642,560945.734472762,3.9431463308848196e-15,8.673617379884035e-19,1.3877787807814457e-17
0.7,0.4,43,True,True,0.2500001941561274,0.06328647881595816,4.579256084244094,True,True,6.904805378807195e+22,8.616458022341534e+16,801350.7825261597,801350.7825261565,3.922394234667942e-15,8.673617379884035e-19,1.3877787807814457e-17
0.7,0.4,44,True,True,0.25000013590928916,0.06328647881595816,4.579256084244094,True,True,2.46600192100257e+23,2.154115007466547e+17,1144786.565459582,1144786.5654595771,4.271052495072201e-15,8.673617379884035e-19,1.3877787807814457e-17
0.7,0.4,45,True,True,0.25000009513650245,0.06328647881595816,4.579256084244094,True,True,8.807149717866321e+23,5.3852883969587514e+17,1635409.1125073277,1635409.1125073212,3.986316312199933e-15,8.673617379884035e-19,1.3877787807814457e-17
0.7,0.4,46,True,True,0.25000006659555174,0.06328647881595816,4.579256084244094,True,True,3.1454106135236864e+24,1.3463222529408975e+18,2336298.4654326793,2336298.4654326695,4.185632605657484e-15,8.673617379884035e-19,1.3877787807814457e-17
0.7,0.4,47,True,True,0.25000004661688624,0.06328647881595816,4.579256084244094,True,True,1.123360933401317e+25,3.365805901329413e+18,3337568.9696117537,3337568.9696117393,4.325154038155863e-15,8.673617379884035e-19,1.3877787807814457e-17
0.7,0.4,48,True,True,0.25000003263182036,0.06328647881595816,4.579256084244094,True,True,4.012003333576132e+25,8.414515224033641e+18,4767955.404153288,4767955.404153266,4.6879091552117605e-15,8.673617379884035e-19,1.3877787807814457e-17
0.7,0.4,49,True,True,0.25000002284227424,0.06328647881595816,4.579256084244094,True,True,1.4328583334200472e+26,2.1036288883826876e+19,6811364.59635548,6811364.5963554485,4.648843427625239e-15,8.673617379884035e-19,1.3877787807814457e-17
0.7,0.5,2,True,True,0.7577850991320322,0.05031386395084201,4.808481071760291,True,True,1.8571428571428574,1.7155259472494528,1.082550141617189,1.0825501416171888,2.0511253602842416e-16,0.0,0.0
0.7,0.5,3,True,True,0.5872480694445671,0.05031386395084201,4.808481071760291,True,True,4.306122448979593,3.5930301175714168,1.1984654478460555,1.1984654478460552,1.8527409807608678e-16,5.551115123125783e-17,0.0
0.7,0.5,4,True,True,0.4719538879067672,0.05031386395084201,4.808481071760291,True,True,11.303206997084551,8.21478559525266,1.3759588568710417,1.3759588568710417,0.0,1.3877787807814457e-17,1.3877787807814457e-17
0.7,0.5,5,True,True,0.3952512235445438,0.05031386395084201,4.808481071760291,True,True,31.294877134527287,19.01044083460808,1.646194183858991,1.6461941838589915,2.697672086345447e-16,1.3877787807814457e-17,6.938893903907228e-18
0.7,0.5,6,True,True,0.343838066573729,0.05031386395084201,4.808481071760291,True,True,88.41393467007799,43.21723347293671,2.0458027403684724,2.0458027403684724,0.0,6.938893903907228e-18,6.938893903907228e-18
0.7,0.5,7,True,True,0.30895397190149365,0.05031386395084201,4.808481071760291,True,True,251.61124191450853,95.81301323887236,2.6260654310830835,2.6260654310830844,3.382164089239042e-16,6.938893903907228e-18,5.551115123125783e-17
0.7,0.5,8,True,True,0.2850482971192421,0.05031386395084201,4.808481071760291,True,True,717.8892626128817,207.40789647751606,3.461243640213593,3.4612436402135924,1.2830336607643662e-16,5.551115123125783e-17,0.0
0.7,0.5,9,True,True,0.2685518252025841,0.05031386395084201,4.808481071760291,True,True,2050.1121788939477,440.0822347822301,4.658475204999864,4.6584752049998635,1.9065861266082478e-16,1.734723475976807e-18,3.469446951953614e-18
0.7,0.5,10,True,True,0.25711529404401784,0.05031386395084201,4.808481071760291,True,True,5856.463368268421,919.1573844399185,6.371556675070409,6.3715566750704085,1.3939739768387298e-16,6.938893903907228e-18,2.7755575615628914e-17
0.7,0.5,11,True,True,0.2491622823464101,0.05031386395084201,4.808481071760291,True,True,16731.752480766918,1896.8785739568805,8.82067661603903,8.82067661603903,0.0,6.938893903907228e-18,5.551115123125783e-17
0.7,0.5,12,True,True,0.24362037496844097,0.05031386395084201,4.808481071760291,True,True,47804.007087905484,3879.976855372702,12.320693877776632,12.320693877776636,2.883533763637033e-16,3.469446951953614e-18,2.7755575615628914e-17
0.7,0.5,13,True,True,0.23975325088067653,0.05031386395084201,4.808481071760291,True,True,136581.87739401567,7885.060930428058,17.321600758588055,17.321600758588055,0.0,8.673617379884035e-19,2.7755575615628914e-17
0.7,0.5,14,True,True,0.23705223057426159,0.05031386395084201,4.808481071760291,True,True,390232.93541147345,15949.768896349544,24.46636925885408,24.46636925885408,0.0,2.7755575615628914e-17,2.7755575615628914e-17
0.7,0.5,15,True,True,0.23516445034817043,0.05031386395084201,4.808481071760291,True,True,1114950.2440327813,32155.58216652612,34.67361400141098,34.67361400141098,0.0,2.7755575615628914e-17,2.7755575615628914e-17
0.7,0.5,16,True,True,0.23384445377892352,0.05031386395084201,4.808481071760291,True,True,3185571.125807947,64674.16532516749,49.2556975384467,49.255697538446704,1.4425594830029228e-16,5.551115123125783e-17,5.551115123125783e-17
0.7,0.5,17,True,True,0.23292117484624567,0.05031386395084201,4.808481071760291,True,True,9101630.788022706,129861.04172287817,70.0874616996025,70.0874616996025,0.0,5.551115123125783e-17,1.3877787807814457e-17
0.7,0.5,18,True,True,0.2322752367723616,0.05031386395084201,4.808481071760291,True,True,26004658.394350592,260444.33889731526,99.84727832615084,99.84727832615084,0.0,2.168404344971009e-19,2.7755575615628914e-17
0.7,0.5,19,True,True,0.23182325795414238,0.05031386395084201,4.808481071760291,True,True,74299022.98385884,521904.2317242813,142.36141128495495,142.36141128495493,1.996447574793583e-16,6.938893903907228e-18,2.7755575615628914e-17
0.7,0.5,20,True,True,0.23150696143302912,0.05031386395084201,4.808481071760291,True,True,212282921.81102526,1045234.5624469004,203.09596471252314,203.09596471252317,1.3994226557201256e-16,1.734723475976807e-18,2.7755575615628914e-17
0.7,0.5,21,True,True,0.2312855981011586,0.05031386395084201,4.808481071760291,True,True,606522632.7457865,2092469.9084122535,289.85966790127475,289.8596679012747,1.9610668594351908e-16,1.3877787807814457e-17,1.3877787807814457e-17
0.7,0.5,22,True,True,0.23113066585275513,0.05031386395084201,4.808481071760291,True,True,1732921806.8451042,4187745.0766731543,413.8078548519909,413.8078548519909,0.0,6.938893903907228e-18,4.336808689942018e-19
0.7,0.5,23,True,True,0.23102222430942668,0.05031386395084201,4.808481071760291,True,True,4951205161.414584,8379421.596263085,590.8767215654408,590.8767215654408,0.0,1.734723475976807e-18,5.551115123125783e-17
0.7,0.5,24,True,True,0.23094632074038232,0.05031386395084201,4.808481071760291,True,True,14146300460.184525,16764351.207261374,843.8322655789473,843.8322655789473,0.0,5.551115123125783e-17,2.7755575615628914e-17
0.7,0.5,25,True,True,0.23089319099629674,0.05031386395084201,4.808481071760291,True,True,40418001313.812935,33536417.545400094,1205.1973428317697,1205.1973428317697,0.0,1.3877787807814457e-17,2.7755575615628914e-17
0.7,0.5,26,True,True,0.2308560015520703,0.05031386395084201,4.808481071760291,True,True,115480003752.75125,67083640.100454874,1721.4331777438567,1721.433177743857,1.3208393934943923e-16,2.7755575615628914e-17,5.551115123125783e-17
0.7,0.5,27,True,True,0.23082996962925734,0.05031386395084201,4.808481071760291,True,True,329942867864.00354,134182410.95795117,2458.9129492344414,2458.912949234442,1.849383692204497e-16,6.938893903907228e-18,2.7755575615628914e-17
0.7,0.5,28,True,True,0.23081174762730114,0.05031386395084201,4.808481071760291,True,True,942693908181.8676,268386008.637525,3512.4554851704092,3512.4554851704092,0.0,3.469446951953614e-18,2.7755575615628914e-17
0.7,0.5,29,True,True,0.2307989923979172,0.05031386395084201,4.808481071760291,True,True,2693411166232.907,536801682.26660866,5017.516254532142,5017.516254532143,1.8126392733684007e-16,1.734723475976807e-18,2.7755575615628914e-17
0.7,0.5,30,True,True,0.23079006382333384,0.05031386395084201,4.808481071760291,True,True,7695460474950.164,1073644899.023577,7167.603070576479,7167.60307057648,1.2688965792573932e-16,1.3877787807814457e-17,5.551115123125783e-17
0.7,0.5,31,True,True,0.23078381386411556,0.05031386395084201,4.808481071760291,True,True,21987029928428.04,2147347949.7581444,10239.155666832865,10239.155666832867,1.7765033199348738e-16,6.938893903907228e-18,2.7755575615628914e-17
0.7,0.5,32,True,True,0.23077943891415692,0.05031386395084201,4.808481071760291,True,True,62820085509793.4,4294777315.2599115,14627.08794856146,14627.087948561462,1.2435758983214083e-16,5.551115123125783e-17,5.551115123125783e-17
0.7,0.5,33,True,True,0.2307763764599327,0.05031386395084201,4.808481071760291,True,True,179485958599408.75,8589668615.834331,20895.562637718234,20895.562637718238,1.7410293611931067e-16,8.673617379884035e-19,2.7755575615628914e-17
0.7,0.5,34,True,True,0.23077423274734898,0.05031386395084201,4.808481071760291,True,True,512817024569738.25,17179496814.30905,29850.526480065793,29850.5264800658,2.437463747596651e-16,1.3877787807814457e-17,2.7755575615628914e-17
0.7,0.5,35,True,True,0.23077273215122696,0.05031386395084201,4.808481071760291,True,True,1465191498770680.2,34359217047.4428,42643.33196963019,42643.331969630184,1.706235718016883e-16,5.551115123125783e-17,2.7755575615628914e-17
0.7,0.5,36,True,True,0.23077168173528484,0.05031386395084201,4.808481071760291,True,True,4186261425059085.5,68718746884.29782,60918.7683836482,60918.7683836482,0.0,6.938893903907228e-18,1.3877787807814457e-17
0.7,0.5,37,True,True,0.230770946444797,0.05031386395084201,4.808481071760291,True,True,1.1960746928740244e+16,137437931676.76128,87026.5346896415,87026.5346896415,0.0,2.7755575615628914e-17,2.7755575615628914e-17
0.7,0.5,38,True,True,0.2307704317417913,0.05031386395084201,4.808481071760291,True,True,3.4173562653543548e+16,274876476427.8752,124323.34369838425,124323.34369838425,0.0,6.938893903907228e-18,1.3877787807814457e-17
0.7,0.5,39,True,True,0.23077007144985523,0.05031386395084201,4.808481071760291,True,True,9.763875043869586e+16,549753811162.6985,177604.49942528887,177604.49942528887,0.0,6.938893903907228e-18,2.7755575615628914e-17
0.7,0.5,40,True,True,0.23076981924558393,0.05031386395084201,4.808481071760291,True,True,2.789678583962739e+17,1099508823957.9137,253720.43617810204,253720.43617810204,0.0,6.938893903907228e-18,2.7755575615628914e-17
0.7,0.5,41,True,True,0.23076964270263603,0.05031386395084201,4.808481071760291,True,True,7.970510239893541e+17,2199019330204.0762,362457.4886821869,362457.4886821869,0.0,6.938893903907228e-18,2.7755575615628914e-17
0.7,0.5,42,True,True,0.23076951912259344,0.05031386395084201,4.808481071760291,True,True,2.2772886399695834e+18,4398041015614.364,517796.1351166408,517796.13511664077,1.12414243687538e-16,6.938893903907228e-18,2.7755575615628914e-17
0.7,0.5,43,True,True,0.23076943261657418,0.05031386395084201,4.808481071760291,True,True,6.506538971341666e+18,8796085328520.024,739708.4871658944,739708.4871658944,0.0,6.938893903907228e-18,2.7755575615628914e-17
0.7,0.5,44,True,True,0.23076937206236592,0.05031386395084201,4.808481071760291,True,True,1.859011134669048e+19,17592175273250.408,1056726.1329505665,1056726.1329505662,2.203320580364236e-16,6.938893903907228e-18,2.7755575615628914e-17
0.7,0.5,45,True,True,0.23076932967442274,0.05031386395084201,4.808481071760291,True,True,5.311460384768708e+19,35184357009197.8,1509608.4840715434,1509608.4840715434,0.0,6.938893903907228e-18,2.7755575615628914e-17
0.7,0.5,46,True,True,0.23076930000286386,0.05031386395084201,4.808481071760291,True,True,1.5175601099339167e+20,70368723066173.81,2156583.271387237,2156583.2713872376,2.159254843000796e-16,6.938893903907228e-18,1.3877787807814457e-17
0.7,0.5,47,True,True,0.23076927923277327,0.05031386395084201,4.808481071760291,True,True,4.335886028382619e+20,140737458799239.47,3080832.967552523,3080832.9675525236,1.5114785261392152e-16,6.938893903907228e-18,6.938893903907228e-18
0.7,0.5,48,True,True,0.23076926469371017,0.05031386395084201,4.808481071760291,True,True,1.2388245795378912e+21,281474935332129.88,4401189.67636008,4401189.67636008,0.0,6.938893903907228e-18,3.469446951953614e-18
0.7,0.5,49,True,True,0.2307692545163662,0.05031386395084201,4.808481071760291,True,True,3.53949879867969e+21,562949895491373.25,6287413.546085169,6287413.546085168,1.4812491142647403e-16,6.938893903907228e-18,1.734723475976807e-18
0.7,0.6,2,True,True,0.7653531461215697,0.03652936332627422,5.408775131818329,True,True,1.7142857142857142,1.5679036613111281,1.093361637316528,1.0933616373165282,2.0308432027119805e-16,5.551115123125783e-17,0.0
0.7,0.6,3,True,True,0.5966329957292673,0.03652936332627422,5.408775131818329,True,True,3.4149659863945585,2.8046275437515997,1.2176183586311577,1.2176183586311577,0.0,2.7755575615628914e-17,2.7755575615628914e-17
0.7,0.6,4,True,True,0.4760087056799529,0.03652936332627422,5.408775131818329,True,True,7.464204729510854,5.378519744854421,1.3877804830319325,1.387780483031933,3.1999960748824286e-16,2.7755575615628914e-17,1.1102230246251565e-16
0.7,0.6,5,True,True,0.39202386068925205,0.03652936332627422,5.408775131818329,True,True,17.105249355978223,10.476327545852799,1.6327524393554855,1.6327524393554858,1.359940426808864e-16,5.551115123125783e-17,1.1102230246251565e-16
0.7,0.6,6,True,True,0.3343462054072024,0.03652936332627422,5.408775131818329,True,True,40.060117514233866,20.137521651897437,1.9893270982757327,1.9893270982757334,3.348538384423915e-16,5.551115123125783e-17,2.7755575615628914e-17
0.7,0.6,7,True,True,0.29484022775810637,0.03652936332627422,5.408775131818329,True,True,94.71456551008063,37.79360096966656,2.506100585284247,2.506100585284248,5.316097994522749e-16,6.938893903907228e-18,8.326672684688674e-17
0.7,0.6,8,True,True,0.2677271722122973,0.03652936332627422,5.408775131818329,True,True,224.84420359543012,69.16327111346008,3.2509191652688108,3.2509191652688134,8.1962519633429565e-16,5.551115123125783e-17,8.326672684688674e-17
0.7,0.6,9,True,True,0.2490613130867025,0.03652936332627422,5.408775131818329,True,True,534.6766752272144,123.75686106470974,4.320380063192164,4.320380063192166,6.167363102614752e-16,5.551115123125783e-17,1.3877787807814457e-16
0.7,0.6,10,True,True,0.23617285474934605,0.03652936332627422,5.408775131818329,True,True,1272.3730362552726,217.40365342551794,5.852583506335532,5.8525835063355345,4.552750518153162e-16,1.1102230246251565e-16,8.326672684688674e-17
0.7,0.6,11,True,True,0.2272516879447395,0.03652936332627422,5.408775131818329,True,True,3028.792943464935,376.48082996098395,8.045012394864354,8.04501239486436,6.62406750498313e-16,1.3877787807814457e-17,8.326672684688674e-17
0.7,0.6,12,True,True,0.22106447740347268,0.03652936332627422,5.408775131818329,True,True,7210.745103487941,644.9701597267583,11.179967002725792,11.179967002725803,9.533249099753986e-16,5.551115123125783e-17,6.938893903907228e-18
0.7,0.6,13,True,True,0.21676669526936482,0.03652936332627422,5.408775131818329,True,True,17167.77405592367,1096.2204826467137,15.66087692000957,15.660876920009587,1.0208375709904033e-15,5.551115123125783e-17,2.7755575615628914e-17
0.7,0.6,14,True,True,0.21377763575721584,0.03652936332627422,5.408775131818329,True,True,40874.98584743731,1852.5496903034461,22.064177852493675,22.064177852493692,8.050863491383101e-16,1.3877787807814457e-17,2.7755575615628914e-17
0.7,0.6,15,True,True,0.21169668097202582,0.03652936332627422,5.408775131818329,True,True,97320.72820818408,3117.9120538965403,31.213429540631108,31.21342954063114,1.024380325384712e-15,2.7755575615628914e-17,5.551115123125783e-17
0.7,0.6,16,True,True,0.21024674024306803,0.03652936332627422,5.408775131818329,True,True,231715.35287662878,5232.342196164982,44.28520616378327,44.28520616378333,1.2835757984411249e-15,5.551115123125783e-17,5.551115123125783e-17
0.7,0.6,17,True,True,0.20923577425415618,0.03652936332627422,5.408775131818329,True,True,551702.5544681638,8762.694980372271,62.96037414333523,62.9603741433353,1.1285554532164657e-15,6.938893903907228e-18,8.326672684688674e-17
0.7,0.6,18,True,True,0.20853047509805245,0.03652936332627422,5.408775131818329,True,True,1313576.8439718185,14653.880025505741,89.64020735023615,89.64020735023624,9.511928944794806e-16,5.551115123125783e-17,5.551115123125783e-17
0.7,0.6,19,True,True,0.20803818418344386,0.03652936332627422,5.408775131818329,True,True,3127563.2475519483,24480.921810717602,127.7551258785819,127.75512587858205,1.223586144134736e-15,1.1102230246251565e-16,3.469446951953614e-18
0.7,0.6,20,True,True,0.20769442841378805,0.03652936332627422,5.408775131818329,True,True,7446578.494171308,40869.06345682091,182.2057533087047,182.20575330870489,1.091908254267639e-15,6.938893903907228e-18,8.326672684688674e-17
0.7,0.6,21,True,True,0.20745430675135582,0.03652936332627422,5.408775131818329,True,True,17729948.128979303,68193.94423302895,259.9929997947238,259.9929997947241,1.0931721028198527e-15,1.1102230246251565e-16,5.551115123125783e-17
0.7,0.6,22,True,True,0.20728652545198892,0.03652936332627422,5.408775131818329,True,True,42214161.54518882,113748.56752215674,371.1181816594398,371.1181816594402,1.0721757965250975e-15,1.3877787807814457e-17,2.7755575615628914e-17
0.7,0.6,23,True,True,0.20716926062679616,0.03652936332627422,5.408775131818329,True,True,100509907.77425908,189688.25385483078,529.8689071764019,529.8689071764027,1.5018957581264035e-15,5.551115123125783e-17,1.1102230246251565e-16
0.7,0.6,24,True,True,0.2070872844020219,0.03652936332627422,5.408775131818329,True,True,239309303.55775976,316272.236806593,756.6560567379246,756.6560567379257,1.5024902888075664e-15,6.938893903907228e-18,2.7755575615628914e-17
0.7,0.6,25,True,True,0.20702996649557798,0.03652936332627422,5.408775131818329,True,True,569784055.4232376,527266.3315690985,1080.6380406039013,1080.6380406039032,1.6832550171279676e-15,6.938893903907228e-18,2.7755575615628914e-17
0.7,0.6,26,True,True,0.2069898832145535,0.03652936332627422,5.408775131818329,True,True,1356628702.7219942,878947.3927429041,1543.4697388297661,1543.4697388297686,1.6204466903068992e-15,1.3877787807814457e-17,1.3877787807814457e-16
0.7,0.6,27,True,True,0.20696184846280016,0.03652936332627422,5.408775131818329,True,True,3230068339.1476054,1465110.7558336712,2204.65812996482,2204.6581299648237,1.6501328517314195e-15,6.938893903907228e-18,8.326672684688674e-17
0.7,0.6,28,True,True,0.20694223826057018,0.03652936332627422,5.408775131818329,True,True,7690638902.065726,2442082.65353399,3149.213189380154,3149.2131893801593,1.7328036822148684e-15,5.551115123125783e-17,2.7755575615628914e-17
0.7,0.6,29,True,True,0.20692851959216027,0.03652936332627422,5.408775131818329,True,True,18311045004.251736,4070407.5922552194,4498.577744177815,4498.577744177824,2.0217383215173285e-15,2.7755575615628914e-17,2.7755575615628914e-17
0.7,0.6,30,True,True,0.20691892160764178,0.03652936332627422,5.408775131818329,True,True,43597726199.93269,6784327.331732331,6426.241551761967,6426.241551761979,1.9813954583344005e-15,6.938893903907228e-18,5.551115123125783e-17
0.7,0.6,31,True,True,0.20691220606828128,0.03652936332627422,5.408775131818329,True,True,103804109999.17308,11307579.206186207,9180.047126478088,9180.047126478106,1.9814597664747562e-15,6.938893903907228e-18,1.3877787807814457e-17
0.7,0.6,32,True,True,0.20690750702051877,0.03652936332627422,5.408775131818329,True,True,247152642854.50735,18846393.351704076,13114.055206332621,13114.055206332647,1.941874671790674e-15,8.673617379884035e-19,8.326672684688674e-17
0.7,0.6,33,True,True,0.20690421878492055,0.03652936332627422,5.408775131818329,True,True,588458673462.4462,31411154.78154563,18734.066848385068,18734.066848385104,1.9419055331305764e-15,6.938893903907228e-18,8.326672684688674e-17
0.7,0.6,34,True,True,0.20690191767868704,0.03652936332627422,5.408775131818329,True,True,1401092079671.8242,52352506.879594296,26762.65499366058,26762.65499366064,2.174958386126311e-15,5.551115123125783e-17,2.7755575615628914e-17
0.7,0.6,35,True,True,0.20690030729952794,0.03652936332627422,5.408775131818329,True,True,3335933523027.487,87254857.2631439,38232.06670279629,38232.066702796365,1.9031034002802806e-15,1.1102230246251565e-16,5.551115123125783e-17
0.7,0.6,36,True,True,0.20689918027123638,0.03652936332627422,5.408775131818329,True,True,7942698864350.493,145425554.26796588,54616.940635584695,54616.94063558481,2.131487418961842e-15,1.1102230246251565e-16,5.551115123125783e-17
0.7,0.6,37,True,True,0.20689839149370295,0.03652936332627422,5.408775131818329,True,True,18911187772262.41,242376847.8116873,78023.90345036298,78023.90345036316,2.238070322276211e-15,2.7755575615628914e-17,2.7755575615628914e-17
0.7,0.6,38,True,True,0.2068978394347915,0.03652936332627422,5.408775131818329,True,True,45026637553005.07,403962490.8968376,111462.42180317629,111462.42180317655,2.3499801087503244e-15,6.938893903907228e-18,8.326672684688674e-17
0.7,0.6,39,True,True,0.2068974530447704,0.03652936332627422,5.408775131818329,True,True,107206279888106.66,673272075.5240214,159231.73377518417,159231.7337751845,2.010542292254833e-15,6.938893903907228e-18,8.326672684688674e-17
0.7,0.6,40,True,True,0.20689718260248566,0.03652936332627422,5.408775131818329,True,True,255253047352634.16,1122121592.634425,227473.60805469577,227473.60805469638,2.686819120767841e-15,1.1102230246251565e-16,5.551115123125783e-17
0.7,0.6,41,True,True,0.20689699331132447,0.03652936332627422,5.408775131818329,True,True,607745350839604.8,1870204365.4490764,324961.9999115294,324961.9999115303,2.686821578952965e-15,2.7755575615628914e-17,8.326672684688674e-17
0.7,0.6,42,True,True,0.20689686081857434,0.03652936332627422,5.408775131818329,True,True,1447012740094296.0,3117009271.819663,464231.1311603997,464231.131160401,2.7584719208626735e-15,1.1102230246251565e-16,8.326672684688674e-17
0.7,0.6,43,True,True,0.20689676808028692,0.03652936332627422,5.408775131818329,True,True,3445268428795942.5,5195017781.618378,663187.0329657765,663187.0329657784,2.808627214710745e-15,1.1102230246251565e-16,5.551115123125783e-17
0.7,0.6,44,True,True,0.2068967031674684,0.03652936332627422,5.408775131818329,True,True,8203020068561769.0,8658365685.882574,947409.7498488376,947409.7498488404,2.9490595006988416e-15,1.1102230246251565e-16,2.7755575615628914e-17
0.7,0.6,45,True,True,0.20689665773088492,0.03652936332627422,5.408775131818329,True,True,1.9531000163242304e+16,14430612645.57769,1353442.2025545565,1353442.2025545603,2.7524561384524577e-15,1.734723475976807e-18,2.7755575615628914e-17
0.7,0.6,46,True,True,0.20689662592671018,0.03652936332627422,5.408775131818329,True,True,4.65023813410531e+16,24051024773.088734,1933488.5635761237,1933488.5635761297,3.1309193387749015e-15,6.938893903907228e-18,8.326672684688674e-17
0.7,0.6,47,True,True,0.2068966036646482,0.03652936332627422,5.408775131818329,True,True,1.1071995557393598e+17,40085045601.62923,2762126.2221898497,2762126.2221898576,2.8659957031056476e-15,1.734723475976807e-18,8.326672684688674e-17
0.7,0.6,48,True,True,0.20689658808172087,0.03652936332627422,5.408775131818329,True,True,2.636189418427047e+17,66808414367.889,3945894.305933585,3945894.3059335966,2.950289916581813e-15,6.938893903907228e-18,5.551115123125783e-17
0.7,0.6,49,True,True,0.20689657717398147,0.03652936332627422,5.408775131818329,True,True,6.27664147244535e+17,111347363150.12941,5636991.568433074,5636991.568433091,2.9738923927002486e-15,3.469446951953614e-18,5.551115123125783e-17
0.7,0.7,2,True,True,0.7725694664329306,0.02294686310305835,6.617137100600422,True,True,1.612244897959184,1.460802526641666,1.103670666332758,1.103670666332758,0.0,5.551115123125783e-17,5.551115123125783e-17
0.7,0.7,3,True,True,0.6087261865488148,0.02294686310305835,6.617137100600422,True,True,2.8617242815493555,2.303572491121565,1.2422983398955407,1.2422983398955405,1.787369408733993e-16,1.1102230246251565e-16,5.551115123125783e-17
0.7,0.7,4,True,True,0.48637282578915125,0.02294686310305835,6.617137100600422,True,True,5.411682207243583,3.816428259684963,1.4179965766447564,1.4179965766447562,1.565903674114857e-16,2.7755575615628914e-17,2.7755575615628914e-17
0.7,0.7,5,True,True,0.3961930321655204,0.02294686310305835,6.617137100600422,True,True,10.615677973966495,6.43328901474601,1.650116752042984,1.650116752042984,0.0,5.551115123125783e-17,5.551115123125783e-17
0.7,0.7,6,True,True,0.3311521512648553,0.02294686310305835,6.617137100600422,True,True,21.236077497890808,10.777968771870984,1.9703227896998596,1.9703227896998599,1.126945321273249e-16,1.1102230246251565e-16,4.163336342344337e-17
0.7,0.7,7,True,True,0.28496104834855,0.02294686310305835,6.617137100600422,True,True,42.9103622405935,17.715969380729824,2.4221289458350697,2.42212894583507,1.8334664247074398e-16,2.7755575615628914e-17,2.7755575615628914e-17
0.7,0.7,8,True,True,0.25243552921369705,0.02294686310305835,6.617137100600422,True,True,87.14359640937451,28.429634703683963,3.0652379925965874,3.065237992596588,1.448791940210395e-16,1.1102230246251565e-16,5.551115123125783e-17
0.7,0.7,9,True,True,0.2296266304689544,0.02294686310305835,6.617137100600422,True,True,177.41550287627453,44.5403508429275,3.983253376290952,3.9832533762909508,3.3446720650011555e-16,5.551115123125783e-17,2.7755575615628914e-17
0.7,0.7,10,True,True,0.213659747096651,0.02294686310305835,6.617137100600422,True,True,361.64388342096845,68.3031565085678,5.2946877114764765,5.2946877114764765,0.0,5.551115123125783e-17,8.326672684688674e-17
0.7,0.7,11,True,True,0.20248950085077377,0.02294686310305835,6.617137100600422,True,True,737.6201702468745,102.89888630396705,7.1683979947841,7.168397994784099,1.2390194020287175e-16,2.7755575615628914e-17,5.551115123125783e-17
0.7,0.7,12,True,True,0.19467594919772607,0.02294686310305835,6.617137100600422,True,True,1504.91871478954,152.85483558999917,9.84541122942402,9.84541122942402,0.0,1.1102230246251565e-16,1.1102230246251565e-16
0.7,0.7,13,True,True,0.18921004630875432,0.02294686310305835,6.617137100600422,True,True,3070.8341118153876,224.64080379170602,13.669974732919675,13.669974732919673,1.2994587584148744e-16,1.1102230246251565e-16,4.163336342344337e-17
0.7,0.7,14,True,True,0.1853859553681967,0.02294686310305835,6.617137100600422,True,True,6266.579820031407,327.51279145900094,19.133847542610795,19.13384754261079,1.8567690951277106e-16,1.1102230246251565e-16,2.7755575615628914e-17
0.7,0.7,15,True,True,0.18271018982182857,0.02294686310305835,6.617137100600422,True,True,12788.509836798788,474.7114787156277,26.939542038037903,26.9395420380379,1.3187728558206987e-16,5.551115123125783e-17,5.551115123125783e-17
0.7,0.7,16,True,True,0.1808377256393929,0.02294686310305835,6.617137100600422,True,True,26098.57109550773,685.1699287825619,38.09065459408113,38.09065459408113,0.0,2.7755575615628914e-17,5.551115123125783e-17
0.7,0.7,17,True,True,0.1795272923799048,0.02294686310305835,6.617137100600422,True,True,53261.96141940354,985.9509617658179,54.020903153248575,54.02090315324858,1.3153107302638114e-16,5.551115123125783e-17,5.551115123125783e-17
0.7,0.7,18,True,True,0.1786101359722958,0.02294686310305835,6.617137100600422,True,True,108697.45187633375,1415.7283942168522,76.7784642311018,76.77846423110181,1.850890722745845e-16,1.1102230246251565e-16,5.551115123125783e-17
0.7,0.7,19,True,True,0.1779681998123019,0.02294686310305835,6.617137100600422,True,True,221831.10587006895,2029.7603145916764,109.28931079958294,109.28931079958294,0.0,5.551115123125783e-17,5.551115123125783e-17
0.7,0.7,20,True,True,0.17751888089516385,0.02294686310305835,6.617137100600422,True,True,452716.1140205489,2906.9941779867613,155.7334092543926,155.73340925439257,1.825023260357498e-16,1.1102230246251565e-16,5.551115123125783e-17
0.7,0.7,21,True,True,0.17720437564628705,0.02294686310305835,6.617137100600422,True,True,923910.0082052018,4160.217440504434,222.08214388264668,222.08214388264668,0.0,5.551115123125783e-17,8.326672684688674e-17
0.7,0.7,22,True,True,0.17698423084345613,0.02294686310305835,6.617137100600422,True,True,1885530.2004187799,5950.558928493224,316.86606637743625,316.86606637743625,0.0,5.551115123125783e-17,4.163336342344337e-17
0.7,0.7,23,True,True,0.1768301338472321,0.02294686310305835,6.617137100600422,True,True,3848020.388609755,8508.205464437806,452.271681107553,452.2716811075529,1.2568423192362184e-16,1.1102230246251565e-16,5.551115123125783e-17
0.7,0.7,24,True,True,0.176722268095538,0.02294686310305835,6.617137100600422,True,True,7853102.405326033,12161.997346647695,645.7082814189763,645.7082814189763,0.0,2.7755575615628914e-17,4.163336342344337e-17
0.7,0.7,25,True,True,0.17664676312293617,0.02294686310305835,6.617137100600422,True,True,16026739.174134765,17381.707831572632,922.0462873632783,922.0462873632782,1.2329840625107837e-16,2.7755575615628914e-17,2.7755575615628914e-17
0.7,0.7,26,True,True,0.17659391015912884,0.02294686310305835,6.617137100600422,True,True,32707630.53905054,24838.442560085023,1316.8148711389488,1316.8148711389483,3.4533886338414526e-16,5.551115123125783e-17,6.938893903907228e-17
0.7,0.7,27,True,True,0.17655691333806056,0.02294686310305835,6.617137100600422,True,True,66750265.977654174,35490.92457219033,1880.7699935199144,1880.769993519914,2.4178785946887195e-16,2.7755575615628914e-17,2.7755575615628914e-17
0.7,0.7,28,True,True,0.17653101568766436,0.02294686310305835,6.617137100600422,True,True,136225032.1788861,50708.75869972457,2686.420170242227,2686.420170242227,0.0,6.938893903907228e-18,2.7755575615628914e-17
0.7,0.7,29,True,True,0.1765128873933498,0.02294686310305835,6.617137100600422,True,True,278010269.3242573,72448.5236170655,3837.348995456562,3837.348995456562,0.0,5.551115123125783e-17,1.1102230246251565e-16
0.7,0.7,30,True,True,0.176500197617212,0.02294686310305835,6.617137100600422,True,True,567367896.1515458,103505.33195685326,5481.533032405095,5481.533032405094,1.659197703263453e-16,8.326672684688674e-17,1.1102230246251565e-16
0.7,0.7,31,True,True,0.17649131478856134,0.02294686310305835,6.617137100600422,True,True,1157893665.1868281,147872.20193440482,7830.367371552786,7830.367371552783,3.4844905428462917e-16,2.7755575615628914e-17,2.7755575615628914e-17
0.7,0.7,32,True,True,0.1764850968156837,0.02294686310305835,6.617137100600422,True,True,2363048295.871078,211253.44540407538,11185.844999361565,11185.844999361565,0.0,2.7755575615628914e-17,1.734723475976807e-17
0.7,0.7,33,True,True,0.17648074423818683,0.02294686310305835,6.617137100600422,True,True,4822547542.165466,301798.0793834424,15979.384467978316,15979.384467978312,2.27667017736634e-16,5.551115123125783e-17,6.938893903907228e-17
0.7,0.7,34,True,True,0.17647769743566277,0.02294686310305835,6.617137100600422,True,True,9841933759.092789,431147.55681273376,22827.29799479664,22827.297994796638,1.593696638086983e-16,2.7755575615628914e-17,1.1102230246251565e-16
0.7,0.7,35,True,True,0.17647556467474057,0.02294686310305835,6.617137100600422,True,True,20085579099.7608,615932.5247900132,32610.031604693184,32610.031604693173,3.3468033866316237e-16,2.7755575615628914e-17,2.7755575615628914e-17
0.7,0.7,36,True,True,0.17647407174250895,0.02294686310305835,6.617137100600422,True,True,40990977754.18531,879911.0506266507,46585.36533322608,46585.36533322607,1.5618547932678754e-16,1.1102230246251565e-16,2.7755575615628914e-17
0.7,0.7,37,True,True,0.17647302669014964,0.02294686310305835,6.617137100600422,True,True,83655056640.76593,1257023.2305016452,66550.12780263525,66550.12780263527,2.1866096593417242e-16,2.7755575615628914e-17,1.3877787807814457e-17
0.7,0.7,38,True,True,0.17647229515359747,0.02294686310305835,6.617137100600422,True,True,170724605388.88968,1795754.9161132118,95071.21704470195,95071.21704470192,3.0612662129958067e-16,5.551115123125783e-17,6.938893903907228e-17
0.7,0.7,39,True,True,0.1764717830780597,0.02294686310305835,6.617137100600422,True,True,348417562017.7136,2565371.6098971236,135815.63024769182,135815.6302476918,2.1428925671998145e-16,5.551115123125783e-17,6.938893903907228e-17
0.7,0.7,40,True,True,0.1764714246252071,0.02294686310305835,6.617137100600422,True,True,711056249015.3138,3664824.0296255993,194021.93482341792,194021.93482341783,4.500083531775135e-16,5.551115123125783e-17,2.7755575615628914e-17
0.7,0.7,41,True,True,0.176471173708222,0.02294686310305835,6.617137100600422,True,True,1451135202071.6406,5235470.343549442,277173.798503045,277173.79850304493,2.1000419674527049e-16,2.7755575615628914e-17,6.938893903907228e-17
0.7,0.7,42,True,True,0.17647099806633812,0.02294686310305835,6.617137100600422,True,True,2961500412390.6743,7479250.79203029,395962.1751882392,395962.1751882392,0.0,5.551115123125783e-17,5.551115123125783e-17
0.7,0.7,43,True,True,0.17647087511702222,0.02294686310305835,6.617137100600422,True,True,6043878392633.603,10684651.432729967,565659.8561670972,565659.8561670972,0.0,5.551115123125783e-17,2.7755575615628914e-17
0.7,0.7,44,True,True,0.1764707890525025,0.02294686310305835,6.617137100600422,True,True,12334445699251.824,15263795.205166996,808085.1147083297,808085.1147083293,4.3218957894907083e-16,5.551115123125783e-17,2.7755575615628914e-17
0.7,0.7,45,True,True,0.17647072880733936,0.02294686310305835,6.617137100600422,True,True,25172338161737.99,21805429.16579757,1154406.9126243803,1154406.9126243796,6.05065617091366e-16,5.551115123125783e-17,1.1102230246251565e-16
0.7,0.7,46,True,True,0.17647068663572543,0.02294686310305835,6.617137100600422,True,True,51372118697424.05,31150620.53813135,1649152.338218741,1649152.33821874,5.64728044239628e-16,2.7755575615628914e-17,2.7755575615628914e-17
0.7,0.7,47,True,True,0.17647065711559592,0.02294686310305835,6.617137100600422,True,True,104841058566171.12,44500893.92718266,2355931.517639259,2355931.517639258,3.9530969709539892e-16,5.551115123125783e-17,2.7755575615628914e-17
0.7,0.7,48,True,True,0.17647063645150532,0.02294686310305835,6.617137100600422,True,True,213961344012593.7,63572713.054400966,3365616.0596685708,3365616.05966857,2.767168203693415e-16,5.551115123125783e-17,8.326672684688674e-17
0.7,0.7,49,True,True,0.17647062198664193,0.02294686310305835,6.617137100600422,True,True,436655804107333.75,90818168.95042862,4808022.548281875,4808022.5482818745,1.9370179013579762e-16,2.7755575615628914e-17,4.163336342344337e-17
0.7,0.8,2,True,True,0.7794140516337377,0.011126535259719135,9.25553677683753,True,True,1.5357142857142858,1.3792412360884199,1.1134486451910541,1.113448645191054,1.9942060721348422e-16,0.0,8.326672684688674e-17
0.7,0.8,3,True,True,0.6230419137560974,0.011126535259719135,9.25553677683753,True,True,2.492346938775511,1.9601410002057797,1.2715141097063218,1.2715141097063212,5.238902263766065e-16,1.1102230246251565e-16,8.326672684688674e-17
0.7,0.8,4,True,True,0.503876927749992,0.011126535259719135,9.25553677683753,True,True,4.200619533527698,2.8594532129776056,1.4690289438775288,1.4690289438775281,4.534517972238327e-16,1.1102230246251565e-16,5.551115123125783e-17
0.7,0.8,5,True,True,0.4113565358345383,0.011126535259719135,9.25553677683753,True,True,7.251106309870891,4.232315457120356,1.7132717027677573,1.7132717027677569,2.5920536079166267e-16,5.551115123125783e-17,5.551115123125783e-17
0.7,0.8,6,True,True,0.34016598553210947,0.011126535259719135,9.25553677683753,True,True,12.698404124769446,6.274056995767858,2.0239542186714448,2.023954218671444,4.3883325596324e-16,5.551115123125783e-17,6.938893903907228e-17
0.7,0.8,7,True,True,0.286287997794785,0.011126535259719135,9.25553677683753,True,True,22.425721651374012,9.215767852251052,2.4334078300264785,2.433407830026478,1.8249682785200476e-16,1.1102230246251565e-16,4.163336342344337e-17
0.7,0.8,8,True,True,0.24612217564911218,0.011126535259719135,9.25553677683753,True,True,39.79593152031075,13.316012970223174,2.988577107074099,2.988577107074097,7.429776678655595e-16,5.551115123125783e-17,8.326672684688674e-17
0.7,0.8,9,True,True,0.21650966464029464,0.011126535259719135,9.25553677683753,True,True,70.81416342912634,18.855027133713214,3.755717927475639,3.755717927475636,8.277044573046159e-16,8.326672684688674e-17,5.551115123125783e-17
0.7,0.8,10,True,True,0.1948370370928512,0.011126535259719135,9.25553677683753,True,True,126.20386326629703,26.138670430011068,4.828243410628732,4.828243410628727,1.1037286368929788e-15,5.551115123125783e-17,2.0816681711721685e-17
0.7,0.8,11,True,True,0.1790445521282579,0.011126535259719135,9.25553677683753,True,True,225.1140415469591,35.51582228194336,6.338415587280648,6.3384155872806405,1.1210100157931472e-15,1.1102230246251565e-16,4.163336342344337e-17
0.7,0.8,12,True,True,0.16756216645495192,0.011126535259719135,9.25553677683753,True,True,401.739359905284,47.40747848172399,8.474176918313809,8.4741769183138,1.0480999255286445e-15,5.551115123125783e-17,6.938893903907228e-17
0.7,0.8,13,True,True,0.1592188652209752,0.011126535259719135,9.25553677683753,True,True,717.1417141165788,62.342891435187354,11.503183404031406,11.503183404031393,1.080961455543165e-15,2.7755575615628914e-17,2.42861286636753e-17
0.7,0.8,14,True,True,0.15315330590514395,0.011126535259719135,9.25553677683753,True,True,1280.3602037796052,80.9991220075544,15.807087435592104,15.807087435592088,1.011395149153448e-15,1.1102230246251565e-16,4.163336342344337e-17
0.7,0.8,15,True,True,0.1487374606229711,0.011126535259719135,9.25553677683753,True,True,2286.1075067492948,104.24346708600528,21.93046308468577,21.930463084685744,1.1339931881771238e-15,8.326672684688674e-17,4.163336342344337e-17
0.7,0.8,16,True,True,0.14551588861643328,0.011126535259719135,9.25553677683753,True,True,4082.0848334808848,133.18098126617411,30.65065893547122,30.65065893547117,1.6227380823335773e-15,5.551115123125783e-17,3.469446951953614e-17
0.7,0.8,17,True,True,0.1431593460380417,0.011126535259719135,9.25553677683753,True,True,7289.187202644437,169.2107842892321,43.07755698469564,43.07755698469557,1.6494499351774732e-15,1.0408340855860843e-17,2.7755575615628914e-17
0.7,0.8,18,True,True,0.14143019003858306,0.011126535259719135,9.25553677683753,True,True,13016.155719007927,214.09537767178873,60.796061365518504,60.7960613655184,1.753097289036961e-15,1.1102230246251565e-16,5.551115123125783e-17
0.7,0.8,19,True,True,0.14015696214323842,0.011126535259719135,9.25553677683753,True,True,23242.885212514153,270.0474507720028,86.06963385904275,86.06963385904261,1.6510880874055198e-15,5.551115123125783e-17,2.7755575615628914e-17
0.7,0.8,20,True,True,0.1392158937885919,0.011126535259719135,9.25553677683753,True,True,41504.90216520384,339.83909206428063,122.13104123216402,122.13104123216378,1.978076398277784e-15,5.551115123125783e-17,5.551115123125783e-17
0.7,0.8,21,True,True,0.13851753235683104,0.011126535259719135,9.25553677683753,True,True,74115.64672357829,426.93912601279686,173.59769158602901,173.5976915860287,1.8009387157058576e-15,1.1102230246251565e-16,1.734723475976807e-17
0.7,0.8,22,True,True,0.13799710860154019,0.011126535259719135,9.25553677683753,True,True,132349.119149247,535.6855217113758,247.06495468913556,247.06495468913508,1.955635759530552e-15,1.1102230246251565e-16,2.0816681711721685e-17
0.7,0.8,23,True,True,0.13760761568119392,0.011126535259719135,9.25553677683753,True,True,236337.4627665125,671.5014877039895,351.9537441005559,351.9537441005551,2.2611149260112586e-15,1.1102230246251565e-16,5.551115123125783e-17
0.7,0.8,24,True,True,0.13731484283100143,0.011126535259719135,9.25553677683753,True,True,422030.9335116296,841.1660204275092,501.7213288015832,501.7213288015821,2.152639117286709e-15,1.1102230246251565e-16,4.163336342344337e-17
0.7,0.8,25,True,True,0.13709381299168083,0.011126535259719135,9.25553677683753,True,True,753626.4169850529,1053.1523911708653,715.5910420021856,715.591042002184,2.2241973902431366e-15,5.551115123125783e-17,3.469446951953614e-17
0.7,0.8,26,True,True,0.13692622660303247,0.011126535259719135,9.25553677683753,True,True,1345761.20890188,1318.051458506618,1021.0232690206632,1021.023269020661,2.115573642883348e-15,5.551115123125783e-17,5.551115123125783e-17
0.7,0.8,27,True,True,0.1367986255997219,0.011126535259719135,9.25553677683753,True,True,2403144.7658962146,1649.100942313678,1457.2454021672063,1457.245402167203,2.1844168809667706e-15,5.551115123125783e-17,2.7755575615628914e-17
0.7,0.8,28,True,True,0.13670107270953996,0.011126535259719135,9.25553677683753,True,True,4291329.689100385,2062.8471010665057,2080.2946020001864,2080.2946020001805,2.841768447526607e-15,5.551115123125783e-17,6.938893903907228e-17
0.7,0.8,29,True,True,0.13662619954621744,0.011126535259719135,9.25553677683753,True,True,7663088.480536401,2579.9718802874413,2970.2217063244257,2970.221706324418,2.602736674036519e-15,1.3877787807814457e-17,4.163336342344337e-17
0.7,0.8,30,True,True,0.13656851886464955,0.011126535259719135,9.25553677683753,True,True,13684086.322386432,3226.3268781705656,4241.382488232489,4241.382488232477,2.7876361436045062e-15,5.551115123125783e-17,2.7755575615628914e-17
0.7,0.8,31,True,True,0.13652392628629323,0.011126535259719135,9.25553677683753,True,True,24435868.182832915,4034.225818530863,6057.139407166772,6057.139407166756,2.5525927159355072e-15,3.469446951953614e-18,4.163336342344337e-17
0.7,0.8,32,True,True,0.13648933816587344,0.011126535259719135,9.25553677683753,True,True,43635478.64791592,5044.060148919107,8650.864057849623,8650.8640578496,2.733468251028578e-15,1.3877787807814457e-17,3.469446951953614e-17
0.7,0.8,33,True,True,0.13646242749641965,0.011126535259719135,9.25553677683753,True,True,77920497.33556415,6306.3185396217705,12355.940608771965,12355.940608771927,3.091531327638812e-15,1.1102230246251565e-16,6.938893903907228e-17
0.7,0.8,34,True,True,0.13644143059604327,0.011126535259719135,9.25553677683753,True,True,139143744.9920789,7884.111255438023,17648.6277887194,17648.627788719346,3.0920070817775167e-15,1.1102230246251565e-16,6.245004513516506e-17
0.7,0.8,35,True,True,0.1364250050471905,0.011126535259719135,9.25553677683753,True,True,248470972.95014083,9856.325616552947,25209.29021793403,25209.29021793395,3.174842808508754e-15,5.551115123125783e-17,2.42861286636753e-17
0.7,0.8,36,True,True,0.13641212486758825,0.011126535259719135,9.25553677683753,True,True,443698165.73239446,12321.57031983565,36009.87164907993,36009.871649079825,2.8287633899736745e-15,1.3877787807814457e-17,5.551115123125783e-17
0.7,0.8,37,True,True,0.13640200282295392,0.011126535259719135,9.25553677683753,True,True,792318152.8435615,15403.105835307002,51438.85663808203,51438.85663808185,3.3947679663455657e-15,5.551115123125783e-17,4.163336342344337e-17
0.7,0.8,38,True,True,0.13639403260066496,0.011126535259719135,9.25553677683753,True,True,1414853844.1135032,19255.007396565514,73479.78710025677,73479.7871002565,3.762754360756784e-15,2.7755575615628914e-17,6.938893903907228e-17
0.7,0.8,39,True,True,0.13638774557472483,0.011126535259719135,9.25553677683753,True,True,2526524721.3812556,24069.86873386692,104966.28582882012,104966.28582881975,3.604488745601187e-15,5.551115123125783e-17,5.551115123125783e-17
0.7,0.8,40,True,True,0.13638277833533194,0.011126535259719135,9.25553677683753,True,True,4511651287.930815,30088.431735842652,149946.37565494445,149946.37565494387,3.881898489324923e-15,5.551115123125783e-17,3.469446951953614e-17
0.7,0.8,41,True,True,0.1363788481942515,0.011126535259719135,9.25553677683753,True,True,8056520156.769313,37611.623522393376,214202.93521689076,214202.93521689,3.5326294250304473e-15,1.1102230246251565e-16,2.7755575615628914e-17
0.7,0.8,42,True,True,0.13637573462581642,0.011126535259719135,9.25553677683753,True,True,14386643136.838057,47015.602781945236,305997.2070030072,305997.207003006,3.8044570068834386e-15,1.1102230246251565e-16,6.938893903907228e-17
0.7,0.8,43,True,True,0.1363732651450393,0.011126535259719135,9.25553677683753,True,True,25690434172.675106,58770.567689547985,437130.95147188794,437130.9514718863,3.728435380952217e-15,5.551115123125783e-17,4.85722573273506e-17
0.7,0.8,44,True,True,0.136371304517539,0.011126535259719135,9.25553677683753,True,True,45875775308.09842,73464.26580139462,624463.809821775,624463.8098217724,4.101337883653398e-15,2.7755575615628914e-17,4.163336342344337e-17
0.7,0.8,45,True,True,0.136369746482489,0.011126535259719135,9.25553677683753,True,True,81921027335.64003,91831.3814202119,892080.9647932551,892080.9647932514,4.1759553734287865e-15,5.551115123125783e-17,5.551115123125783e-17
0.7,0.8,46,True,True,0.13636850737934209,0.011126535259719135,9.25553677683753,True,True,146287548813.3929,114790.26979955334,1274389.7986200408,1274389.7986200354,4.2020932761999046e-15,1.3877787807814457e-17,8.326672684688674e-17
0.7,0.8,47,True,True,0.13636752122297058,0.011126535259719135,9.25553677683753,True,True,261227765737.95166,143488.87489700568,1820543.6897143233,1820543.6897143153,4.3482844871873446e-15,1.1102230246251565e-16,4.163336342344337e-17
0.7,0.8,48,True,True,0.13636673588534778,0.011126535259719135,9.25553677683753,True,True,466478153103.2352,179362.12656379153,2600761.7217747956,2600761.7217747835,4.6552490251737334e-15,1.1102230246251565e-16,5.551115123125783e-17
0.7,0.8,49,True,True,0.1363661101259464,0.011126535259719135,9.25553677683753,True,True,832996701969.813,224203.68703009695,3715356.839149537,3715356.839149519,4.888033906632508e-15,5.551115123125783e-17,2.7755575615628914e-17
0.7,0.9,2,True,True,0.7858491305553678,0.0029422561263842853,17.549990232643122,True,True,1.4761904761904763,1.3149258466482823,1.1226416150790968,1.1226416150790968,0.0,0.0,8.326672684688674e-17
0.7,0.9,3,True,True,0.6389055559702727,0.0029422561263842853,17.549990232643122,True,True,2.232048374905518,1.7118394001798167,1.3038888897352503,1.3038888897352503,0.0,2.7755575615628914e-17,5.551115123125783e-17
0.7,0.9,4,True,True,0.528623114508778,0.0029422561263842853,17.549990232643122,True,True,3.431822817310346,2.2267570108644996,1.5411752609585365,1.5411752609585367,1.440748567342888e-16,1.1102230246251565e-16,5.551115123125783e-17
0.7,0.9,5,True,True,0.44134613600499223,0.0029422561263842853,17.549990232643122,True,True,5.336226694143406,2.9030004450958633,1.8381763265514044,1.838176326551405,3.6238842006241304e-16,1.1102230246251565e-16,5.551115123125783e-17
0.7,0.9,6,True,True,0.3705437567494327,0.0029422561263842853,17.549990232643122,True,True,8.35908999070382,3.7914881283173627,2.2046989751260355,2.2046989751260355,0.0,2.7755575615628914e-17,1.1102230246251565e-16
0.7,0.9,7,True,True,0.31274272170695,0.0029422561263842853,17.549990232643122,True,True,13.15728569952987,4.949568440203256,2.6582692730660695,2.658269273066071,5.01178583768355e-16,1.1102230246251565e-16,2.7755575615628914e-17
0.7,0.9,8,True,True,0.2657317134907671,0.0029422561263842853,17.549990232643122,True,True,20.77346936433313,6.438014136880737,3.2266889948766133,3.2266889948766146,4.1289000324034403e-16,1.1102230246251565e-16,4.163336342344337e-17
0.7,0.9,9,True,True,0.22780319678967767,0.0029422561263842853,17.549990232643122,True,True,32.86264978465576,8.316241343888708,3.951622905798096,3.9516229057980974,3.371444242808168e-16,1.1102230246251565e-16,3.469446951953614e-17
0.7,0.9,10,True,True,0.19747703858083915,0.0029422561263842853,17.549990232643122,True,True,52.05182505500914,10.636572773207456,4.893665108569827,4.89366510856983,5.444866373128431e-16,4.163336342344337e-17,2.7755575615628914e-17
0.7,0.9,11,True,True,0.17342827132383037,0.0029422561263842853,17.549990232643122,True,True,82.51083342064945,13.439140018973871,6.139591767342079,6.139591767342083,5.786563363541875e-16,1.1102230246251565e-16,2.0816681711721685e-17
0.7,0.9,12,True,True,0.15448406795142405,0.0029422561263842853,17.549990232643122,True,True,130.85846574706258,16.749296370870915,7.812773912977117,7.812773912977121,5.684142595146962e-16,1.1102230246251565e-16,4.163336342344337e-17
0.7,0.9,13,True,True,0.13963216076263724,0.0029422561263842853,17.549990232643122,True,True,207.60073928105172,20.578793881257756,10.088090705360782,10.08809070536079,7.043381711293687e-16,1.1102230246251565e-16,2.0816681711721685e-17
0.7,0.9,14,True,True,0.12802162011438095,0.0029422561263842853,17.549990232643122,True,True,329.41387187468536,24.930620337221686,13.213224036100973,13.213224036100982,6.721890261403703e-16,4.163336342344337e-17,2.42861286636753e-17
0.7,0.9,15,True,True,0.1189535794543855,0.0029422561263842853,17.549990232643122,True,True,522.7680505947386,29.80602645905277,17.539005117401754,17.539005117401768,8.102429197139777e-16,4.163336342344337e-17,1.734723475976807e-17
0.7,0.9,16,True,True,0.11186499423996406,0.0029422561263842853,17.549990232643122,True,True,829.6794453884739,35.211678392148634,23.562621359550775,23.562621359550796,9.046651366810991e-16,8.326672684688674e-17,1.734723475976807e-17
0.7,0.9,17,True,True,0.1063092162421398,0.0029422561263842853,17.549990232643122,True,True,1316.8403895055142,41.16525996768296,31.989118750599605,31.989118750599637,9.995406049941638e-16,1.3877787807814457e-16,3.469446951953614e-17
0.7,0.9,18,True,True,0.10193626223210933,0.0029422561263842853,17.549990232643122,True,True,2090.111729373832,47.6988026878787,43.81895585620171,43.81895585620174,6.486167658506964e-16,2.7755575615628914e-17,3.122502256758253e-17
0.7,0.9,19,True,True,0.09847452654715946,0.0029422561263842853,17.549990232643122,True,True,3317.5265545616385,54.85992715374982,60.472675168962134,60.47267516896218,8.224870383894512e-16,8.326672684688674e-17,2.0816681711721685e-17
0.7,0.9,20,True,True,0.09571478794275788,0.0029422561263842853,17.549990232643122,True,True,5265.804054859743,62.711676824647576,83.96847798510984,83.9684779851099,6.76961405336989e-16,4.163336342344337e-17,2.2551405187698492e-17
0.7,0.9,21,True,True,0.09349676641125369,0.0029422561263842853,17.549990232643122,True,True,8358.308023586895,71.33170110739121,117.17522355177407,117.17522355177417,8.489506568977043e-16,2.7755575615628914e-17,2.0816681711721685e-17
0.7,0.9,22,True,True,0.09169814089102707,0.0029422561263842853,17.549990232643122,True,True,13267.044481883959,80.81137471229096,164.1729834335576,164.17298343355776,1.0387230165153155e-15,3.469446951953614e-17,2.42861286636753e-17
0.7,0.9,23,True,True,0.0902257666122605,0.0029422561263842853,17.549990232643122,True,True,21058.68965378406,91.2552047551717,230.7669980061121,230.7669980061123,8.621335274620093e-16,1.1102230246251565e-16,1.5612511283791264e-17
0.7,0.9,24,True,True,0.08900876603256652,0.0029422561263842853,17.549990232643122,True,True,33426.38040283184,102.78068110772544,325.2204601348898,325.2204601348901,1.0487055858151977e-15,2.7755575615628914e-17,2.0816681711721685e-17
0.7,0.9,25,True,True,0.08799316369538021,0.0029422561263842853,17.549990232643122,True,True,53057.63556005054,115.5186008531874,459.2994995453719,459.2994995453724,1.1138500482880106e-15,2.7755575615628914e-17,1.3877787807814457e-17
0.7,0.9,26,True,True,0.08713776302033122,0.0029422561263842853,17.549990232643122,True,True,84218.35803182628,129.61383588623306,649.7636417901242,649.7636417901248,8.748322498347573e-16,1.1102230246251565e-16,1.0408340855860843e-17
0.7,0.9,27,True,True,0.08641100391544608,0.0029422561263842853,17.549990232643122,True,True,133679.82227274007,145.22649272233198,920.4919830180796,920.4919830180806,1.1115594251454188e-15,8.326672684688674e-17,1.9081958235744878e-17
0.7,0.9,28,True,True,0.08578858389123124,0.0029422561263842853,17.549990232643122,True,True,212190.08297260333,162.53341633337442,1305.5166608777697,1305.516660877771,1.0449824912553296e-15,4.163336342344337e-17,1.734723475976807e-17
0.7,0.9,29,True,True,0.08525166665148567,0.0029422561263842853,17.549990232643122,True,True,336809.54440095765,181.73000234419266,1853.3513457125682,1853.3513457125703,1.104142009405297e-15,2.7755575615628914e-17,1.734723475976807e-17
0.7,0.9,30,True,True,0.08478553846787465,0.0029422561263842853,17.549990232643122,True,True,534618.2133348533,203.0322969443309,2633.1683253400784,2633.168325340082,1.381597512047338e-15,1.1102230246251565e-16,2.0816681711721685e-17
0.7,0.9,31,True,True,0.08437860323435094,0.0029422561263842853,17.549990232643122,True,True,848600.2275156403,226.67937801259112,3743.6145932450195,3743.614593245025,1.4576736132197257e-15,1.1102230246251565e-16,2.2551405187698492e-17
0.7,0.9,32,True,True,0.08402163207305931,0.0029422561263842853,17.549990232643122,True,True,1346984.377008953,252.93602306220725,5325.395571186295,5325.395571186303,1.5370599623142992e-15,2.7755575615628914e-17,2.0816681711721685e-17
0.7,0.9,33,True,True,0.08370720329670228,0.0029422561263842853,17.549990232643122,True,True,2138070.328585639,282.0956796274663,7579.238120233393,7579.238120233405,1.6799743751063043e-15,2.7755575615628914e-17,3.122502256758253e-17
0.7,0.9,34,True,True,0.08342928416346185,0.0029422561263842853,17.549990232643122,True,True,3393762.315215301,314.4837620049954,10791.534334168238,10791.534334168253,1.3484565565706858e-15,8.326672684688674e-17,1.5612511283791264e-17
0.7,0.9,35,True,True,0.08318291794675248,0.0029422561263842853,17.549990232643122,True,True,5386924.198754445,350.46130532519487,15370.952846722663,15370.952846722686,1.5384122560195085e-15,1.1102230246251565e-16,1.9081958235744878e-17
0.7,0.9,36,True,True,0.08296398908072544,0.0029422561263842853,17.549990232643122,True,True,8550673.22024515,390.4290142235749,21900.711547397197,21900.711547397234,1.6611235663363935e-15,2.7755575615628914e-17,1.5612511283791264e-17
0.7,0.9,37,True,True,0.08276904613790535,0.0029422561263842853,17.549990232643122,True,True,13572497.063881194,434.8317492951131,31213.21542385757,31213.21542385762,1.515182715076628e-15,4.163336342344337e-17,1.214306433183765e-17
0.7,0.9,38,True,True,0.08259516765074901,0.0029422561263842853,17.549990232643122,True,True,21543646.022033636,484.1635003554967,44496.633897877946,44496.633897878026,1.7986873780093838e-15,1.1102230246251565e-16,1.214306433183765e-17
0.7,0.9,39,True,True,0.08243985971133723,0.0029422561263842853,17.549990232643122,True,True,34196263.415926404,538.9729015433415,63447.09227125496,63447.09227125506,1.6054858142761187e-15,1.1102230246251565e-16,1.734723475976807e-17
0.7,0.9,40,True,True,0.08230097719512186,0.0029422561263842853,17.549990232643122,True,True,54279783.08877207,599.8693496696241,90486.00852613403,90486.00852613416,1.4473755577081923e-15,1.1102230246251565e-16,1.3877787807814457e-17
0.7,0.9,41,True,True,0.08217666260654989,0.0029422561263842853,17.549990232643122,True,True,86158385.74408267,667.5297941125257,129070.47221559512,129070.47221559534,1.6911592921183144e-15,3.469446951953614e-17,1.3877787807814457e-17
0.7,0.9,42,True,True,0.0820652981291472,0.0029422561263842853,17.549990232643122,True,True,136759342.33981377,742.7062741036956,184136.51144236815,184136.51144236853,2.0547244703066665e-15,8.326672684688674e-17,8.673617379884035e-18
0.7,0.9,43,True,True,0.08196546762659987,0.0029422561263842853,17.549990232643122,True,True,217078321.06319642,826.2342875792918,262732.16244655533,262732.1624465558,1.7723802178291084e-15,2.7755575615628914e-17,1.6479873021779667e-17
0.7,0.9,44,True,True,0.08187592619463414,0.0029422561263842853,17.549990232643122,True,True,344568763.4812641,919.0420849949612,374921.6375473744,374921.63754737517,2.0182873328548813e-15,8.326672684688674e-17,1.734723475976807e-17
0.7,0.9,45,True,True,0.08179557548829841,0.0029422561263842853,17.549990232643122,True,True,546934545.0972447,1022.1609917476966,535076.7144440652,535076.7144440662,1.7405402804401678e-15,8.326672684688674e-17,1.734723475976807e-17
0.7,0.9,46,True,True,0.08172344350659752,0.0029422561263842853,17.549990232643122,True,True,868150071.4718169,1136.7368742339497,763721.2191756036,763721.2191756052,2.1340437644725676e-15,2.7755575615628914e-17,1.214306433183765e-17
0.7,0.9,47,True,True,0.081658667851347,0.0029422561263842853,17.549990232643122,True,True,1378015986.3520906,1264.0428772355376,1090165.5404014555,1090165.5404014578,2.1357365925190483e-15,8.326672684688674e-17,2.42861286636753e-17
0.7,0.9,48,True,True,0.08160048172267996,0.0029422561263842853,17.549990232643122,True,True,2187326962.3525248,1405.4935744073557,1556269.6281090002,1556269.6281090032,1.94490614790068e-15,3.469446951953614e-17,1.5612511283791264e-17
0.7,0.9,49,True,True,0.08154820209406495,0.0029422561263842853,17.549990232643122,True,True,3471947559.1786103,1562.6606893022167,2221817.943554309,2221817.943554314,2.0958570825240786e-15,4.163336342344337e-17,1.9081958235744878e-17
0.8,0.1,2,True,True,0.7913023391360685,0.04149632429507983,10.992317775734236,True,True,3.499999999999999,3.538470520707668,0.9891279239200854,0.9891279239200856,2.244852253741154e-16,0.0,0.0
0.8,0.1,3,True,True,0.6576778634039638,0.04149632429507983,10.992317775734236,True,True,34.74999999999998,33.81594734676294,1.0276216615686933,1.0276216615686933,0.0,2.7755575615628914e-17,2.7755575615628914e-17
0.8,0.1,4,True,True,0.5639445829886066,0.04149632429507983,10.992317775734236,True,True,425.37499999999966,386.1939746735718,1.1014542636496216,1.101454263649622,4.031844303535508e-16,2.168404344971009e-19,3.469446951953614e-18
0.8,0.1,5,True,True,0.4901850820301449,0.04149632429507983,10.992317775734236,True,True,5308.187499999995,4435.536044865377,1.1967409229251578,1.1967409229251582,3.710821626827873e-16,2.7755575615628914e-17,2.710505431213761e-20
0.8,0.1,6,True,True,0.4312707809251909,0.04149632429507983,10.992317775734236,True,True,66343.34374999993,50407.743444532,1.3161339749914265,1.316133974991427,3.374194559888596e-16,2.7755575615628914e-17,2.710505431213761e-20
0.8,0.1,7,True,True,0.3841464560300892,0.04149632429507983,10.992317775734236,True,True,829282.7968749988,565907.8877118995,1.4654024354175146,1.465402435417515,3.030493188197377e-16,2.168404344971009e-19,4.336808689942018e-19
0.8,0.1,8,True,True,0.3464475512459296,0.04149632429507983,10.992317775734236,True,True,10366025.960937481,6274869.600853441,1.651990658025404,1.6519906580254051,6.720516361467723e-16,2.7755575615628914e-17,3.469446951953614e-18
0.8,0.1,9,True,True,0.3162884718067059,0.04149632429507983,10.992317775734236,True,True,129575315.51171851,68731972.56259163,1.8852262008589835,1.8852262008589848,7.06688475336887e-16,3.469446951953614e-18,4.336808689942018e-19
0.8,0.1,10,True,True,0.29216121189365857,0.04149632429507983,10.992317775734236,True,True,1619691434.8964808,744079965.4541152,2.1767706565086407,2.1767706565086424,8.160514448726435e-16,2.7755575615628914e-17,2.7755575615628914e-17
0.8,0.1,11,True,True,0.2728594042687481,0.04149632429507983,10.992317775734236,True,True,20246142927.20601,7967154547.552752,2.541201228916158,2.5412012289161603,8.737781266528619e-16,2.7755575615628914e-17,4.336808689942018e-19
0.8,0.1,12,True,True,0.2574179581950749,0.04149632429507983,10.992317775734236,True,True,253076786581.07507,84450714267.47781,2.9967394447312046,2.9967394447312077,1.0373355863206405e-15,3.469446951953614e-18,2.710505431213761e-20
0.8,0.1,13,True,True,0.2450648013384415,0.04149632429507983,10.992317775734236,True,True,3163459832254.438,887076818705.0089,3.566162214533558,3.566162214533562,1.1207574552727764e-15,2.168404344971009e-19,2.7755575615628914e-17
0.8,0.1,14,True,True,0.2351822758533411,0.04149632429507983,10.992317775734236,True,True,39543247903171.47,9243524137141.809,4.277940676790253,4.277940676790257,8.304728716963195e-16,2.7755575615628914e-17,3.469446951953614e-18
0.8,0.1,15,True,True,0.2272762554652797,0.04149632429507983,10.992317775734236,True,True,494290598789634.25,95650689027229.45,5.167663754611549,5.167663754611556,1.2031063229206206e-15,1.6940658945086007e-21,2.7755575615628914e-17
0.8,0.1,16,True,True,0.22095143915483226,0.04149632429507983,10.992317775734236,True,True,6178632484870418.0,983887252236851.9,6.279817601888221,6.279817601888228,1.1314703400723817e-15,2.7755575615628914e-17,2.7755575615628914e-17
0.8,0.1,17,True,True,0.21589158610647446,0.04149632429507983,10.992317775734236,True,True,7.72329060608802e+16,1.0069466266305152e+16,7.670009910984062,7.670009910984074,1.6211840688751324e-15,2.7755575615628914e-17,2.7755575615628914e-17
0.8,0.1,18,True,True,0.21184370366778824,0.04149632429507983,10.992317775734236,True,True,9.654113257610022e+17,1.026187234191946e+17,9.407750297353868,9.40775029735388,1.3217291576392293e-15,2.7755575615628914e-17,2.7755575615628914e-17
0.8,0.1,19,True,True,0.20860539771683928,0.04149632429507983,10.992317775734236,True,True,1.2067641572012526e+19,1.042117350400072e+18,11.579925780316126,11.57992578031614,1.2271973918311278e-15,2.7755575615628914e-17,2.7755575615628914e-17
0.8,0.1,20,True,True,0.2060147529560801,0.04149632429507983,10.992317775734236,True,True,1.5084551965015654e+20,1.0552220228333406e+19,14.295145134018941,14.295145134018965,1.6154182903151084e-15,2.7755575615628914e-17,2.7755575615628914e-17
0.8,0.1,21,True,True,0.20394223714747275,0.04149632429507983,10.992317775734236,True,True,1.8855689956269566e+21,1.0659454725439137e+20,17.689169326147468,17.689169326147493,1.405888275083842e-15,2.7755575615628914e-17,2.7755575615628914e-17
0.8,0.1,22,True,True,0.2022842245005869,0.04149632429507983,10.992317775734236,True,True,2.356961244533695e+22,1.0746824419182281e+21,21.93169956630812,21.931699566308154,1.6198989358117232e-15,2.7755575615628914e-17,2.7755575615628914e-17
0.8,0.1,23,True,True,0.20095781438307822,0.04149632429507983,10.992317775734236,True,True,2.946201555667118e+23,1.0817758195430065e+22,27.234862366508928,27.234862366508985,2.08715645762576e-15,2.7755575615628914e-17,2.7755575615628914e-17
0.8,0.1,24,True,True,0.19989668628907123,0.04149632429507983,10.992317775734236,True,True,3.682751944583897e+24,1.0875182994952475e+23,33.86381586675996,33.863815866760014,1.6785887061417753e-15,2.7755575615628914e-17,2.7755575615628914e-17
0.8,0.1,25,True,True,0.19904778381386568,0.04149632429507983,10.992317775734236,True,True,4.603439930729871e+25,1.092156366589409e+24,42.15000774207373,42.15000774207381,1.8543223387262303e-15,2.7755575615628914e-17,2.7755575615628914e-17
0.8,0.1,26,True,True,0.19836866183370122,0.04149632429507983,10.992317775734236,True,True,5.754299913412337e+26,1.0958954017145702e+25,52.507747586215935,52.50774758621605,2.1651440586924027e-15,2.7755575615628914e-17,2.7755575615628914e-17
0.8,0.1,27,True,True,0.19782536424956965,0.04149632429507983,10.992317775734236,True,True,7.19287489176542e+27,1.0989051134695362e+26,65.45492239139371,65.45492239139384,1.9539812708361614e-15,2.7755575615628914e-17,2.7755575615628914e-17
0.8,0.1,28,True,True,0.19739072618226441,0.04149632429507983,10.992317775734236,True,True,8.991093614706773e+28,1.1013248117193378e+27,81.6388908978659,81.63889089786609,2.2629056968540333e-15,2.7755575615628914e-17,2.7755575615628914e-17
0.8,0.1,29,True,True,0.19704301572842023,0.04149632429507983,10.992317775734236,True,True,1.1238867018383463e+30,1.103268256142867e+28,101.86885153095616,101.8688515309564,2.3715250199421377e-15,2.7755575615628914e-17,2.7755575615628914e-17
0.8,0.1,30,True,True,0.19676484736534483,0.04149632429507983,10.992317775734236,True,True,1.4048583772979328e+31,1.1048279571207271e+29,127.15630232231901,127.15630232231926,2.0116610832645867e-15,2.7755575615628914e-17,2.7755575615628914e-17
0.8,0.1,31,True,True,0.19654231267488456,0.04149632429507983,10.992317775734236,True,True,1.7560729716224155e+32,1.1060788966466932e+30,158.76561581152245,158.76561581152288,2.685251710686328e-15,2.7755575615628914e-17,2.7755575615628914e-17
0.8,0.1,32,True,True,0.1963642849225163,0.04149632429507983,10.992317775734236,True,True,2.1950912145280188e+33,1.1070816896952845e+31,198.27725767302687,198.27725767302738,2.5801787645808576e-15,2.7755575615628914e-17,2.7755575615628914e-17
0.8,0.1,33,True,True,0.19622186272062175,0.04149632429507983,10.992317775734236,True,True,2.7438640181600234e+34,1.1078852342633434e+32,247.66680999990737,247.66680999990803,2.6394304384165766e-15,2.7755575615628914e-17,2.7755575615628914e-17
0.8,0.1,34,True,True,0.1961079249591061,0.04149632429507983,10.992317775734236,True,True,3.429830022700028e+35,1.1085289102577457e+33,309.4037504085079,309.4037504085088,2.939507683963473e-15,2.7755575615628914e-17,2.7755575615628914e-17
0.8,0.1,35,True,True,0.19601677474989354,0.04149632429507983,10.992317775734236,True,True,4.287287528375034e+36,1.1090443898243136e+34,386.57492591925865,386.5749259192597,2.7938308616035974e-15,2.7755575615628914e-17,2.7755575615628914e-17
0.8,0.1,36,True,True,0.1959438545825235,0.04149632429507983,10.992317775734236,True,True,5.359109410468793e+37,1.1094571187802642e+35,483.0388953076971,483.03889530769845,2.824290271263482e-15,2.7755575615628914e-17,2.7755575615628914e-17
0.8,0.1,37,True,True,0.19588551844862748,0.04149632429507983,10.992317775734236,True,True,6.698886763085989e+38,1.1097875231896644e+36,603.6188570432449,603.6188570432467,3.0134734565052423e-15,2.7755575615628914e-17,2.7755575615628914e-17
0.8,0.1,38,True,True,0.19583884954151068,0.04149632429507983,10.992317775734236,True,True,8.373608453857484e+39,1.110051988442398e+37,754.3438092126801,754.3438092126822,2.8634819963130272e-15,2.7755575615628914e-17,2.7755575615628914e-17
0.8,0.1,39,True,True,0.19580151441581722,0.04149632429507983,10.992317775734236,True,True,1.0467010567321853e+41,1.110263651414661e+38,942.7499994244733,942.7499994244765,3.376538274355371e-15,2.7755575615628914e-17,2.7755575615628914e-17
0.8,0.1,40,True,True,0.19577164631526245,0.04149632429507983,10.992317775734236,True,True,1.3083763209152314e+42,1.110433039919109e+39,1178.2577371892157,1178.2577371892194,3.087591697696173e-15,2.7755575615628914e-17,2.7755575615628914e-17
0.8,0.1,41,True,True,0.19574775183481866,0.04149632429507983,10.992317775734236,True,True,1.635470401144039e+43,1.1105685879410293e+40,1472.6424093951427,1472.642409395148,3.551163881897348e-15,2.7755575615628914e-17,2.7755575615628914e-17
0.8,0.1,42,True,True,0.1957286362504636,0.04149632429507983,10.992317775734236,True,True,2.044338001430048e+44,1.1106770501871854e+41,1840.6232496525522,1840.6232496525586,3.458862596466849e-15,2.7755575615628914e-17,2.7755575615628914e-17
0.8,0.1,43,True,True,0.19571334378297955,0.04149632429507983,10.992317775734236,True,True,2.55542250178756e+45,1.1107638352389705e+42,2300.5992999743144,2300.599299974322,3.3603004943782152e-15,2.7755575615628914e-17,2.7755575615628914e-17
0.8,0.1,44,True,True,0.19570110980899233,0.04149632429507983,10.992317775734236,True,True,3.1942781272344493e+46,1.110833273045836e+43,2875.5693628765157,2875.569362876526,3.637258487107404e-15,2.7755575615628914e-17,2.7755575615628914e-17
0.8,0.1,45,True,True,0.19569132262980254,0.04149632429507983,10.992317775734236,True,True,3.9928476590430604e+47,1.1108888295423998e+44,3594.2819415042677,3594.281941504281,3.669070315109489e-15,2.7755575615628914e-17,2.7755575615628914e-17
0.8,0.1,46,True,True,0.1956834928864507,0.04149632429507983,10.992317775734236,True,True,4.9910595738038254e+48,1.1109332787409472e+45,4492.672664788958,4492.672664788975,3.846351742720902e-15,2.7755575615628914e-17,2.7755575615628914e-17
0.8,0.1,47,True,True,0.19567722909176927,0.04149632429507983,10.992317775734236,True,True,6.23882446725478e+49,1.1109688406609267e+46,5615.66106889482,5615.661068894843,4.048920913383738e-15,2.7755575615628914e-17,2.7755575615628914e-17
0.8,0.1,48,True,True,0.19567221805602406,0.04149632429507983,10.992317775734236,True,True,7.798530584068473e+50,1.1109972918362015e+47,7019.396574027149,7019.396574027175,3.757494832106748e-15,2.7755575615628914e-17,2.7755575615628914e-17
0.8,0.1,49,True,True,0.19566820922742797,0.04149632429507983,10.992317775734236,True,True,9.74816323008559e+51,1.1110200538256495e+48,8774.065955442558,8774.065955442595,4.1462861409596056e-15,2.7755575615628914e-17,2.7755575615628914e-17
0.8,0.2,2,True,True,0.8028691082837063,0.038852785305887705,7.633747082700428,True,True,2.2499999999999996,2.2419594693932874,1.0035863853546327,1.003586385354633,2.2125111317305124e-16,0.0,2.7755575615628914e-17
0.8,0.2,3,True,True,0.659902588530581,0.038852785305887705,7.633747082700428,True,True,10.062499999999995,9.759016121364342,1.0310977945790323,1.0310977945790327,4.306955287702573e-16,2.7755575615628914e-17,0.0
0.8,0.2,4,True,True,0.5614054638991092,0.038852785305887705,7.633747082700428,True,True,58.89062499999995,53.70806295789568,1.0964950466779473,1.0964950466779475,2.025039744573039e-16,2.7755575615628914e-17,6.938893903907228e-18
0.8,0.2,5,True,True,0.48643565461971844,0.038852785305887705,7.633747082700428,True,True,364.0664062499996,306.5597650661092,1.1875870474114212,1.1875870474114218,5.609136746877316e-16,8.673617379884035e-19,2.7755575615628914e-17
0.8,0.2,6,True,True,0.4271150900925327,0.038852785305887705,7.633747082700428,True,True,2271.4150390624973,1742.6152745826676,1.3034518130265271,1.3034518130265276,3.4070243749089373e-16,8.673617379884035e-19,5.551115123125783e-17
0.8,0.2,7,True,True,0.3797659226187796,0.038852785305887705,7.633747082700428,True,True,14192.343994140603,9796.660528002889,1.4486920265914125,1.4486920265914134,6.130898792822759e-16,2.7755575615628914e-17,1.734723475976807e-18
0.8,0.2,8,True,True,0.3419043500120014,0.038852785305887705,7.633747082700428,True,True,88698.14996337876,54405.12897407433,1.6303269863700918,1.6303269863700929,6.809818115671736e-16,2.710505431213761e-20,2.7755575615628914e-17
0.8,0.2,9,True,True,0.31161809080752023,0.038852785305887705,7.633747082700428,True,True,554359.4372711171,298461.7483739343,1.8573885608167644,1.8573885608167653,4.781866532598644e-16,2.7755575615628914e-17,3.469446951953614e-18
0.8,0.2,10,True,True,0.2873896001330203,0.038852785305887705,7.633747082700428,True,True,3464742.4829444815,1618116.5357084787,2.1412193785087754,2.1412193785087776,1.0370007256317247e-15,6.938893903907228e-18,2.7755575615628914e-17
0.8,0.2,11,True,True,0.2680068983509846,0.038852785305887705,7.633747082700428,True,True,21654636.51840301,8675705.385342991,2.496008745869475,2.496008745869477,8.895986654393022e-16,8.673617379884035e-19,2.7755575615628914e-17
0.8,0.2,12,True,True,0.2525007531557698,0.038852785305887705,7.633747082700428,True,True,135341474.24001876,46042413.60774928,2.9394956440172324,2.939495644017235,9.064600127996491e-16,2.710505431213761e-20,1.734723475976807e-18
0.8,0.2,13,True,True,0.24009583995005782,0.038852785305887705,7.633747082700428,True,True,845884210.0001172,242106320.13675958,3.4938543096367707,3.4938543096367747,1.14395236161581e-15,6.938893903907228e-18,1.734723475976807e-18
0.8,0.2,14,True,True,0.23017190992978503,0.038852785305887705,7.633747082700428,True,True,5286776308.500731,1262724027.9711988,4.186802651561895,4.1868026515619,1.0606881833429474e-15,8.673617379884035e-19,1.734723475976807e-18
0.8,0.2,15,True,True,0.22223276601529154,0.038852785305887705,7.633747082700428,True,True,33042351924.129562,6539170762.451359,5.052988081281254,5.052988081281259,1.0546374605438387e-15,8.673617379884035e-19,6.938893903907228e-18
0.8,0.2,16,True,True,0.21588145090292482,0.038852785305887705,7.633747082700428,True,True,206514699521.80972,33657778375.11403,6.135719868976945,6.1357198689769525,1.1580429858812531e-15,8.673617379884035e-19,2.7755575615628914e-17
0.8,0.2,17,True,True,0.2108003988167016,0.038852785305887705,7.633747082700428,True,True,1290716872007.3105,172345262877.90158,7.48913460372695,7.489134603726961,1.4231472126428986e-15,2.7755575615628914e-17,2.7755575615628914e-17
0.8,0.2,18,True,True,0.20673555714842928,0.038852785305887705,7.633747082700428,True,True,8066980450041.688,878669606959.0208,9.180903022195821,9.180903022195833,1.3543872368262686e-15,8.673617379884035e-19,5.551115123125783e-17
0.8,0.2,19,True,True,0.20348368381394832,0.038852785305887705,7.633747082700428,True,True,50418627812756.55,4463558142335.889,11.29561354528951,11.295613545289525,1.2580861285864536e-15,8.673617379884035e-19,2.7755575615628914e-17
0.8,0.2,20,True,True,0.20088218514639022,0.038852785305887705,7.633747082700428,True,True,315116423829724.3,22606814363811.2,13.939001699158466,13.939001699158489,1.6566924526307634e-15,2.7755575615628914e-17,2.7755575615628914e-17
0.8,0.2,21,True,True,0.19880098621234896,0.038852785305887705,7.633747082700428,True,True,1969477648935773.0,114217397889324.27,17.24323689149512,17.243236891495144,1.4422463663924726e-15,8.673617379884035e-19,2.7755575615628914e-17
0.8,0.2,22,True,True,0.19713602706511701,0.038852785305887705,7.633747082700428,True,True,1.2309235305848574e+16,575910240280575.6,21.373530881916047,21.373530881916082,1.6622025150773821e-15,8.673617379884035e-19,2.7755575615628914e-17
0.8,0.2,23,True,True,0.19580405974733164,0.038852785305887705,7.633747082700428,True,True,7.693272066155355e+16,2899139498474489.5,26.536398369942223,26.536398369942276,2.008211681143956e-15,2.7755575615628914e-17,2.7755575615628914e-17
0.8,0.2,24,True,True,0.19473848589310339,0.038852785305887705,7.633747082700428,True,True,4.808295041347096e+17,1.4575015333300676e+16,32.98998272997497,32.989982729975026,1.7230508826292753e-15,2.7755575615628914e-17,2.168404344971009e-19
0.8,0.2,25,True,True,0.1938860268097208,0.038852785305887705,7.633747082700428,True,True,3.005184400841935e+18,7.319548666241056e+16,41.05696318001589,41.05696318001597,1.903689286295154e-15,2.7755575615628914e-17,6.938893903907228e-18
0.8,0.2,26,True,True,0.1932040595430147,0.038852785305887705,7.633747082700428,True,True,1.878240250526209e+19,3.672692520785025e+17,51.140688742567036,51.140688742567136,1.9451435921631387e-15,2.7755575615628914e-17,6.938893903907228e-18
0.8,0.2,27,True,True,0.19265848572964986,0.038852785305887705,7.633747082700428,True,True,1.1739001565788804e+20,1.8415464592217843e+18,63.74534569575598,63.74534569575611,2.0063847962680813e-15,2.7755575615628914e-17,6.938893903907228e-18
0.8,0.2,28,True,True,0.19222202667895796,0.038852785305887705,7.633747082700428,True,True,7.336875978618001e+20,9.22863935950024e+18,79.50116688724215,79.50116688724232,2.1450031900071307e-15,2.7755575615628914e-17,6.938893903907228e-18
0.8,0.2,29,True,True,0.19187285943840446,0.038852785305887705,7.633747082700428,True,True,4.5855474866362494e+21,4.622716746820084e+19,99.19594337659986,99.19594337660008,2.2921670756232617e-15,2.7755575615628914e-17,6.938893903907228e-18
0.8,0.2,30,True,True,0.19159352564596166,0.038852785305887705,7.633747082700428,True,True,2.8659671791476553e+22,2.314728218492031e+20,123.81441398829699,123.81441398829728,2.2955089407514684e-15,2.7755575615628914e-17,6.938893903907228e-18
0.8,0.2,31,True,True,0.19137005861200743,0.038852785305887705,7.633747082700428,True,True,1.7912294869672844e+23,1.1587155888169276e+21,154.58750225291837,154.5875022529188,2.7578273485430518e-15,2.7755575615628914e-17,6.938893903907228e-18
0.8,0.2,32,True,True,0.191191284984844,0.038852785305887705,7.633747082700428,True,True,1.1195184293545523e+24,5.798995235690789e+21,193.05386258369512,193.05386258369563,2.649989815798063e-15,2.7755575615628914e-17,6.938893903907228e-18
0.8,0.2,33,True,True,0.1910482660831133,0.038852785305887705,7.633747082700428,True,True,6.996990183465951e+24,2.9016681843382332e+22,241.13681299716612,241.13681299716674,2.5930408538501957e-15,2.7755575615628914e-17,6.938893903907228e-18
0.8,0.2,34,True,True,0.1909338509617287,0.038852785305887705,7.633747082700428,True,True,4.373118864666219e+25,1.4517034893866782e+23,301.2405010140048,301.2405010140056,2.6417691557826503e-15,2.7755575615628914e-17,6.938893903907228e-18
0.8,0.2,35,True,True,0.19084231886462105,0.038852785305887705,7.633747082700428,True,True,2.7331992904163863e+26,7.261998788638747e+23,376.3701110350531,376.37011103505415,2.718551525467036e-15,2.7755575615628914e-17,6.938893903907228e-18
0.8,0.2,36,True,True,0.19076909318693494,0.038852785305887705,7.633747082700428,True,True,1.7082495565102412e+27,3.632393133666168e+24,470.2821235613635,470.2821235613649,3.0217722518529232e-15,2.7755575615628914e-17,6.938893903907228e-18
0.8,0.2,37,True,True,0.19071051264478603,0.038852785305887705,7.633747082700428,True,True,1.0676559728189004e+28,1.816754447875186e+25,587.6721392192513,587.6721392192532,3.0952452603291e-15,2.7755575615628914e-17,6.938893903907228e-18
0.8,0.2,38,True,True,0.1906636482110669,0.038852785305887705,7.633747082700428,True,True,6.672849830118126e+28,9.08600499767058e+25,734.4096587916114,734.4096587916137,3.0960060603961718e-15,2.7755575615628914e-17,6.938893903907228e-18
0.8,0.2,39,True,True,0.1906261566640916,0.038852785305887705,7.633747082700428,True,True,4.170531143823828e+29,4.54389599736967e+26,917.8315582570613,917.8315582570642,3.2204795685769465e-15,2.7755575615628914e-17,6.938893903907228e-18
0.8,0.2,40,True,True,0.1905961634265114,0.038852785305887705,7.633747082700428,True,True,2.6065819648898925e+30,2.2723055246437496e+27,1147.1089325888738,1147.1089325888775,3.1714327242498775e-15,2.7755575615628914e-17,6.938893903907228e-18
0.8,0.2,41,True,True,0.1905721688364472,0.038852785305887705,7.633747082700428,True,True,1.6291137280561821e+31,1.1362958132193308e+28,1433.705650503639,1433.705650503644,3.4890152368402008e-15,2.7755575615628914e-17,6.938893903907228e-18
0.8,0.2,42,True,True,0.19055297316439584,0.038852785305887705,7.633747082700428,True,True,1.0181960800351138e+32,5.6820513993807175e+28,1791.9515478970961,1791.951547897102,3.2990376154207813e-15,2.7755575615628914e-17,6.938893903907228e-18
0.8,0.2,43,True,True,0.19053761662675475,0.038852785305887705,7.633747082700428,True,True,6.3637255002194595e+32,2.8412546745188937e+29,2239.7589196389167,2239.7589196389245,3.4515790504435944e-15,2.7755575615628914e-17,6.938893903907228e-18
0.8,0.2,44,True,True,0.19052533139664188,0.038852785305887705,7.633747082700428,True,True,3.977328437637162e+33,1.4207189404788975e+30,2799.518134316193,2799.5181343162026,3.4111921803815394e-15,2.7755575615628914e-17,6.938893903907228e-18
0.8,0.2,45,True,True,0.1905155032125516,0.038852785305887705,7.633747082700428,True,True,2.485830273523225e+34,7.103961157802372e+30,3499.2171526627867,3499.2171526628,3.768749580366007e-15,2.7755575615628914e-17,6.938893903907228e-18
0.8,0.2,46,True,True,0.19050764066527937,0.038852785305887705,7.633747082700428,True,True,1.5536439209520156e+35,3.5521271746761068e+31,4373.8409255960305,4373.840925596048,3.950852266382033e-15,2.7755575615628914e-17,6.938893903907228e-18
0.8,0.2,47,True,True,0.1905013506274616,0.038852785305887705,7.633747082700428,True,True,9.710274505950095e+35,1.7761222300043354e+32,5467.1206417625845,5467.120641762607,4.158929175741154e-15,2.7755575615628914e-17,6.938893903907228e-18
0.8,0.2,48,True,True,0.19049631859720734,0.038852785305887705,7.633747082700428,True,True,6.068921566218809e+36,8.880845734628412e+32,6833.720286970779,6833.720286970804,3.726498975703655e-15,2.7755575615628914e-17,6.938893903907228e-18
0.8,0.2,49,True,True,0.19049229297300396,0.038852785305887705,7.633747082700428,True,True,3.793075978886755e+37,4.4405167056185746e+33,8541.96984348102,8541.969843481053,3.833051376177929e-15,2.7755575615628914e-17,6.938893903907228e-18
0.8,0.3,2,True,True,0.8115150419557102,0.03554953633517412,6.731762090789513,True,True,1.8333333333333333,1.8073191386965228,1.0143938024446377,1.0143938024446377,0.0,0.0,5.551115123125783e-17
0.8,0.3,3,True,True,0.6650664639418474,0.03554953633517412,6.731762090789513,True,True,5.3055555555555545,5.10558829779223,1.0391663499091368,1.0391663499091364,4.2735141480369657e-16,0.0,5.551115123125783e-17
0.8,0.3,4,True,True,0.5606667375968475,0.03554953633517412,6.731762090789513,True,True,19.77314814814815,18.05680839074763,1.0950522218688423,1.0950522218688425,2.027707907355182e-16,5.551115123125783e-17,6.938893903907228e-18
0.8,0.3,5,True,True,0.4830213431991355,0.03554953633517412,6.731762090789513,True,True,80.05478395061728,67.88610890151557,1.1792513261697644,1.1792513261697641,1.882928600523498e-16,6.938893903907228e-18,0.0
0.8,0.3,6,True,True,0.42263819954621634,0.03554953633517412,6.731762090789513,True,True,331.2282664609054,256.8080179937468,1.2897894273261,1.2897894273260992,5.164671074689112e-16,2.7755575615628914e-17,2.7755575615628914e-17
0.8,0.3,7,True,True,0.37479030535451346,0.03554953633517412,6.731762090789513,True,True,1377.7844435871054,963.6800099139723,1.429711553018621,1.4297115530186209,1.5530727471301295e-16,1.734723475976807e-18,5.551115123125783e-17
0.8,0.3,8,True,True,0.3366315102432113,0.03554953633517412,6.731762090789513,True,True,5738.435181612941,3574.93890256895,1.6051841270599905,1.6051841270599898,4.149890367998878e-16,2.7755575615628914e-17,2.7755575615628914e-17
0.8,0.3,9,True,True,0.3061358611582979,0.03554953633517412,6.731762090789513,True,True,23907.813256720583,13102.239821824043,1.824711925734865,1.824711925734864,4.867499396335837e-16,2.7755575615628914e-17,5.551115123125783e-17
0.8,0.3,10,True,True,0.2817476907481473,0.03554953633517412,6.731762090789513,True,True,99613.55523633576,47453.46812362971,2.099183877916241,2.0991838779162406,2.1155326816385839e-16,5.551115123125783e-17,5.551115123125783e-17
0.8,0.3,11,True,True,0.2622394057626975,0.03554953633517412,6.731762090789513,True,True,415054.14681806584,169944.32830071152,2.442294785405487,2.4422947854054846,9.091638169639139e-16,5.551115123125783e-17,2.7755575615628914e-17
0.8,0.3,12,True,True,0.24663339302680085,0.03554953633517412,6.731762090789513,True,True,1729389.945075274,602325.0270349561,2.8711905822483916,2.8711905822483903,4.640122595090526e-16,2.7755575615628914e-17,2.7755575615628914e-17
0.8,0.3,13,True,True,0.23414875310739275,0.03554953633517412,6.731762090789513,True,True,7205789.1044803085,2114801.168737134,3.407312806046579,3.4073128060465767,6.516707375119584e-16,5.551115123125783e-17,5.551115123125783e-17
0.8,0.3,14,True,True,0.22416108884432084,0.03554953633517412,6.731762090789513,True,True,30024118.93533462,7363425.127287955,4.077466452951208,4.077466452951206,6.53478156067189e-16,4.336808689942018e-19,2.7755575615628914e-17
0.8,0.3,15,True,True,0.21617097092245327,0.03554953633517412,6.731762090789513,True,True,125100493.23056093,25451973.752175532,4.915158818277024,4.91515881827702,7.228075043251367e-16,6.938893903907228e-18,1.3877787807814457e-17
0.8,0.3,16,True,True,0.20977888043731377,0.03554953633517412,6.731762090789513,True,True,521252052.7940038,87425036.01573028,5.962274384424795,5.9622743844247905,7.448318900085409e-16,1.734723475976807e-18,2.7755575615628914e-17
0.8,0.3,17,True,True,0.20466520915847441,0.03554953633517412,6.731762090789513,True,True,2171883550.975016,298697992.90390855,7.2711688815187765,7.27116888151877,8.550549491022474e-16,6.938893903907228e-18,5.551115123125783e-17
0.8,0.3,18,True,True,0.20057427245707468,0.03554953633517412,6.731762090789513,True,True,9049514793.395903,1015967575.3066418,8.907287017171345,8.907287017171338,7.977094870641602e-16,2.7755575615628914e-17,2.7755575615628914e-17
0.8,0.3,19,True,True,0.19730152318979663,0.03554953633517412,6.731762090789513,True,True,37706311636.81626,3442733300.6188035,10.952434691946326,10.952434691946312,1.2975064554049991e-15,1.734723475976807e-18,2.7755575615628914e-17
0.8,0.3,20,True,True,0.1946833238034897,0.03554953633517412,6.731762090789513,True,True,157109631817.7344,11630109706.158308,13.508869287324318,13.508869287324304,1.0519647805413581e-15,2.7755575615628914e-17,6.938893903907228e-18
0.8,0.3,21,True,True,0.19258876430254612,0.03554953633517412,6.731762090789513,True,True,654623465904.8933,39188655371.21268,16.704412532249542,16.704412532249524,1.0634057534024723e-15,1.3877787807814457e-17,2.7755575615628914e-17
0.8,0.3,22,True,True,0.19091311670418531,0.03554953633517412,6.731762090789513,True,True,2727597774601.3896,131775382835.67421,20.69884158866564,20.698841588665612,1.3731062827190931e-15,4.336808689942018e-19,5.551115123125783e-17
0.8,0.3,23,True,True,0.18957259862620598,0.03554953633517412,6.731762090789513,True,True,11364990727503.455,442357338285.402,25.69187790928189,25.691877909281853,1.3828158810909621e-15,2.7755575615628914e-17,1.3877787807814457e-17
0.8,0.3,24,True,True,0.18850018416403333,0.03554953633517412,6.731762090789513,True,True,47354128031262.07,1482913319369.44,31.933173310087913,31.93317331008787,1.3350556717812365e-15,6.938893903907228e-18,3.469446951953614e-18
0.8,0.3,25,True,True,0.18764225259435793,0.03554953633517412,6.731762090789513,True,True,197308866796922.97,4965644818542.309,39.73479256110872,39.73479256110867,1.251749117016637e-15,6.938893903907228e-18,2.168404344971009e-19
0.8,0.3,26,True,True,0.18695590733863626,0.03554953633517412,6.731762090789513,True,True,822120278320510.0,16612915002235.564,49.48681662488968,49.4868166248896,1.579404501325314e-15,5.551115123125783e-17,1.3877787807814457e-17
0.8,0.3,27,True,True,0.18640683113406448,0.03554953633517412,6.731762090789513,True,True,3425501159668789.5,55539498899387.23,61.6768467046177,61.6768467046176,1.6128577954515707e-15,6.938893903907228e-18,6.938893903907228e-18
0.8,0.3,28,True,True,0.18596757017040877,0.03554953633517412,6.731762090789513,True,True,1.4272921498619952e+16,185568949523866.97,76.91438430427844,76.91438430427833,1.4780959211980879e-15,2.7755575615628914e-17,3.469446951953614e-18
0.8,0.3,29,True,True,0.18561616139948472,0.03554953633517412,6.731762090789513,True,True,5.94705062442498e+16,619734229710678.2,95.96130630385463,95.96130630385449,1.4808942544200438e-15,2.710505431213761e-20,2.7755575615628914e-17
0.8,0.3,30,True,True,0.1853350343827456,0.03554953633517412,6.731762090789513,True,True,2.477937760177076e+17,2068914262754413.8,119.76995880332497,119.76995880332476,1.779768673696102e-15,5.551115123125783e-17,3.469446951953614e-18
0.8,0.3,31,True,True,0.1851101327693544,0.03554953633517412,6.731762090789513,True,True,1.0324740667404484e+18,6904759710449559.0,149.53077442766295,149.5307744276627,1.710653782491979e-15,5.551115123125783e-17,2.7755575615628914e-17
0.8,0.3,32,True,True,0.18493021147864136,0.03554953633517412,6.731762090789513,True,True,4.301975278085201e+18,2.303825817177573e+16,186.73179395808532,186.731793958085,1.6742665890342218e-15,5.551115123125783e-17,5.551115123125783e-17
0.8,0.3,33,True,True,0.18478627444607099,0.03554953633517412,6.731762090789513,True,True,1.7924896992021674e+19,7.685401181405424e+16,233.23306837111346,233.233068371113,1.949755041437283e-15,5.551115123125783e-17,5.551115123125783e-17
0.8,0.3,34,True,True,0.18467112482001466,0.03554953633517412,6.731762090789513,True,True,7.468707080009032e+19,2.5633977759462272e+17,291.3596613873985,291.3596613873979,1.9509707895091152e-15,5.551115123125783e-17,5.551115123125783e-17
0.8,0.3,35,True,True,0.18457900511916964,0.03554953633517412,6.731762090789513,True,True,3.1119612833370964e+20,8.548923722201996e+17,364.01790265775475,364.0179026577541,1.7177111425114928e-15,5.551115123125783e-17,5.551115123125783e-17
0.8,0.3,36,True,True,0.18450530935849357,0.03554953633517412,6.731762090789513,True,True,1.29665053472379e+21,2.8507794544776556e+18,454.84070424570024,454.8407042456993,1.999589511851671e-15,5.551115123125783e-17,5.551115123125783e-17
0.8,0.3,37,True,True,0.18444635274995277,0.03554953633517412,6.731762090789513,True,True,5.402710561349126e+21,9.505635601160317e+18,568.369206230632,568.3692062306309,2.0002286625550325e-15,5.551115123125783e-17,5.551115123125783e-17
0.8,0.3,38,True,True,0.1843991874631201,0.03554953633517412,6.731762090789513,True,True,2.251129400562136e+22,3.169355645081646e+19,710.2798337117969,710.2798337117953,2.2408291106691366e-15,5.551115123125783e-17,5.551115123125783e-17
0.8,0.3,39,True,True,0.18436145523365396,0.03554953633517412,6.731762090789513,True,True,9.379705835675566e+22,1.0566680998006956e+20,887.6681180632526,887.6681180632507,2.049177351907827e-15,5.551115123125783e-17,5.551115123125783e-17
0.8,0.3,40,True,True,0.18433126945008105,0.03554953633517412,6.731762090789513,True,True,3.90821076486482e+23,3.522803793398937e+20,1109.4034735025725,1109.40347350257,2.254464213979008e-15,5.551115123125783e-17,5.551115123125783e-17
0.8,0.3,41,True,True,0.18430712082322276,0.03554953633517412,6.731762090789513,True,True,1.628421152027008e+24,1.1744217882274524e+21,1386.5726678017224,1386.5726678017195,2.131772715128051e-15,5.551115123125783e-17,5.551115123125783e-17
0.8,0.3,42,True,True,0.18428780192173608,0.03554953633517412,6.731762090789513,True,True,6.785088133445868e+24,3.9151496764498625e+21,1733.0341606756597,1733.0341606756556,2.3615957785751617e-15,5.551115123125783e-17,5.551115123125783e-17
0.8,0.3,43,True,True,0.18427234680054674,0.03554953633517412,6.731762090789513,True,True,2.827120055602445e+25,1.3051593480970426e+22,2166.1110267680815,2166.1110267680765,2.309309540432291e-15,5.551115123125783e-17,5.551115123125783e-17
0.8,0.3,44,True,True,0.18425998270359528,0.03554953633517412,6.731762090789513,True,True,1.177966689834352e+26,4.350823086916908e+22,2707.4571093836084,2707.457109383602,2.3514547618669126e-15,5.551115123125783e-17,5.551115123125783e-17
0.8,0.3,45,True,True,0.18425009142603413,0.03554953633517412,6.731762090789513,True,True,4.908194540976467e+26,1.4503522188002865e+23,3384.139712653017,3384.139712653009,2.2843929688143325e-15,5.551115123125783e-17,5.551115123125783e-17
0.8,0.3,46,True,True,0.18424217840398519,0.03554953633517412,6.731762090789513,True,True,2.0450810587401947e+27,4.834715033383187e+23,4229.992966739777,4229.992966739768,2.1501092529567815e-15,5.551115123125783e-17,5.551115123125783e-17
0.8,0.3,47,True,True,0.18423584798634604,0.03554953633517412,6.731762090789513,True,True,8.521171078084145e+27,1.6116270520436925e+24,5287.309534348229,5287.309534348216,2.4082051073619665e-15,5.551115123125783e-17,5.551115123125783e-17
0.8,0.3,48,True,True,0.18423078365223472,0.03554953633517412,6.731762090789513,True,True,3.550487949201727e+28,5.372237847276889e+24,6608.955243858793,6608.955243858776,2.6146945615561645e-15,5.551115123125783e-17,5.551115123125783e-17
0.8,0.3,49,True,True,0.18422673218494567,0.03554953633517412,6.731762090789513,True,True,1.4793699788340531e+29,1.790785330720303e+25,8261.012380746999,8261.012380746977,2.6422757691807936e-15,5.551115123125783e-17,5.551115123125783e-17
0.8,0.4,2,True,True,0.8185088460058205,0.03143214005794393,6.52776776812286,True,True,1.6249999999999998,1.5882540626699049,1.0231360575072754,1.0231360575072757,2.170235359176092e-16,0.0,2.7755575615628914e-17
0.8,0.4,3,True,True,0.672414222905175,0.03143214005794393,6.52776776812286,True,True,3.5781249999999982,3.4056388487828566,1.0506472232893358,1.0506472232893358,0.0,0.0,2.7755575615628914e-17
0.8,0.4,4,True,True,0.5628027935768289,0.03143214005794393,6.52776776812286,True,True,9.681640624999993,8.807703260490856,1.0992242062047437,1.099224206204744,2.0200119654540502e-16,3.469446951953614e-18,1.3877787807814457e-17
0.8,0.4,5,True,True,0.4810716276195546,0.03143214005794393,6.52776776812286,True,True,28.75512695312497,24.48304851874254,1.1744912783680521,1.174491278368053,7.562239380221219e-16,3.469446951953614e-18,5.551115123125783e-17
0.8,0.4,6,True,True,0.4184588007289548,0.03143214005794393,6.52776776812286,True,True,88.35977172851553,69.19135157287317,1.2770349143339677,1.277034914333968,3.477502493200629e-16,3.469446951953614e-18,2.7755575615628914e-17
0.8,0.4,7,True,True,0.369442591414967,0.03143214005794393,6.52776776812286,True,True,274.624286651611,194.86412956414597,1.4093116432760875,1.4093116432760882,4.726660834409898e-16,2.7755575615628914e-17,5.551115123125783e-17
0.8,0.4,8,True,True,0.3306235577412801,0.03143214005794393,6.52776776812286,True,True,856.700895786284,543.4071332587563,1.5765359770835865,1.5765359770835876,7.042167389538062e-16,2.7755575615628914e-17,2.7755575615628914e-17
0.8,0.4,9,True,True,0.2997110579675489,0.03143214005794393,6.52776776812286,True,True,2675.6902993321373,1497.7970584542295,1.7864171145412238,1.786417114541225,7.457763468037146e-16,5.551115123125783e-17,8.326672684688674e-17
0.8,0.4,10,True,True,0.2750328698986424,0.03143214005794393,6.52776776812286,True,True,8360.032185412927,4079.747000227691,2.049154563983098,2.0491545639830995,6.5015477747103505e-16,8.673617379884035e-19,2.7755575615628914e-17
0.8,0.4,11,True,True,0.25530925746432903,0.03143214005794393,6.52776776812286,True,True,26123.600579415397,10986.676634515707,2.3777527498484465,2.3777527498484488,9.3384228002337e-16,2.7755575615628914e-17,2.7755575615628914e-17
0.8,0.4,12,True,True,0.2395373499520246,0.03143214005794393,6.52776776812286,True,True,81634.75181067309,29274.648760549564,2.788581768423601,2.7885817684236036,9.555162732798932e-16,1.3877787807814457e-17,2.7755575615628914e-17
0.8,0.4,13,True,True,0.2269224222228758,0.03143214005794393,6.52776776812286,True,True,255107.09940835336,77254.71203441767,3.302155851602953,3.302155851602957,1.2103616753008208e-15,3.469446951953614e-18,5.551115123125783e-17
0.8,0.4,14,True,True,0.21683145580255175,0.03143214005794393,6.52776776812286,True,True,797208.1856511041,202124.65636899605,3.944141204602627,3.9441412046026305,9.007572230564788e-16,2.7755575615628914e-17,2.7755575615628914e-17
0.8,0.4,15,True,True,0.20875905231895828,0.03143214005794393,6.52776776812286,True,True,2491274.0801596995,524850.977945122,4.746631300780742,4.746631300780749,1.3098234398105103e-15,2.7755575615628914e-17,6.938893903907228e-18
0.8,0.4,16,True,True,0.2023012707033471,0.03143214005794393,6.52776776812286,True,True,7785230.00049906,1354012.400329254,5.7497479333320225,5.74974793333203,1.2357806707333941e-15,4.336808689942018e-19,2.7755575615628914e-17
0.8,0.4,17,True,True,0.19713509971787427,0.03143214005794393,6.52776776812286,True,True,24328842.251559563,3473739.7429251713,7.003645653393913,7.003645653393921,1.141349259071592e-15,2.7755575615628914e-17,2.7755575615628914e-17
0.8,0.4,18,True,True,0.1930021839553066,0.03143214005794393,6.52776776812286,True,True,76027630.5361236,8870314.35436082,8.571018737204835,8.571018737204847,1.450760785509244e-15,5.551115123125783e-17,3.469446951953614e-18
0.8,0.4,19,True,True,0.18969585953117482,0.03143214005794393,6.52776776812286,True,True,237586343.92538625,22562300.99307669,10.530235546378464,10.530235546378476,1.180837581556111e-15,3.469446951953614e-18,2.7755575615628914e-17
0.8,0.4,20,True,True,0.18705080319408043,0.03143214005794393,6.52776776812286,True,True,742457323.2668316,57203377.34656808,12.97925678004352,12.97925678004354,1.50547335371673e-15,5.551115123125783e-17,2.7755575615628914e-17
0.8,0.4,21,True,True,0.18493475938210938,0.03143214005794393,6.52776776812286,True,True,2320179133.708849,144644761.57594645,16.04053343121332,16.040533431213344,1.5503845840444943e-15,2.7755575615628914e-17,2.7755575615628914e-17
0.8,0.4,22,True,True,0.1832419248281739,0.03143214005794393,6.52776776812286,True,True,7250559791.340153,364952564.72392404,19.867129298913106,19.867129298913138,1.6094133494643193e-15,5.551115123125783e-17,2.7755575615628914e-17
0.8,0.4,23,True,True,0.18188765738089505,0.03143214005794393,6.52776776812286,True,True,22657999346.437965,919174662.3922876,24.650374160083114,24.650374160083157,1.7294895350773935e-15,5.551115123125783e-17,1.3877787807814457e-17
0.8,0.4,24,True,True,0.18080424350065466,0.03143214005794393,6.52776776812286,True,True,70806247956.11864,2311706335.3419185,30.629430249688642,30.6294302496887,1.8558431677450395e-15,2.7755575615628914e-17,2.7755575615628914e-17
0.8,0.4,25,True,True,0.1799375124272501,0.03143214005794393,6.52776776812286,True,True,221269524861.37073,5807103664.992026,38.10325036821511,38.103250368215186,2.0512607239095268e-15,3.469446951953614e-18,2.7755575615628914e-17
0.8,0.4,26,True,True,0.17924412758076286,0.03143214005794393,6.52776776812286,True,True,691467265190.2832,14573919407.942007,47.44552551961215,47.44552551961224,1.946876014907463e-15,5.551115123125783e-17,1.734723475976807e-18
0.8,0.4,27,True,True,0.17868941970844263,0.03143214005794393,6.52776776812286,True,True,2160835203718.135,36547903535.21524,59.12336946046964,59.12336946046976,2.043054483895399e-15,3.469446951953614e-18,6.938893903907228e-18
0.8,0.4,28,True,True,0.1782456534125261,0.03143214005794393,6.52776776812286,True,True,6752610011617.672,91597236022.80219,73.72067438734373,73.72067438734389,2.1204282674611343e-15,5.551115123125783e-17,5.551115123125783e-17
0.8,0.4,29,True,True,0.17789064037656618,0.03143214005794393,6.52776776812286,True,True,21101906286303.715,229450087299.46848,91.96730554633612,91.96730554633633,2.3178108726979196e-15,1.3877787807814457e-17,1.3877787807814457e-17
0.8,0.4,30,True,True,0.17760662994810675,0.03143214005794393,6.52776776812286,True,True,65943457144697.6,574542501258.0679,114.77559449527601,114.77559449527625,2.1048423336058328e-15,1.3877787807814457e-17,2.7755575615628914e-17
0.8,0.4,31,True,True,0.17737942160546236,0.03143214005794393,6.52776776812286,True,True,206073303577178.5,1438196106498.8923,143.28595568155032,143.28595568155063,2.181922172674591e-15,5.551115123125783e-17,1.3877787807814457e-17
0.8,0.4,32,True,True,0.17719765493139594,0.03143214005794393,6.52776776812286,True,True,643979073678681.0,3599178465775.523,178.9239071644427,178.9239071644432,2.7004164394465352e-15,3.469446951953614e-18,2.7755575615628914e-17
0.8,0.4,33,True,True,0.1770522415921625,0.03143214005794393,6.52776776812286,True,True,2012434605245876.5,9005336194557.86,223.47134651808324,223.47134651808378,2.416473018092175e-15,6.938893903907228e-18,2.7755575615628914e-17
0.8,0.4,34,True,True,0.17693591092078362,0.03143214005794393,6.52776776812286,True,True,6288858141393361.0,22528142411001.9,279.155645710146,279.15564571014687,3.0543938337447985e-15,2.7755575615628914e-17,2.7755575615628914e-17
0.8,0.4,35,True,True,0.1768428463836836,0.03143214005794393,6.52776776812286,True,True,1.9652681691854244e+16,56349994929898.52,348.7610197002308,348.7610197002318,2.9337611765615107e-15,1.3877787807814457e-17,2.7755575615628914e-17
0.8,0.4,36,True,True,0.17676839475400485,0.03143214005794393,6.52776776812286,True,True,6.141463028704451e+16,140934321304680.3,435.7677371878399,435.76773718784113,2.8697746717277387e-15,3.469446951953614e-18,2.7755575615628914e-17
0.8,0.4,37,True,True,0.1767088334502624,0.03143214005794393,6.52776776812286,True,True,1.9192071964701405e+17,352454561217303.06,544.5261340473527,544.5261340473544,3.1317184965009225e-15,8.673617379884035e-19,2.7755575615628914e-17
0.8,0.4,38,True,True,0.17666118440726858,0.03143214005794393,6.52776776812286,True,True,5.997522488969188e+17,881374063095706.9,680.4741301217446,680.4741301217466,3.007260656070738e-15,3.469446951953614e-18,3.469446951953614e-18
0.8,0.4,39,True,True,0.17662306517287363,0.03143214005794393,6.52776776812286,True,True,1.8742257778028708e+18,2203910708659923.2,850.4091252147344,850.4091252147373,3.3421218784813986e-15,3.469446951953614e-18,1.3877787807814457e-17
0.8,0.4,40,True,True,0.1765925697853577,0.03143214005794393,6.52776776812286,True,True,5.85695555563397e+18,5510728243039469.0,1062.8278690809725,1062.827869080976,3.2089910613631358e-15,3.469446951953614e-18,2.7755575615628914e-17
0.8,0.4,41,True,True,0.17656817347534495,0.03143214005794393,6.52776776812286,True,True,1.8302986111356154e+19,1.377872414196683e+16,1328.3512989137696,1328.351298913774,3.252226904851196e-15,3.469446951953614e-18,5.551115123125783e-17
0.8,0.4,42,True,True,0.17654865642733478,0.03143214005794393,6.52776776812286,True,True,5.719683159798797e+19,3.4450618370594444e+16,1660.2555862047664,1660.2555862047718,3.286824182963189e-15,3.469446951953614e-18,2.7755575615628914e-17
0.8,0.4,43,True,True,0.17653304278892662,0.03143214005794393,6.52776776812286,True,True,1.7874009874371238e+20,8.613416347345746e+16,2075.135945318512,2075.135945318519,3.5062558819810797e-15,3.469446951953614e-18,2.7755575615628914e-17
0.8,0.4,44,True,True,0.1765205518782001,0.03143214005794393,6.52776776812286,True,True,5.585628085741011e+20,2.1535064620322704e+17,2593.7363942106945,2593.736394210703,3.33117879138682e-15,3.469446951953614e-18,2.7755575615628914e-17
0.8,0.4,45,True,True,0.1765105591496189,0.03143214005794393,6.52776776812286,True,True,1.7455087767940655e+21,5.3840709442909734e+17,3241.986955325922,3241.9869553259336,3.646970603513547e-15,3.469446951953614e-18,2.7755575615628914e-17
0.8,0.4,46,True,True,0.17650256496675393,0.03143214005794393,6.52776776812286,True,True,5.454714927481454e+21,1.3460787001268562e+18,4052.300156719956,4052.3001567199713,3.815465126515854e-15,3.469446951953614e-18,2.7755575615628914e-17
0.8,0.4,47,True,True,0.17649616962046197,0.03143214005794393,6.52776776812286,True,True,1.7045984148379539e+22,3.365318688366023e+18,5065.191658462499,5065.191658462519,3.950271734649008e-15,3.469446951953614e-18,2.7755575615628914e-17
0.8,0.4,48,True,True,0.17649105334342838,0.03143214005794393,6.52776776812286,True,True,5.326870046368605e+22,8.413540612919634e+18,6331.306035640679,6331.306035640702,3.734910635022426e-15,3.469446951953614e-18,2.7755575615628914e-17
0.8,0.4,49,True,True,0.17648696032180153,0.03143214005794393,6.52776776812286,True,True,1.664646889490189e+23,2.1034339341761384e+19,7913.949007113402,7913.949007113431,3.6775357575053625e-15,3.469446951953614e-18,2.7755575615628914e-17
0.8,0.5,2,True,True,0.8244491360193897,0.026367358148453982,6.724866271463473,True,True,1.4999999999999998,1.4555173237173213,1.030561420024237,1.0305614200242372,2.15459846070901e-16,0.0,5.551115123125783e-17
0.8,0.5,3,True,True,0.6812617391381892,0.026367358148453982,6.724866271463473,True,True,2.749999999999999,2.583441721277989,1.0644714674034204,1.0644714674034206,2.085961077629142e-16,2.7755575615628914e-17,5.551115123125783e-17
0.8,0.5,4,True,True,0.5685219616736071,0.026367358148453982,6.724866271463473,True,True,5.874999999999997,5.2909125817146805,1.1103944563937638,1.1103944563937638,0.0,1.3877787807814457e-17,2.7755575615628914e-17
0.8,0.5,5,True,True,0.4821624357601764,0.026367358148453982,6.724866271463473,True,True,13.687499999999996,11.62761672041282,1.177154384180118,1.177154384180118,0.0,2.7755575615628914e-17,1.3877787807814457e-17
0.8,0.5,6,True,True,0.41595684910270564,0.026367358148453982,6.724866271463473,True,True,33.218749999999986,26.16886829362511,1.2693995639120652,1.2693995639120652,0.0,2.7755575615628914e-17,2.7755575615628914e-17
0.8,0.5,7,True,True,0.36459635649353106,0.026367358148453982,6.724866271463473,True,True,82.04687499999994,58.991527526089264,1.3908247241727103,1.39082472417271,1.5964959571531044e-16,2.7755575615628914e-17,1.3877787807814457e-17
0.8,0.5,8,True,True,0.32430340460561174,0.026367358148453982,6.724866271463473,True,True,204.1171874999999,131.99515081273145,1.546399138477381,1.546399138477381,0.0,2.7755575615628914e-17,2.7755575615628914e-17
0.8,0.5,9,True,True,0.2924462037489563,0.026367358148453982,6.724866271463473,True,True,509.29296874999966,292.1740147235709,1.7431152090368043,1.7431152090368043,0.0,6.938893903907228e-18,2.7755575615628914e-17
0.8,0.5,10,True,True,0.2671364200007919,0.026367358148453982,6.724866271463473,True,True,1272.232421874999,639.2095287924191,1.9903214275895937,1.9903214275895937,0.0,2.7755575615628914e-17,2.7755575615628914e-17
0.8,0.5,11,True,True,0.246970405624344,0.026367358148453982,6.724866271463473,True,True,3179.5810546874977,1382.3717674128786,2.30009114019893,2.30009114019893,0.0,2.7755575615628914e-17,2.7755575615628914e-17
0.8,0.5,12,True,True,0.23087571283614314,0.026367358148453982,6.724866271463473,True,True,7947.952636718744,2957.105901311594,2.6877470411842572,2.6877470411842572,0.0,2.7755575615628914e-17,2.7755575615628914e-17
0.8,0.5,13,True,True,0.21801780858072584,0.026367358148453982,6.724866271463473,True,True,19868.88159179686,6262.695488989206,3.1725766687410317,3.1725766687410317,0.0,2.7755575615628914e-17,2.7755575615628914e-17
0.8,0.5,14,True,True,0.20773989723536332,0.026367358148453982,6.724866271463473,True,True,49671.20397949214,13144.818849893096,3.7787667176483075,3.7787667176483075,0.0,8.326672684688674e-17,1.3877787807814457e-17
0.8,0.5,15,True,True,0.19952155979701083,0.026367358148453982,6.724866271463473,True,True,124177.00994873035,27372.293296021173,4.536595038121292,4.536595038121292,0.0,1.3877787807814457e-17,2.7755575615628914e-17
0.8,0.5,16,True,True,0.1929487969637902,0.026367358148453982,6.724866271463473,True,True,310441.5248718259,56609.26782023179,5.483934642250858,5.483934642250859,1.619600665655592e-16,1.3877787807814457e-17,2.7755575615628914e-17
0.8,0.5,17,True,True,0.1876915038303836,0.026367358148453982,6.724866271463473,True,True,776102.8121795646,116389.66949763145,6.668141730528399,6.668141730528399,0.0,2.7755575615628914e-17,5.551115123125783e-17
0.8,0.5,18,True,True,0.18348611301631523,0.026367358148453982,6.724866271463473,True,True,1940256.0304489112,238114.37803350555,8.148420294787465,8.148420294787464,2.180001491254181e-16,6.938893903907228e-18,2.7755575615628914e-17
0.8,0.5,19,True,True,0.18012201616419155,0.026367358148453982,6.724866271463473,True,True,4850639.076122277,485123.06937137106,9.998780479369493,9.998780479369493,0.0,5.551115123125783e-17,2.7755575615628914e-17
0.8,0.5,20,True,True,0.17743084413180965,0.026367358148453982,6.724866271463473,True,True,12126596.690305695,984962.2095272135,12.311738027113263,12.311738027113263,0.0,1.3877787807814457e-17,1.3877787807814457e-17
0.8,0.5,21,True,True,0.1752779582403896,0.026367358148453982,6.724866271463473,True,True,30316490.72576423,1994120.3362268219,15.202939449044298,15.202939449044298,0.0,5.551115123125783e-17,1.734723475976807e-18
0.8,0.5,22,True,True,0.17355567499519436,0.026367358148453982,6.724866271463473,True,True,75791225.81441058,4027818.006152421,18.816943987697762,18.816943987697766,1.888039673776577e-16,5.551115123125783e-17,6.938893903907228e-18
0.8,0.5,23,True,True,0.17217786097225068,0.026367358148453982,6.724866271463473,True,True,189478063.53602645,8120099.35747658,23.33445136500264,23.33445136500264,0.0,2.7755575615628914e-17,2.7755575615628914e-17
0.8,0.5,24,True,True,0.17107561597586646,0.026367358148453982,6.724866271463473,True,True,473695157.84006613,16344834.736684104,28.981336640676567,28.98133664067657,1.225862603526061e-16,2.7755575615628914e-17,2.7755575615628914e-17
0.8,0.5,25,True,True,0.1701938230637836,0.026367358148453982,6.724866271463473,True,True,1184237893.600165,32859038.217771906,36.039943888548336,36.039943888548336,0.0,5.551115123125783e-17,2.7755575615628914e-17
0.8,0.5,26,True,True,0.16948839026621124,0.026367358148453982,6.724866271463473,True,True,2960594733.000413,65991603.62321899,44.86320335392993,44.863203353929926,1.5837984866006187e-16,6.938893903907228e-18,6.938893903907228e-18
0.8,0.5,27,True,True,0.16892404479002193,0.026367358148453982,6.724866271463473,True,True,7401486831.501031,132424139.87395558,55.89227793773809,55.892277937738086,1.2712717426754699e-16,5.551115123125783e-17,1.3877787807814457e-17
0.8,0.5,28,True,True,0.16847256878832997,0.026367358148453982,6.724866271463473,True,True,18503717077.75258,265558025.20284018,69.67862132435634,69.67862132435633,2.0394856334843361e-16,6.938893903907228e-18,2.7755575615628914e-17
0.8,0.5,29,True,True,0.16811138817593513,0.026367358148453982,6.724866271463473,True,True,46259292693.38144,532257132.04497546,86.9115506553185,86.9115506553185,0.0,2.7755575615628914e-17,1.3877787807814457e-17
0.8,0.5,30,True,True,0.16782244378022979,0.026367358148453982,6.724866271463473,True,True,115648231732.45358,1066347066.7966769,108.45271237990335,108.45271237990335,0.0,2.7755575615628914e-17,2.7755575615628914e-17
0.8,0.5,31,True,True,0.1675912883106632,0.026367358148453982,6.724866271463473,True,True,289120579330.134,2135635717.953878,135.37916457359884,135.37916457359884,0.0,2.7755575615628914e-17,2.7755575615628914e-17
0.8,0.5,32,True,True,0.16740636395846567,0.026367358148453982,6.724866271463473,True,True,722801448324.3351,4275989668.140258,169.03722983940247,169.03722983940244,1.681387553345892e-16,2.7755575615628914e-17,1.3877787807814457e-17
0.8,0.5,33,True,True,0.16725842448841824,0.026367358148453982,6.724866271463473,True,True,1807003620809.837,8559543530.992639,211.1098114364378,211.1098114364378,0.0,2.7755575615628914e-17,5.551115123125783e-17
0.8,0.5,34,True,True,0.16714007291822872,0.026367358148453982,6.724866271463473,True,True,4517509052023.593,17131209055.221182,263.7005384419592,263.70053844195917,2.1556049599541992e-16,2.7755575615628914e-17,2.7755575615628914e-17
0.8,0.5,35,True,True,0.16704539166499854,0.026367358148453982,6.724866271463473,True,True,11293772630057.982,34281838033.689285,329.4389472046225,329.4389472046224,1.725461404704563e-16,2.7755575615628914e-17,1.3877787807814457e-17
0.8,0.5,36,True,True,0.166969646663874,0.026367358148453982,6.724866271463473,True,True,28234431575143.953,68594779659.10429,411.6119581615497,411.6119581615497,0.0,6.938893903907228e-18,6.938893903907228e-18
0.8,0.5,37,True,True,0.1669090506637038,0.026367358148453982,6.724866271463473,True,True,70586078937858.88,137239365715.92288,514.3282218599563,514.3282218599563,0.0,6.938893903907228e-18,2.7755575615628914e-17
0.8,0.5,38,True,True,0.16686057386393205,0.026367358148453982,6.724866271463473,True,True,176465197344646.16,274558473759.2083,642.7235514843685,642.7235514843685,0.0,6.938893903907228e-18,2.7755575615628914e-17
0.8,0.5,39,True,True,0.16682179242429687,0.026367358148453982,6.724866271463473,True,True,441162993361614.44,549244601977.9639,803.217713515761,803.217713515761,0.0,2.7755575615628914e-17,1.3877787807814457e-17
0.8,0.5,40,True,True,0.16679076727267983,0.026367358148453982,6.724866271463473,True,True,1102907483404035.0,1098693536573.7311,1003.83541605555,1003.8354160555499,1.1325246738985832e-16,6.938893903907228e-18,5.551115123125783e-17
0.8,0.5,41,True,True,0.16676594715143167,0.026367358148453982,6.724866271463473,True,True,2757268708510086.0,2197714114815.8372,1254.607544230628,1254.607544230628,0.0,2.7755575615628914e-17,2.7755575615628914e-17
0.8,0.5,42,True,True,0.16674609105445592,0.026367358148453982,6.724866271463473,True,True,6893171771275214.0,4395951636499.119,1568.07270444969,1568.07270444969,0.0,6.938893903907228e-18,5.551115123125783e-17
0.8,0.5,43,True,True,0.16673020617688666,0.026367358148453982,6.724866271463473,True,True,1.7232929428188034e+16,8792740903504.998,1959.904154723651,1959.904154723651,0.0,5.551115123125783e-17,2.7755575615628914e-17
0.8,0.5,44,True,True,0.16671749827483698,0.026367358148453982,6.724866271463473,True,True,4.308232357047007e+16,17586822245671.877,2449.6934675661855,2449.693467566186,1.8563438932556068e-16,2.7755575615628914e-17,2.7755575615628914e-17
0.8,0.5,45,True,True,0.1667073319532001,0.026367358148453982,6.724866271463473,True,True,1.0770580892617518e+17,35175789487480.707,3061.930108619407,3061.930108619407,0.0,2.7755575615628914e-17,1.3877787807814457e-17
0.8,0.5,46,True,True,0.16669919889589194,0.026367358148453982,6.724866271463473,True,True,2.6926452231543798e+17,70355011345526.55,3827.225909935965,3827.225909935965,0.0,2.7755575615628914e-17,2.7755575615628914e-17
0.8,0.5,47,True,True,0.1666926924500462,0.026367358148453982,6.724866271463473,True,True,6.731613057885948e+17,140715514966264.06,4783.845661581684,4783.845661581684,0.0,2.7755575615628914e-17,2.7755575615628914e-17
0.8,0.5,48,True,True,0.1666874872933699,0.026367358148453982,6.724866271463473,True,True,1.682903264471487e+18,281439818190292.12,5979.620351138844,5979.620351138844,0.0,2.7755575615628914e-17,1.3877787807814457e-17
0.8,0.5,49,True,True,0.16668332316802908,0.026367358148453982,6.724866271463473,True,True,4.207258161178717e+18,562893698383387.75,7474.338713085303,7474.338713085303,0.0,2.7755575615628914e-17,2.7755575615628914e-17
0.8,0.6,2,True,True,0.8296507696271321,0.020335254955786374,7.327811499817841,True,True,1.4166666666666665,1.3660366202549108,1.0370634620339152,1.0370634620339152,0.0,0.0,2.7755575615628914e-17
0.8,0.6,3,True,True,0.6910782300356039,0.020335254955786374,7.327811499817841,True,True,2.2847222222222223,2.115856293356093,1.079809734430631,1.079809734430631,0.0,5.551115123125783e-17,2.7755575615628914e-17
0.8,0.6,4,True,True,0.5780794401673683,0.020335254955786374,7.327811499817841,True,True,4.093171296296296,3.6252866960584957,1.1290614065768911,1.1290614065768911,0.0,5.551115123125783e-17,2.7755575615628914e-17
0.8,0.6,5,True,True,0.488022389899536,0.020335254955786374,7.327811499817841,True,True,7.860773533950617,6.597592459167689,1.1914609128406641,1.191460912840664,1.8636331459303667e-16,2.7755575615628914e-17,5.551115123125783e-17
0.8,0.6,6,True,True,0.4174164443167553,0.020335254955786374,7.327811499817841,True,True,15.70994486239712,12.332611238966592,1.273853895009629,1.2738538950096288,1.7430931898461787e-16,1.3877787807814457e-17,6.938893903907228e-18
0.8,0.6,7,True,True,0.3623017081688922,0.020335254955786374,7.327811499817841,True,True,32.062385129994,23.198791774945345,1.38207133548314,1.3820713354831393,4.819822231116814e-16,2.7755575615628914e-17,2.7755575615628914e-17
0.8,0.6,8,True,True,0.31917583166398183,0.020335254955786374,7.327811499817841,True,True,66.12996902082084,43.45084528140438,1.5219489653777212,1.5219489653777205,4.3768472526263155e-16,5.551115123125783e-17,5.551115123125783e-17
0.8,0.6,9,True,True,0.285278093581823,0.020335254955786374,7.327811499817841,True,True,137.10410212671007,80.63097684737322,1.7003899430145206,1.7003899430145195,6.529226011869422e-16,6.938893903907228e-18,2.7755575615628914e-17
0.8,0.6,10,True,True,0.25851588793378005,0.020335254955786374,7.327811499817841,True,True,284.966879430646,147.95070205599328,1.9260934586359564,1.9260934586359555,4.611294512827671e-16,2.7755575615628914e-17,2.7755575615628914e-17
0.8,0.6,11,True,True,0.23731093438209447,0.020335254955786374,7.327811499817841,True,True,593.0143321471792,268.3164567683307,2.2101303039313707,2.2101303039313698,4.0186699314526274e-16,3.469446951953614e-18,2.7755575615628914e-17
0.8,0.6,12,True,True,0.22046353137810856,0.020335254955786374,7.327811499817841,True,True,1234.7798586399565,481.10806149816796,2.566533295648505,2.5665332956485036,5.190922836687979e-16,2.7755575615628914e-17,2.7755575615628914e-17
0.8,0.6,13,True,True,0.20705174969192047,0.020335254955786374,7.327811499817841,True,True,2571.791372166577,853.5651480000171,3.012999509401859,3.0129995094018573,5.895642644007247e-16,5.551115123125783e-17,2.7755575615628914e-17
0.8,0.6,14,True,True,0.19635990868610753,0.020335254955786374,7.327811499817841,True,True,5357.232025347034,1499.8832867607096,3.5717659318126156,3.571765931812613,7.459994047673129e-16,2.7755575615628914e-17,2.7755575615628914e-17
0.8,0.6,15,True,True,0.18782787432092268,0.020335254955786374,7.327811499817841,True,True,11160.233386139656,2613.2024165462412,4.270711413503767,4.270711413503762,1.0398483223330806e-15,2.7755575615628914e-17,2.7755575615628914e-17
0.8,0.6,16,True,True,0.18101453658406302,0.020335254955786374,7.327811499817841,True,True,23249.819554457612,4519.1414879674385,5.144742561471475,5.144742561471471,6.905522747447976e-16,2.7755575615628914e-17,2.7755575615628914e-17
0.8,0.6,17,True,True,0.17557094996780143,0.020335254955786374,7.327811499817841,True,True,48436.45740512003,7765.322635978882,6.237533155506065,6.23753315550606,8.543554615812534e-16,2.7755575615628914e-17,2.7755575615628914e-17
0.8,0.6,18,True,True,0.17122018568281452,0.020335254955786374,7.327811499817841,True,True,100908.61959400009,13270.982617782069,7.60370369702621,7.603703697026203,9.344692587613485e-16,1.3877787807814457e-17,5.551115123125783e-17
0.8,0.6,19,True,True,0.16774196535751884,0.020335254955786374,7.327811499817841,True,True,210225.62415416684,22576.86776440282,9.311549606789642,9.31154960678963,1.3353843775621394e-15,2.7755575615628914e-17,1.3877787807814457e-17
0.8,0.6,20,True,True,0.16496078838209077,0.020335254955786374,7.327811499817841,True,True,437969.3836545142,38262.450559244244,11.446454088882199,11.446454088882188,9.311303704746114e-16,2.7755575615628914e-17,1.3877787807814457e-17
0.8,0.6,21,True,True,0.16273666905798884,0.020335254955786374,7.327811499817841,True,True,912435.549280238,64642.25748396594,14.115156010858087,14.115156010858069,1.258474818155598e-15,2.7755575615628914e-17,1.3877787807814457e-17
0.8,0.6,22,True,True,0.16095785851242994,0.020335254955786374,7.327811499817841,True,True,1900906.727667163,108927.70392618304,17.4510859877791,17.451085987779077,1.2214874242056174e-15,2.7755575615628914e-17,8.326672684688674e-17
0.8,0.6,23,True,True,0.15953509692316198,0.020335254955786374,7.327811499817841,True,True,3960221.682639923,183165.2025510078,21.621037333972218,21.62103733397219,1.3145395843587124e-15,2.7755575615628914e-17,2.7755575615628914e-17
0.8,0.6,24,True,True,0.15839705777229451,0.020335254955786374,7.327811499817841,True,True,8250461.172166506,307468.63180112175,26.833505336255264,26.833505336255225,1.4563826073816763e-15,1.3877787807814457e-17,2.0816681711721685e-17
0.8,0.6,25,True,True,0.1574867275623682,0.020335254955786374,7.327811499817841,True,True,17188460.10868022,515409.8327252894,33.34911175014694,33.3491117501469,1.0653098365610447e-15,2.7755575615628914e-17,1.3877787807814457e-17
0.8,0.6,26,True,True,0.15675852359646833,0.020335254955786374,7.327811499817841,True,True,35809291.226417124,863006.8351409765,41.49363570285917,41.493635702859116,1.3699310243110662e-15,1.3877787807814457e-17,5.551115123125783e-17
0.8,0.6,27,True,True,0.1561759963209443,0.020335254955786374,7.327811499817841,True,True,74602689.38836902,1443709.6535140628,51.674302521135246,51.67430252113517,1.5125448650544076e-15,2.7755575615628914e-17,2.7755575615628914e-17
0.8,0.6,28,True,True,0.15570999593088153,0.020335254955786374,7.327811499817841,True,True,155422268.89243546,2413383.838126327,64.40014490736802,64.40014490736792,1.5446546455679348e-15,1.3877787807814457e-17,6.938893903907228e-18
0.8,0.6,29,True,True,0.15533720842505905,0.020335254955786374,7.327811499817841,True,True,323796392.85924053,4031959.359583493,80.30745451082353,80.30745451082342,1.41564489142529e-15,1.3877787807814457e-17,2.7755575615628914e-17
0.8,0.6,30,True,True,0.15503898607912087,0.020335254955786374,7.327811499817841,True,True,674575817.7900846,6732858.259517522,100.19159646447464,100.19159646447446,1.8438783073302042e-15,2.7755575615628914e-17,2.7755575615628914e-17
0.8,0.6,31,True,True,0.1548004127855697,0.020335254955786374,7.327811499817841,True,True,1405366286.3960094,11238724.52589224,125.04677760881745,125.04677760881725,1.5910203350877842e-15,2.7755575615628914e-17,2.7755575615628914e-17
0.8,0.6,32,True,True,0.15460955689486325,0.020335254955786374,7.327811499817841,True,True,2927846429.3250194,18754330.050657276,156.11575681011374,156.11575681011345,1.8205535438023637e-15,2.7755575615628914e-17,1.3877787807814457e-17
0.8,0.6,33,True,True,0.15445687382599838,0.020335254955786374,7.327811499817841,True,True,6099680060.427125,31288115.002052687,194.95198288637553,194.95198288637516,1.8952473174412353e-15,6.938893903907228e-18,1.3877787807814457e-17
0.8,0.6,34,True,True,0.1543347283557906,0.020335254955786374,7.327811499817841,True,True,12707666791.889843,52188129.035687305,243.49726703557587,243.49726703557542,1.8675665498127527e-15,2.7755575615628914e-17,2.7755575615628914e-17
0.8,0.6,35,True,True,0.15423701256991304,0.020335254955786374,7.327811499817841,True,True,26474305815.770508,87035320.76718599,304.1788733862154,304.1788733862149,1.681874760242494e-15,1.3877787807814457e-17,2.7755575615628914e-17
0.8,0.6,36,True,True,0.15415884029507587,0.020335254955786374,7.327811499817841,True,True,55154803782.18856,145132425.72117573,380.03088219685924,380.0308821968585,1.944485250563705e-15,1.3877787807814457e-17,2.7755575615628914e-17
0.8,0.6,37,True,True,0.15409630268737703,0.020335254955786374,7.327811499817841,True,True,114905841212.22618,241985542.46137053,474.84589386396596,474.845893863965,2.035056284830327e-15,2.7755575615628914e-17,5.551115123125783e-17
0.8,0.6,38,True,True,0.1540462727284494,0.020335254955786374,7.327811499817841,True,True,239387169191.47122,403440221.09431684,593.3646589379272,593.3646589379258,2.2991629718919795e-15,1.734723475976807e-18,2.7755575615628914e-17
0.8,0.6,39,True,True,0.15400624883761202,0.020335254955786374,7.327811499817841,True,True,498723269148.2317,672575115.1583557,741.5131156477725,741.5131156477707,2.2997604895154454e-15,1.3877787807814457e-17,1.3877787807814457e-17
0.8,0.6,40,True,True,0.15397422977070857,0.020335254955786374,7.327811499817841,True,True,1039006810724.816,1121191629.504546,926.6986868105256,926.6986868105237,2.085549778773599e-15,2.7755575615628914e-17,2.7755575615628914e-17
0.8,0.6,41,True,True,0.15394861454463782,0.020335254955786374,7.327811499817841,True,True,2164597522342.7004,1868963637.5196595,1158.1806509704934,1158.180650970491,2.159516676245421e-15,2.7755575615628914e-17,2.7755575615628914e-17
0.8,0.6,42,True,True,0.15392812238024858,0.020335254955786374,7.327811499817841,True,True,4509578171546.625,3115354081.9488273,1447.5331063253116,1447.5331063253082,2.3561500021969144e-15,2.7755575615628914e-17,1.3877787807814457e-17
0.8,0.6,43,True,True,0.15391172865861583,0.020335254955786374,7.327811499817841,True,True,9394954524054.803,5192809850.201408,1809.223675634957,1809.2236756349525,2.5134943623091222e-15,5.551115123125783e-17,1.3877787807814457e-17
0.8,0.6,44,True,True,0.15389861368723598,0.020335254955786374,7.327811499817841,True,True,19572821925113.508,8655420620.66288,2261.3368873590935,2261.336887359088,2.4131602155972934e-15,5.551115123125783e-17,2.7755575615628914e-17
0.8,0.6,45,True,True,0.1538881217136875,0.020335254955786374,7.327811499817841,True,True,40776712343985.81,14426684567.617632,2826.4784020795655,2826.478402079559,2.252436426801076e-15,2.7755575615628914e-17,1.3877787807814457e-17
0.8,0.6,46,True,True,0.15387972813698164,0.020335254955786374,7.327811499817841,True,True,84951484049969.78,24045785817.546658,3532.9052955291277,3532.9052955291186,2.574353473114298e-15,3.469446951953614e-18,5.551115123125783e-17
0.8,0.6,47,True,True,0.1538730132768968,0.020335254955786374,7.327811499817841,True,True,176982258437436.38,40078058584.85902,4415.938912377807,4415.938912377796,2.4714871826427613e-15,2.7755575615628914e-17,8.326672684688674e-17
0.8,0.6,48,True,True,0.15386764138959655,0.020335254955786374,7.327811499817841,True,True,368713038411325.06,66799096342.86943,5519.730933466196,5519.730933466182,2.4715734681703044e-15,2.7755575615628914e-17,5.551115123125783e-17
0.8,0.6,49,True,True,0.1538633438802171,0.020335254955786374,7.327811499817841,True,True,768152163356926.6,111334936812.88322,6899.470959847342,6899.470959847325,2.5045977342686034e-15,2.7755575615628914e-17,4.163336342344337e-17
0.8,0.7,2,True,True,0.8342916065566977,0.013608916426500953,8.57793750792789,True,True,1.3571428571428572,1.3013606719540949,1.0428645081958725,1.042864508195872,4.258359608175037e-16,0.0,0.0
0.8,0.7,3,True,True,0.7014564513168089,0.013608916426500953,8.57793750792789,True,True,1.9948979591836737,1.8201196830976483,1.096025705182514,1.0960257051825137,2.025906909619932e-16,1.1102230246251565e-16,1.3877787807814457e-17
0.8,0.7,4,True,True,0.5913257709497755,0.013608916426500953,8.57793750792789,True,True,3.1337463556851315,2.7133573622771534,1.1549331463862804,1.15493314638628,3.8451507885074773e-16,0.0,2.7755575615628914e-17
0.8,0.7,5,True,True,0.5001813393244551,0.013608916426500953,8.57793750792789,True,True,5.167404206580593,4.2316028140395,1.2211458479600958,1.2211458479600952,5.454989802306251e-16,8.326672684688674e-17,2.7755575615628914e-17
0.8,0.7,6,True,True,0.4259194839794609,0.013608916426500953,8.57793750792789,True,True,8.798936083179628,6.76943761482238,1.2998031127302885,1.299803112730288,3.416588293262628e-16,5.551115123125783e-17,1.3877787807814457e-17
0.8,0.7,7,True,True,0.36628649938133967,0.013608916426500953,8.57793750792789,True,True,15.283814434249338,10.93832357408467,1.39727210762535,1.3972721076253491,6.356517208445362e-16,2.7755575615628914e-17,4.163336342344337e-17
0.8,0.7,8,True,True,0.3188309900599908,0.013608916426500953,8.57793750792789,True,True,26.863954346873825,17.670112800469827,1.5203046324729486,1.5203046324729477,5.842108224424748e-16,5.551115123125783e-17,2.7755575615628914e-17
0.8,0.7,9,True,True,0.2812253228383298,0.013608916426500953,8.57793750792789,True,True,47.54277561941754,28.36285892593835,1.67623354696232,1.6762335469623189,6.623319445175822e-16,2.7755575615628914e-17,2.7755575615628914e-17
0.8,0.7,10,True,True,0.2514612103844878,0.013608916426500953,8.57793750792789,True,True,84.46924217753131,45.085561123384295,1.873532014969646,1.8735320149696446,7.110994735639858e-16,5.551115123125783e-17,6.938893903907228e-17
0.8,0.7,11,True,True,0.22789526213704583,0.013608916426500953,8.57793750792789,True,True,150.409361031306,70.86624800620456,2.1224400227614306,2.122440022761428,1.2554113334301187e-15,2.7755575615628914e-17,4.163336342344337e-17
0.8,0.7,12,True,True,0.2092176005505358,0.013608916426500953,8.57793750792789,True,True,268.15957327018924,110.09939835597915,2.435613429994973,2.4356134299949703,1.093989393508098e-15,5.551115123125783e-17,4.163336342344337e-17
0.8,0.7,13,True,True,0.1943961168535891,0.013608916426500953,8.57793750792789,True,True,478.4278094110523,169.12533671359304,2.8288358131771263,2.8288358131771236,9.419193742841447e-16,4.163336342344337e-17,2.7755575615628914e-17
0.8,0.7,14,True,True,0.18262062510205557,0.013608916426500953,8.57793750792789,True,True,853.9068025197364,257.0576181860048,3.3218498192955965,3.3218498192955925,1.20318590727202e-15,5.551115123125783e-17,2.7755575615628914e-17
0.8,0.7,15,True,True,0.17325513775171653,0.013608916426500953,8.57793750792789,True,True,1524.4050044995292,386.9671167360349,3.9393657460031273,3.9393657460031224,1.2400425914519329e-15,2.7755575615628914e-17,2.7755575615628914e-17
0.8,0.7,16,True,True,0.16579958236482584,0.013608916426500953,8.57793750792789,True,True,2721.723222320589,577.5775862102422,4.71230755365542,4.712307553655412,1.6963251414055858e-15,5.551115123125783e-17,4.163336342344337e-17
0.8,0.7,17,True,True,0.15985988503846973,0.013608916426500953,8.57793750792789,True,True,4859.791468429623,855.6929026101134,5.679364002676473,5.679364002676465,1.4074825585283933e-15,4.336808689942018e-19,8.326672684688674e-17
0.8,0.7,18,True,True,0.15512480731860892,0.013608916426500953,8.57793750792789,True,True,8677.770479338613,1259.6696999238698,6.888925311026429,6.888925311026418,1.547141325417199e-15,5.551115123125783e-17,2.7755575615628914e-17
0.8,0.7,19,True,True,0.15134803415197542,0.013608916426500953,8.57793750792789,True,True,15495.590141676095,1844.3829648388594,8.401503612363888,8.401503612363873,1.6914656436365672e-15,2.7755575615628914e-17,4.163336342344337e-17
0.8,0.7,20,True,True,0.1483342892607194,0.013608916426500953,8.57793750792789,True,True,27670.268110135887,2688.3237265475454,10.29275895491618,10.292758954916163,1.7258315745865237e-15,5.551115123125783e-17,1.734723475976807e-17
0.8,0.7,21,True,True,0.1459285316428688,0.013608916426500953,8.57793750792789,True,True,49410.764482385515,3903.741940624828,12.65728248278545,12.657282482785426,1.8244547313857034e-15,2.7755575615628914e-17,1.3877787807814457e-17
0.8,0.7,22,True,True,0.14400751546321502,0.013608916426500953,8.57793750792789,True,True,88233.07943283132,5651.139212760315,15.613326111945776,15.613326111945742,2.1616649589341546e-15,5.551115123125783e-17,2.7755575615628914e-17
0.8,0.7,23,True,True,0.14247317141343135,0.013608916426500953,8.57793750792789,True,True,157558.64184434162,8159.97542237579,19.30871524591776,19.308715245917718,2.207944112419363e-15,5.551115123125783e-17,6.938893903907228e-17
0.8,0.7,24,True,True,0.1412473993062415,0.013608916426500953,8.57793750792789,True,True,281354.2890077529,11758.252459405803,23.92824018527418,23.92824018527412,2.5240524197336254e-15,5.551115123125783e-17,2.7755575615628914e-17
0.8,0.7,25,True,True,0.14026795957723284,0.013608916426500953,8.57793750792789,True,True,502417.9446567017,16914.779892643164,29.70289580151268,29.70289580151261,2.272558216151168e-15,6.938893903907228e-18,2.7755575615628914e-17
0.8,0.7,26,True,True,0.13948522431282512,0.013608916426500953,8.57793750792789,True,True,897174.4726012531,24299.558205227608,36.92143145253737,36.92143145253728,2.501814041732264e-15,2.7755575615628914e-17,6.938893903907228e-17
0.8,0.7,27,True,True,0.13885960312253381,0.013608916426500953,8.57793750792789,True,True,1602096.843930809,34870.044933837926,45.94478862790718,45.944788627907066,2.4744229131693543e-15,6.938893903907228e-18,1.3877787807814457e-17
0.8,0.7,28,True,True,0.13835950052764157,0.013608916426500953,8.57793750792789,True,True,2860886.7927335887,49994.39716883274,57.22414819949282,57.22414819949267,2.6075350914693724e-15,8.326672684688674e-17,2.7755575615628914e-17
0.8,0.7,29,True,True,0.13795969306381847,0.013608916426500953,8.57793750792789,True,True,5108725.987024265,71627.53832098347,71.32348963509823,71.32348963509804,2.590186097774941e-15,1.3877787807814457e-17,6.938893903907228e-17
0.8,0.7,30,True,True,0.1376400385135298,0.013608916426500953,8.57793750792789,True,True,9122724.54825762,102562.6891312371,88.94779013237815,88.94779013237789,2.8757924676143695e-15,5.551115123125783e-17,4.163336342344337e-17
0.8,0.7,31,True,True,0.13738444841457229,0.013608916426500953,8.57793750792789,True,True,16290579.121888606,146790.7058685201,110.97827362775963,110.97827362775932,2.8171172024453154e-15,5.551115123125783e-17,2.7755575615628914e-17
0.8,0.7,32,True,True,0.13718006956009582,0.013608916426500953,8.57793750792789,True,True,29090319.431943934,210013.43006101175,138.51647212986714,138.5164721298667,3.0777974265497947e-15,5.551115123125783e-17,2.7755575615628914e-17
0.8,0.7,33,True,True,0.13701663159130453,0.013608916426500953,8.57793750792789,True,True,51946998.55704275,300377.05612862436,172.9393024439208,172.9393024439203,2.9582099760878108e-15,5.551115123125783e-17,2.7755575615628914e-17
0.8,0.7,34,True,True,0.13688592671677935,0.013608916426500953,8.57793750792789,True,True,92762496.99471924,429519.81191361905,215.96791212363158,215.9679121236309,3.158436916032303e-15,5.551115123125783e-17,2.0816681711721685e-17
0.8,0.7,35,True,True,0.1367813946227859,0.013608916426500953,8.57793750792789,True,True,165647315.63342717,614068.6594635098,269.75373694880864,269.7537369488078,3.1608506801665963e-15,5.551115123125783e-17,2.7755575615628914e-17
0.8,0.7,36,True,True,0.1366977911864783,0.013608916426500953,8.57793750792789,True,True,295798777.4882629,877777.4553931215,336.98607280336955,336.9860728033685,3.204954286005604e-15,5.551115123125783e-17,2.7755575615628914e-17
0.8,0.7,37,True,True,0.13663092399062415,0.013608916426500953,8.57793750792789,True,True,528212102.22904086,1254581.4844376512,421.02654054854366,421.02654054854224,3.3752871485695717e-15,5.551115123125783e-17,2.7755575615628914e-17
0.8,0.7,38,True,True,0.13657744111331988,0.013608916426500953,8.57793750792789,True,True,943235896.4090017,1792961.1002589264,526.077167135855,526.0771671358532,3.4576475034053778e-15,2.7755575615628914e-17,5.551115123125783e-17
0.8,0.7,39,True,True,0.13653466242264337,0.013608916426500953,8.57793750792789,True,True,1684349814.587503,2562175.522545106,657.3904870164299,657.3904870164275,3.631667386897063e-15,5.551115123125783e-17,2.7755575615628914e-17
0.8,0.7,40,True,True,0.13650044479545656,0.013608916426500953,8.57793750792789,True,True,3007767525.620542,3661168.2894682917,821.5321689179597,821.5321689179564,4.013133531057281e-15,1.3877787807814457e-17,2.7755575615628914e-17
0.8,0.7,41,True,True,0.13647307442007647,0.013608916426500953,8.57793750792789,True,True,5371013438.179539,5231289.364662375,1026.7092993289582,1026.7092993289546,3.5433387127879862e-15,2.7755575615628914e-17,2.7755575615628914e-17
0.8,0.7,42,True,True,0.13645118072745904,0.013608916426500953,8.57793750792789,True,True,9591095424.892035,7474469.612380905,1283.1807368652749,1283.1807368652699,3.898297968508487e-15,5.551115123125783e-17,4.163336342344337e-17
0.8,0.7,43,True,True,0.13643366759831363,0.013608916426500953,8.57793750792789,True,True,17126956115.450066,10679184.375287615,1603.7700552378371,1603.7700552378308,3.969685611486482e-15,5.551115123125783e-17,2.7755575615628914e-17
0.8,0.7,44,True,True,0.13641965837221934,0.013608916426500953,8.57793750792789,True,True,30583850205.732265,15257544.3477013,2004.5067219706311,2004.506721970623,4.083524503180147e-15,2.7755575615628914e-17,1.3877787807814457e-17
0.8,0.7,45,True,True,0.1364084518852639,0.013608916426500953,8.57793750792789,True,True,54614018224.09333,21798282.59203678,2505.4275718053404,2505.4275718053304,3.993107536648258e-15,5.551115123125783e-17,2.7755575615628914e-17
0.8,0.7,46,True,True,0.13639948732136764,0.013608916426500953,8.57793750792789,True,True,97525032542.59525,31142450.339048613,3131.5786484633627,3131.5786484633495,4.21119015553979e-15,5.551115123125783e-17,4.163336342344337e-17
0.8,0.7,47,True,True,0.1363923161081759,0.013608916426500953,8.57793750792789,True,True,174151843825.6344,44491553.91671656,3914.267506853729,3914.267506853712,4.4147210949247615e-15,8.326672684688674e-17,2.7755575615628914e-17
0.8,0.7,48,True,True,0.13638657944414637,0.013608916426500953,8.57793750792789,True,True,310985435402.49005,63562036.15881757,4892.628590837692,4892.628590837669,4.647270301061281e-15,5.551115123125783e-17,2.7755575615628914e-17
0.8,0.7,49,True,True,0.1363819903274762,0.013608916426500953,8.57793750792789,True,True,555331134646.875,90805964.2247048,6115.579955438553,6115.579955438526,4.461529609947083e-15,3.469446951953614e-18,2.7755575615628914e-17
0.8,0.8,2,True,True,0.8384768993961029,0.006996643267363098,11.3355644963018,True,True,1.3124999999999998,1.2522706359068956,1.0480961242451285,1.0480961242451285,0.0,0.0,5.551115123125783e-17
0.8,0.8,3,True,True,0.7120580907366872,0.006996643267363098,11.3355644963018,True,True,1.8007812499999996,1.6185477210260142,1.1125907667760735,1.1125907667760737,1.9957437321580907e-16,0.0,8.326672684688674e-17
0.8,0.8,4,True,True,0.6077625583266887,0.006996643267363098,11.3355644963018,True,True,2.563720703124999,2.159766148829505,1.1870362467318136,1.1870362467318136,0.0,1.3877787807814457e-17,5.551115123125783e-17
0.8,0.8,5,True,True,0.5196231236139217,0.006996643267363098,11.3355644963018,True,True,3.7558135986328103,2.9605711910985164,1.2686111416355506,1.2686111416355508,1.7502968217570704e-16,4.163336342344337e-17,5.551115123125783e-17
0.8,0.8,6,True,True,0.44497010057611475,0.006996643267363098,11.3355644963018,True,True,5.618458747863766,4.137483754787872,1.357940980762068,1.3579409807620686,4.905469561727664e-16,4.163336342344337e-17,4.163336342344337e-17
0.8,0.8,7,True,True,0.3822993591526917,0.006996643267363098,11.3355644963018,True,True,8.528841793537131,5.848256476495999,1.4583563200099618,1.4583563200099623,3.045135154946419e-16,1.3877787807814457e-17,2.7755575615628914e-17
0.8,0.8,8,True,True,0.3303107753377955,0.006996643267363098,11.3355644963018,True,True,13.076315302401765,8.302187768781712,1.575044514359451,1.5750445143594523,8.458603026162735e-16,1.1102230246251565e-16,4.163336342344337e-17
0.8,0.8,9,True,True,0.2876487786710815,0.006996643267363098,11.3355644963018,True,True,20.181742660002755,11.77107225789592,1.7145203272764755,1.7145203272764766,6.475414767398826e-16,5.551115123125783e-17,4.163336342344337e-17
0.8,0.8,10,True,True,0.2529344709516128,0.006996643267363098,11.3355644963018,True,True,31.2839729062543,16.60059916109367,1.8845086615652775,1.884508661565279,8.247838103244388e-16,5.551115123125783e-17,6.938893903907228e-17
0.8,0.8,11,True,True,0.22485734063180482,0.006996643267363098,11.3355644963018,True,True,48.63120766602234,23.222440270758867,2.0941471739840183,2.09414717398402,8.482483282303469e-16,4.163336342344337e-17,5.551115123125783e-17
0.8,0.8,12,True,True,0.20224143072815418,0.006996643267363098,11.3355644963018,True,True,75.73626197815987,32.16796550007815,2.3544001244957777,2.35440012449578,9.431047960574864e-16,2.7755575615628914e-17,4.163336342344337e-17
0.8,0.8,13,True,True,0.1840735131853242,0.006996643267363098,11.3355644963018,True,True,118.08790934087477,44.08531786201668,2.6786221596605007,2.678622159660504,1.3263213200815084e-15,1.1102230246251565e-16,2.7755575615628914e-17
0.8,0.8,14,True,True,0.16950389720315176,0.006996643267363098,11.3355644963018,True,True,184.2623583451168,59.76222638676807,3.083257928722586,3.0832579287225896,1.1522596425374018e-15,1.1102230246251565e-16,3.122502256758253e-17
0.8,0.8,15,True,True,0.1578324781626887,0.006996643267363098,11.3355644963018,True,True,287.65993491424496,80.15725203464991,3.588695066416411,3.5886950664164163,1.4849605273156384e-15,5.551115123125783e-17,2.7755575615628914e-17
0.8,0.8,16,True,True,0.14848888440661956,0.006996643267363098,11.3355644963018,True,True,449.2186483035077,106.44214975628306,4.220307926249782,4.220307926249786,1.0522673170075657e-15,5.551115123125783e-17,8.326672684688674e-17
0.8,0.8,17,True,True,0.14101175583868894,0.006996643267363098,11.3355644963018,True,True,701.6541379742307,140.05788451507638,5.009743938397855,5.009743938397862,1.4183214641252401e-15,5.551115123125783e-17,2.0816681711721685e-17
0.8,0.8,18,True,True,0.13502958480240856,0.006996643267363098,11.3355644963018,True,True,1096.084590584735,182.78683745296962,5.996518162128351,5.996518162128359,1.3330412017736534e-15,5.551115123125783e-17,5.551115123125783e-17
0.8,0.8,19,True,True,0.13024405111267892,0.006996643267363098,11.3355644963018,True,True,1712.3821727886484,236.84409842611615,7.229997218287576,7.229997218287586,1.4741556206194318e-15,2.7755575615628914e-17,2.7755575615628914e-17
0.8,0.8,20,True,True,0.1264160130079862,0.006996643267363098,11.3355644963018,True,True,2675.3471449822623,304.9915495618159,8.771873020173699,8.771873020173713,1.6200479284777177e-15,3.469446951953614e-17,4.163336342344337e-17
0.8,0.8,21,True,True,0.12335396441322655,0.006996643267363098,11.3355644963018,True,True,4179.979914034784,390.67967978487286,10.699250896121557,10.699250896121574,1.6602628133939462e-15,5.551115123125783e-17,4.163336342344337e-17
0.8,0.8,22,True,True,0.12090463823577184,0.006996643267363098,11.3355644963018,True,True,6530.96861567935,498.2236759682131,13.108507143879747,13.108507143879766,1.4906293309322987e-15,5.551115123125783e-17,3.469446951953614e-17
0.8,0.8,23,True,True,0.11894541244997804,0.006996643267363098,11.3355644963018,True,True,10204.38846199898,633.0222864757325,16.12010932318127,16.1201093231813,1.7631213821566683e-15,2.0816681711721685e-17,6.938893903907228e-17
0.8,0.8,24,True,True,0.11737820028009537,0.006996643267363098,11.3355644963018,True,True,15944.106971873402,801.8302821945672,19.884640585330878,19.884640585330917,1.9653284804974086e-15,1.1102230246251565e-16,2.0816681711721685e-17
0.8,0.8,25,True,True,0.11612454756154225,0.006996643267363098,11.3355644963018,True,True,24912.417143552186,1013.0981450208022,24.590329442406247,24.590329442406293,1.878188656747294e-15,5.551115123125783e-17,5.551115123125783e-17
0.8,0.8,26,True,True,0.11512170499344664,0.006996643267363098,11.3355644963018,True,True,38925.401786800285,1277.3960409337897,30.472461585480893,30.47246158548096,2.215165969045691e-15,5.551115123125783e-17,2.7755575615628914e-17
0.8,0.8,27,True,True,0.11431948430295692,0.006996643267363098,11.3355644963018,True,True,60820.690291875435,1607.9433726664267,37.825144420986334,37.8251444209864,1.6906438084325857e-15,1.1102230246251565e-16,4.163336342344337e-17
0.8,0.8,28,True,True,0.1136777431408231,0.006996643267363098,11.3355644963018,True,True,95032.07858105535,2021.2704846887018,47.016012602435715,47.01601260243583,2.4180450750459023e-15,5.551115123125783e-17,4.163336342344337e-17
0.8,0.8,29,True,True,0.11316437349456943,0.006996643267363098,11.3355644963018,True,True,148487.37278289898,2538.0456877107777,58.504609866510734,58.504609866510876,2.4290145251163467e-15,2.0816681711721685e-17,2.7755575615628914e-17
0.8,0.8,30,True,True,0.11275369300349843,0.006996643267363098,11.3355644963018,True,True,232011.26997327962,3184.1090191216886,72.86536628613241,72.86536628613258,2.340347208477268e-15,1.1102230246251565e-16,5.551115123125783e-17
0.8,0.8,31,True,True,0.11242515852142201,0.006996643267363098,11.3355644963018,True,True,362517.35933324933,3991.7644765350733,90.81631981652416,90.81631981652436,2.1907072034494404e-15,2.0816681711721685e-17,4.163336342344337e-17
0.8,0.8,32,True,True,0.1121623373637581,0.006996643267363098,11.3355644963018,True,True,566433.1239582018,5001.395371790356,113.25501822013224,113.25501822013257,2.8859618194961736e-15,5.551115123125783e-17,6.938893903907228e-17
0.8,0.8,33,True,True,0.1119520845951197,0.006996643267363098,11.3355644963018,True,True,885051.5061846903,6263.4835982814875,141.30339647213603,141.30339647213643,2.8159544778112864e-15,5.551115123125783e-17,8.326672684688674e-17
0.8,0.8,34,True,True,0.1117838850633164,0.006996643267363098,11.3355644963018,True,True,1382892.7284135786,7841.133792369939,176.3638735203378,176.3638735203383,2.900768505111538e-15,1.1102230246251565e-16,4.163336342344337e-17
0.8,0.8,35,True,True,0.1116493271664869,0.006996643267363098,11.3355644963018,True,True,2160769.6381462156,9813.22860877276,220.18947323967834,220.189473239679,2.9688036729518506e-15,2.0816681711721685e-17,6.245004513516506e-17
0.8,0.8,36,True,True,0.11154168196118538,0.006996643267363098,11.3355644963018,True,True,3376202.3096034615,12278.37288162851,274.9714756305453,274.9714756305461,2.8941469737048877e-15,5.551115123125783e-17,5.551115123125783e-17
0.8,0.8,37,True,True,0.11145556651172313,0.006996643267363098,11.3355644963018,True,True,5275315.858755408,15359.823884566678,343.44898082171153,343.44898082171255,2.9791369217242984e-15,5.551115123125783e-17,6.938893903907228e-17
0.8,0.8,38,True,True,0.11138667461114526,0.006996643267363098,11.3355644963018,True,True,8242680.779305322,19211.65420626098,429.0458640786421,429.0458640786434,2.9147355088092674e-15,5.551115123125783e-17,4.163336342344337e-17
0.8,0.8,39,True,True,0.11133156138522314,0.006996643267363098,11.3355644963018,True,True,12879188.467664564,24026.455387522823,536.0419695679644,536.0419695679662,3.393371241083804e-15,2.7755575615628914e-17,4.163336342344337e-17
0.8,0.8,40,True,True,0.1112874709933931,0.006996643267363098,11.3355644963018,True,True,20123731.730725877,30044.967503276093,669.7871025665644,669.7871025665663,2.885508296384962e-15,2.7755575615628914e-17,2.7755575615628914e-17
0.8,0.8,41,True,True,0.11125219880103587,0.006996643267363098,11.3355644963018,True,True,31443330.57925918,37568.11616947773,836.96851972592,836.9685197259228,3.2599602506104598e-15,1.1102230246251565e-16,4.163336342344337e-17
0.8,0.8,42,True,True,0.11122398112476381,0.006996643267363098,11.3355644963018,True,True,49130203.780092455,46972.05882595554,1045.9452919049907,1045.9452919049943,3.4781731274546998e-15,5.551115123125783e-17,6.938893903907228e-17
0.8,0.8,43,True,True,0.11120140703347287,0.006996643267363098,11.3355644963018,True,True,76765943.15639444,58726.99260970958,1307.1662577133636,1307.1662577133684,3.65282316318395e-15,5.551115123125783e-17,4.163336342344337e-17
0.8,0.8,44,True,True,0.11118334779229291,0.006996643267363098,11.3355644963018,True,True,119946785.93186632,73420.66421260276,1633.6924654418651,1633.6924654418708,3.4794442689330372e-15,5.551115123125783e-17,2.7755575615628914e-17
0.8,0.8,45,True,True,0.11116890041974879,0.006996643267363098,11.3355644963018,True,True,187416852.76854104,91787.7572164932,2041.850225477177,2041.8502254771845,3.674770654577818e-15,5.551115123125783e-17,5.551115123125783e-17
0.8,0.8,46,True,True,0.11115734253477676,0.006996643267363098,11.3355644963018,True,True,292838832.20084536,114746.62627267258,2552.047425821235,2552.047425821245,3.92016293203595e-15,5.551115123125783e-17,4.163336342344337e-17
0.8,0.8,47,True,True,0.11114809623516322,0.006996643267363098,11.3355644963018,True,True,457560675.0638208,143445.21483465252,3189.793926491345,3189.7939264913575,3.9917706655196665e-15,5.551115123125783e-17,4.85722573273506e-17
0.8,0.8,48,True,True,0.11114069920082732,0.006996643267363098,11.3355644963018,True,True,714938554.5372196,179318.45233098176,3986.977052521081,3986.977052521097,3.992036340154487e-15,1.6653345369377348e-16,4.163336342344337e-17
0.8,0.8,49,True,True,0.11113478157678679,0.006996643267363098,11.3355644963018,True,True,1117091491.2144055,224160.00063676471,4983.455960211976,4983.455960211996,4.015061756089692e-15,1.1102230246251565e-16,2.7755575615628914e-17
0.8,0.9,2,True,True,0.8422707471245348,0.0019307789470697785,20.05631212469264,True,True,1.2777777777777777,1.2136503917677681,1.0528384339056682,1.0528384339056684,2.1090093007083926e-16,0.0,5.551115123125783e-17
0.8,0.9,3,True,True,0.7225687380921092,0.0019307789470697785,20.05631212469264,True,True,1.66358024691358,1.4734810709302653,1.1290136532689206,1.1290136532689206,0.0,2.7755575615628914e-17,2.7755575615628914e-17
0.8,0.9,4,True,True,0.6265229642945278,0.0019307789470697785,20.05631212469264,True,True,2.199417009602194,1.7973826548949041,1.2236776646377494,1.2236776646377494,0.0,2.7755575615628914e-17,5.551115123125783e-17
0.8,0.9,5,True,True,0.5462839870073031,0.0019307789470697785,20.05631212469264,True,True,2.9436347355586028,2.207117207095959,1.3337011401545484,1.3337011401545482,1.6648752725764405e-16,8.326672684688674e-17,8.326672684688674e-17
0.8,0.9,6,True,True,0.4775177148858397,0.0019307789470697785,20.05631212469264,True,True,3.977270466053614,2.7292641627505323,1.4572684170100083,1.4572684170100085,1.5237042286322075e-16,1.1102230246251565e-16,8.326672684688674e-17
0.8,0.9,7,True,True,0.41781579025917664,0.0019307789470697785,20.05631212469264,True,True,5.412875647296686,3.3961207469079815,1.5938407526366285,1.5938407526366292,4.1794251632299807e-16,2.7755575615628914e-17,8.326672684688674e-17
0.8,0.9,8,True,True,0.3657890331716653,0.0019307789470697785,20.05631212469264,True,True,7.406771732356509,4.246471256224133,1.744218030794454,1.7442180307944544,2.5460647809482247e-16,1.1102230246251565e-16,3.469446951953614e-17
0.8,0.9,9,True,True,0.3205461470002706,0.0019307789470697785,20.05631212469264,True,True,10.176071850495148,5.326102249706118,1.9106039226071263,1.9106039226071267,2.324339464581847e-16,8.326672684688674e-17,4.85722573273506e-17
0.8,0.9,10,True,True,0.2814096668710522,0.0019307789470697785,20.05631212469264,True,True,14.022322014576593,6.687915958989594,2.0966654037762575,2.0966654037762584,4.236147637579398e-16,2.7755575615628914e-17,2.7755575615628914e-17
0.8,0.9,11,True,True,0.24777815692561428,0.0019307789470697785,20.05631212469264,True,True,19.36433613135638,8.391497400827708,2.3076139104144096,2.30761391041441,1.9244519537946076e-16,1.1102230246251565e-16,4.85722573273506e-17
0.8,0.9,12,True,True,0.21907280076628408,0.0019307789470697785,20.05631212469264,True,True,26.783800182439414,10.502038175784397,2.5503430604734905,2.550343060473492,5.223876152970736e-16,5.551115123125783e-17,9.020562075079397e-17
0.8,0.9,13,True,True,0.19472715018155648,0.0019307789470697785,20.05631212469264,True,True,37.08861136449918,13.088621506846502,2.833652982103468,2.833652982103469,3.1343937500802063e-16,5.551115123125783e-17,2.7755575615628914e-17
0.8,0.9,14,True,True,0.1741947864047482,0.0019307789470697785,20.05631212469264,True,True,51.40084911735996,16.22202146474706,3.1685847062317043,3.1685847062317056,4.2046142144472136e-16,8.326672684688674e-17,4.85722573273506e-17
0.8,0.9,15,True,True,0.15696121829033544,0.0019307789470697785,20.05631212469264,True,True,71.27895710744438,19.972332786157423,3.568884910472098,3.5688849104721,6.221680174485054e-16,2.7755575615628914e-17,2.7755575615628914e-17
0.8,0.9,16,True,True,0.14255380123624223,0.0019307789470697785,20.05631212469264,True,True,98.88744042700607,24.406872834839813,4.051622716936039,4.05162271693604,4.3843096050749397e-16,2.7755575615628914e-17,4.163336342344337e-17
0.8,0.9,17,True,True,0.13054769082196865,0.0019307789470697785,20.05631212469264,True,True,137.23255614861955,29.588827119549677,4.637985669190261,4.637985669190263,3.8300179562874357e-16,2.7755575615628914e-17,8.326672684688674e-17
0.8,0.9,18,True,True,0.12056790533180095,0.0019307789470697785,20.05631212469264,True,True,190.4896613175271,35.57701219767611,5.354290581207656,5.354290581207659,4.97644873524849e-16,2.7755575615628914e-17,2.42861286636753e-17
0.8,0.9,19,True,True,0.11228836037795942,0.0019307789470697785,20.05631212469264,True,True,264.45786294100986,42.426920439034575,6.233256154450874,6.233256154450878,5.6996112317053965e-16,5.551115123125783e-17,4.163336342344337e-17
0.8,0.9,20,True,True,0.10542887922585144,0.0019307789470697785,20.05631212469264,True,True,367.19147630695807,50.19295382479313,7.315598073560307,7.315598073560312,7.28453157843762e-16,5.551115123125783e-17,3.469446951953614e-17
0.8,0.9,21,True,True,0.099751046574214,0.0019307789470697785,20.05631212469264,True,True,509.8770504263307,58.931533686182725,8.652024112277228,8.652024112277235,8.212445163575526e-16,8.326672684688674e-17,6.245004513516506e-17
0.8,0.9,22,True,True,0.09505355733585992,0.0019307789470697785,20.05631212469264,True,True,708.0514589254591,68.70465672139107,10.305727336601457,10.305727336601466,8.618299230037859e-16,5.551115123125783e-17,2.7755575615628914e-17
0.8,0.9,23,True,True,0.09116750438776165,0.0019307789470697785,20.05631212469264,True,True,983.2936929520265,79.58347538408097,12.355500789661594,12.355500789661603,7.188526267128756e-16,2.7755575615628914e-17,2.7755575615628914e-17
0.8,0.9,24,True,True,0.08795188200855161,0.0019307789470697785,20.05631212469264,True,True,1365.574573544481,91.65158619542764,14.899628366853158,14.89962836685317,8.34550873997936e-16,5.551115123125783e-17,2.7755575615628914e-17
0.8,0.9,25,True,True,0.08528945938092028,0.0019307789470697785,20.05631212469264,True,True,1896.520241034001,105.00786011953979,18.060745537286667,18.060745537286685,9.835456879301769e-16,8.326672684688674e-17,2.0816681711721685e-17
0.8,0.9,26,True,True,0.08308309493217776,0.0019307789470697785,20.05631212469264,True,True,2633.94477921389,119.76879343017183,21.991912114815992,21.991912114816017,1.130824624151221e-15,2.7755575615628914e-17,4.5102810375396984e-17
0.8,0.9,27,True,True,0.08125250843427645,0.0019307789470697785,20.05631212469264,True,True,3658.145526685958,136.07046306439986,26.884199879253877,26.884199879253895,6.607438002166605e-16,2.7755575615628914e-17,6.938893903907228e-17
0.8,0.9,28,True,True,0.07973149525464776,0.0019307789470697785,20.05631212469264,True,True,5080.646564841607,154.07022765487056,32.97617354225409,32.97617354225413,1.2928293239049895e-15,8.326672684688674e-17,2.7755575615628914e-17
0.8,0.9,29,True,True,0.07846554916376558,0.0019307789470697785,20.05631212469264,True,True,7056.3424511689,173.94833115270333,40.56573813849572,40.56573813849576,1.050950040648931e-15,8.326672684688674e-17,6.938893903907228e-17
0.8,0.9,30,True,True,0.07740985163832087,0.0019307789470697785,20.05631212469264,True,True,9800.36451551236,195.90955441352554,50.02494413736334,50.02494413736339,9.942638090035955e-16,8.326672684688674e-17,3.469446951953614e-17
0.8,0.9,31,True,True,0.0765275831069156,0.0019307789470697785,20.05631212469264,True,True,13611.506271544942,220.18503557061737,61.81848932771584,61.81848932771589,8.045811543457975e-16,8.326672684688674e-17,2.7755575615628914e-17
0.8,0.9,32,True,True,0.07578851265898666,0.0019307789470697785,20.05631212469264,True,True,18904.758710479084,247.03435304010978,76.52684121794837,76.52684121794844,9.28488259088696e-16,8.326672684688674e-17,3.122502256758253e-17
0.8,0.9,33,True,True,0.075167825786749,0.0019307789470697785,20.05631212469264,True,True,26256.49820899872,276.7479417403564,94.87513454980794,94.87513454980805,1.1982785401156096e-15,2.7755575615628914e-17,3.469446951953614e-17
0.8,0.9,34,True,True,0.07464515373338518,0.0019307789470697785,20.05631212469264,True,True,36467.24751249822,309.64989611384834,117.76928708895929,117.76928708895943,1.2066689937986586e-15,2.7755575615628914e-17,2.42861286636753e-17
0.8,0.9,35,True,True,0.07420377234353921,0.0019307789470697785,20.05631212469264,True,True,50648.84376735863,346.10120307797746,146.3411375543451,146.3411375543453,1.3595081283206861e-15,2.7755575615628914e-17,3.469446951953614e-17
0.8,0.9,36,True,True,0.0738299425755407,0.0019307789470697785,20.05631212469264,True,True,70345.50523244253,386.5034432176049,182.00486041423798,182.00486041423827,1.56159068311236e-15,2.7755575615628914e-17,5.204170427930421e-17
0.8,0.9,37,True,True,0.07351236882661051,0.0019307789470697785,20.05631212469264,True,True,97701.97948950352,431.3029981156295,226.527475849612,226.52747584961227,1.2546694092540323e-15,5.551115123125783e-17,5.204170427930421e-17
0.8,0.9,38,True,True,0.0732417548369688,0.0019307789470697785,20.05631212469264,True,True,135697.08262431042,480.99580450447746,282.11697763997284,282.1169776399732,1.2089329611353499e-15,5.551115123125783e-17,5.204170427930421e-17
0.8,0.9,39,True,True,0.07301044013693642,0.0019307789470697785,20.05631212469264,True,True,188468.05920043113,536.1327009590166,351.53248228154274,351.5324822815432,1.2936140294490793e-15,8.326672684688674e-17,1.0408340855860843e-17
0.8,0.9,40,True,True,0.07281210278332102,0.0019307789470697785,20.05631212469264,True,True,261761.082222821,597.3254194652142,438.2219033256208,438.22190332562144,1.4268515624703375e-15,5.551115123125783e-17,2.0816681711721685e-17
0.8,0.9,41,True,True,0.07264151652082859,0.0019307789470697785,20.05631212469264,True,True,363556.94753169577,665.2532819612551,546.4940307545445,546.4940307545452,1.2481765361423814e-15,5.551115123125783e-17,4.5102810375396984e-17
0.8,0.9,42,True,True,0.07249435253585712,0.0019307789470697785,20.05631212469264,True,True,504940.0937940218,740.6706706244998,681.7336149793528,681.7336149793538,1.5008524106964144e-15,5.551115123125783e-17,2.7755575615628914e-17
0.8,0.9,43,True,True,0.0723670176835383,0.0019307789470697785,20.05631212469264,True,True,701305.5747139191,824.4153501740457,850.6702047285554,850.6702047285567,1.4700823045010967e-15,5.551115123125783e-17,2.42861286636753e-17
0.8,0.9,44,True,True,0.07225652250461216,0.0019307789470697785,20.05631212469264,True,True,974035.4093248876,917.4177307764093,1061.7141751779343,1061.714175177936,1.713257151569071e-15,5.551115123125783e-17,3.469446951953614e-17
0.8,0.9,45,True,True,0.0721603735451277,0.0019307789470697785,20.05631212469264,True,True,1352826.8462845657,1020.711171346723,1325.3767414925521,1325.376741492554,1.3724319633807876e-15,2.7755575615628914e-17,4.5102810375396984e-17
0.8,0.9,46,True,True,0.07207648548437565,0.0019307789470697785,20.05631212469264,True,True,1878926.0642841193,1135.44343523823,1654.7949514454654,1654.7949514454683,1.7862380944418923e-15,5.551115123125783e-17,2.7755575615628914e-17
0.8,0.9,47,True,True,0.07200310939646302,0.0019307789470697785,20.05631212469264,True,True,2609619.422616832,1262.8894236461433,2066.3878988569604,2066.3878988569636,1.540481077132747e-15,1.3877787807814457e-16,2.42861286636753e-17
0.8,0.9,48,True,True,0.07193877414623649,0.0019307789470697785,20.05631212469264,True,True,3624471.3091900437,1404.465326677046,2580.676959655184,2580.676959655188,1.5859118448226927e-15,8.326672684688674e-17,3.469446951953614e-17
0.8,0.9,49,True,True,0.07188223847480131,0.0019307789470697785,20.05631212469264,True,True,5033987.818319504,1561.7443481285682,3223.311052383004,3223.3110523830105,1.9751314126831596e-15,2.7755575615628914e-17,3.122502256758253e-17
0.9,0.1,2,True,True,0.8881511326168374,0.010228434361560594,17.29691204551117,True,True,2.1111111111111107,2.1392755469464566,0.9868345917964859,0.986834591796486,1.1250345639019885e-16,1.3877787807814457e-17,1.3877787807814457e-17
0.9,0.1,3,True,True,0.793944056044104,0.010228434361560594,17.29691204551117,True,True,14.456790123456786,14.749150032492338,0.9801778469680298,0.9801778469680296,2.2653501669302033e-16,0.0,1.734723475976807e-18
0.9,0.1,4,True,True,0.722268745595741,0.010228434361560594,17.29691204551117,True,True,151.63100137174203,153.04414135880305,0.9907664548638423,0.9907664548638421,2.2411397139555576e-16,0.0,1.734723475976807e-18
0.9,0.1,5,True,True,0.6597369544895607,0.010228434361560594,17.29691204551117,True,True,1675.7889041304668,1666.5507252821278,1.0055432929272374,1.0055432929272377,2.208205320316315e-16,1.734723475976807e-18,2.168404344971009e-19
0.9,0.1,6,True,True,0.6036367162587972,0.010228434361560594,17.29691204551117,True,True,18610.87671256074,18205.546968896524,1.0222640794235245,1.0222640794235247,2.17208654196523e-16,1.3877787807814457e-17,1.734723475976807e-18
0.9,0.1,7,True,True,0.5531617343376574,0.010228434361560594,17.29691204551117,True,True,206778.51902845263,198659.04691072003,1.0408713936968679,1.040871393696868,2.133256867944025e-16,0.0,1.734723475976807e-18
0.9,0.1,8,True,True,0.5077355492450405,0.010228434361560594,17.29691204551117,True,True,2297530.1003161403,2164318.6620906736,1.0615489024600417,1.061548902460042,2.0917039658791353e-16,1.3552527156068805e-20,2.168404344971009e-19
0.9,0.1,9,True,True,0.4668520937643141,0.010228434361560594,17.29691204551117,True,True,25528103.22573489,23538528.62384677,1.0845241702946755,1.084524170294676,4.0947838878445576e-16,1.734723475976807e-18,1.734723475976807e-18
0.9,0.1,10,True,True,0.4300569933762615,0.010228434361560594,17.29691204551117,True,True,283645582.39705426,255524527.9753248,1.110052270302775,1.1100522703027753,2.0003076509583366e-16,8.470329472543003e-22,1.734723475976807e-18
0.9,0.1,11,True,True,0.3969414038505527,0.010228434361560594,17.29691204551117,True,True,3151617573.1894917,2768421456.042397,1.1384168282292153,1.138416828229216,5.851405199370176e-16,1.734723475976807e-18,1.3877787807814457e-17
0.9,0.1,12,True,True,0.367137373348795,0.010228434361560594,17.29691204551117,True,True,35017973026.43879,29931605407.140915,1.1699330039305007,1.1699330039305011,3.7958516287522677e-16,1.3877787807814457e-17,1.3877787807814457e-17
0.9,0.1,13,True,True,0.34031374590342905,0.010228434361560594,17.29691204551117,True,True,389088589173.6532,322908231633.83105,1.204950976953938,1.2049509769539384,3.6855375724305406e-16,1.0587911840678754e-22,1.734723475976807e-18
0.9,0.1,14,True,True,0.3161724812031436,0.010228434361560594,17.29691204551117,True,True,4323206546364.924,3475638027445.123,1.2438598358710078,1.2438598358710085,5.355376832379479e-16,1.734723475976807e-18,4.336808689942018e-19
0.9,0.1,15,True,True,0.2944453429729345,0.010228434361560594,17.29691204551117,True,True,48035628292934.586,37321055507477.65,1.2870919013346278,1.2870919013346287,6.900660463943121e-16,1.0842021724855044e-19,2.168404344971009e-19
0.9,0.1,16,True,True,0.2748909185657505,0.010228434361560594,17.29691204551117,True,True,533729203254819.75,399758967897026.44,1.3351275296275595,1.3351275296275602,4.989289786878374e-16,1.734723475976807e-18,1.3877787807814457e-17
0.9,0.1,17,True,True,0.2572919365992853,0.010228434361560594,17.29691204551117,True,True,5930324480609099.0,4271028130246310.5,1.3885004499530413,1.388500449953042,4.797505213611001e-16,1.734723475976807e-18,2.168404344971009e-19
0.9,0.1,18,True,True,0.24145285282946666,0.010228434361560594,17.29691204551117,True,True,6.589249422898997e+16,4.551203624325075e+16,1.4478036947591322,1.447803694759133,6.134660540757143e-16,1.0842021724855044e-19,1.734723475976807e-18
0.9,0.1,19,True,True,0.22719767743662989,0.010228434361560594,17.29691204551117,True,True,7.321388247665551e+17,4.8367620272333274e+17,1.5136961889881222,1.513696188988123,5.867613502375635e-16,1.0842021724855044e-19,1.734723475976807e-18
0.9,0.1,20,True,True,0.2143680195830768,0.010228434361560594,17.29691204551117,True,True,8.134875830739501e+18,5.126236185035177e+18,1.5869100714647775,1.5869100714647788,8.395356822711786e-16,8.470329472543003e-22,1.734723475976807e-18
0.9,0.1,21,True,True,0.20282132751487902,0.010228434361560594,17.29691204551117,True,True,9.038750923043889e+19,5.418074678662587e+19,1.6682588297721728,1.6682588297721739,6.654980658947116e-16,8.470329472543003e-22,1.734723475976807e-18
0.9,0.1,22,True,True,0.192429304653501,0.010228434361560594,17.29691204551117,True,True,1.0043056581159875e+21,5.710674374050462e+20,1.7586463390026115,1.758646339002613,8.838117135914441e-16,6.617444900424222e-24,1.734723475976807e-18
0.9,0.1,23,True,True,0.1830764840782608,0.010228434361560594,17.29691204551117,True,True,1.1158951756844304e+22,6.002415353527019e+21,1.8590769048142104,1.859076904814212,8.360666685978492e-16,6.462348535570529e-27,1.734723475976807e-18
0.9,0.1,24,True,True,0.17465894556054462,0.010228434361560594,17.29691204551117,True,True,1.2398835285382558e+23,6.291696628388089e+22,1.9706664223826535,1.9706664223826553,9.013990491868873e-16,6.617444900424222e-24,1.734723475976807e-18
0.9,0.1,25,True,True,0.1670831608946,0.010228434361560594,17.29691204551117,True,True,1.3776483650425065e+24,6.576970970727024e+23,2.0946547752364797,2.0946547752364806,4.2402138538549984e-16,6.617444900424222e-24,1.734723475976807e-18
0.9,0.1,26,True,True,0.1602649546952499,0.010228434361560594,17.29691204551117,True,True,1.5307204056027845e+25,6.856777272303234e+24,2.23241961174073,2.2324196117407316,7.9570920720192665e-16,6.617444900424222e-24,1.734723475976807e-18
0.9,0.1,27,True,True,0.1541285691158348,0.010228434361560594,17.29691204551117,True,True,1.7008004506697607e+26,7.129769031173069e+25,2.385491652301009,2.3854916523010106,7.446502014319784e-16,6.617444900424222e-24,1.734723475976807e-18
0.9,0.1,28,True,True,0.14860582209436124,0.010228434361560594,17.29691204551117,True,True,1.889778278521956e+27,7.39473786029272e+26,2.555571697367984,2.555571697367987,1.2164105871700046e-15,6.617444900424222e-24,1.734723475976807e-18
0.9,0.1,29,True,True,0.143635349775035,0.010228434361560594,17.29691204551117,True,True,2.099753642802173e+28,7.650631273027296e+27,2.7445495252201804,2.744549525220183,9.708461205073761e-16,6.617444900424222e-24,1.734723475976807e-18
0.9,0.1,30,True,True,0.13916192468764138,0.010228434361560594,17.29691204551117,True,True,2.3330596031135252e+29,7.896564389775845e+28,2.9545248895003975,2.9545248895004006,1.0521571437755244e-15,6.617444900424222e-24,1.734723475976807e-18
0.9,0.1,31,True,True,0.13513584210898713,0.010228434361560594,17.29691204551117,True,True,2.5922884479039165e+30,8.131825589356468e+29,3.1878308498117502,3.187830849811754,1.1144611637754537e-15,6.617444900424222e-24,1.734723475976807e-18
0.9,0.1,32,True,True,0.1315123677881983,0.010228434361560594,17.29691204551117,True,True,2.8803204976710187e+31,8.355876465328994e+30,3.447059694602142,3.447059694602146,1.1594817736720013e-15,6.617444900424222e-24,1.734723475976807e-18
0.9,0.1,33,True,True,0.12825124089948836,0.010228434361560594,17.29691204551117,True,True,3.200356108523353e+32,8.568346716912589e+31,3.7350917443692446,3.7350917443692486,1.0700681970331389e-15,6.617444900424222e-24,1.734723475976807e-18
0.9,0.1,34,True,True,0.12531622669964942,0.010228434361560594,17.29691204551117,True,True,3.555951231692614e+33,8.769024793053166e+32,4.055127355221579,4.055127355221585,1.5331821650176376e-15,6.617444900424222e-24,1.734723475976807e-18
0.9,0.1,35,True,True,0.12267471391979438,0.010228434361560594,17.29691204551117,True,True,3.951056924102904e+34,8.957845213477051e+33,4.410722478390842,4.4107224783908485,1.4095760883530125e-15,6.617444900424222e-24,1.734723475976807e-18
0.9,0.1,36,True,True,0.12029735241792483,0.010228434361560594,17.29691204551117,True,True,4.390063249003227e+35,9.134873518108747e+34,4.805828170801133,4.8058281708011386,1.1088766241328989e-15,6.617444900424222e-24,1.734723475976807e-18
0.9,0.1,37,True,True,0.11815772706624222,0.010228434361560594,17.29691204551117,True,True,4.8778480544480286e+36,9.300289758324691e+35,5.244834495701455,5.244834495701463,1.5240911384053185e-15,6.617444900424222e-24,1.734723475976807e-18
0.9,0.1,38,True,True,0.1162320642497279,0.010228434361560594,17.29691204551117,True,True,5.41983117160892e+37,9.454371356083602e+36,5.7326193011462605,5.732619301146268,1.2394730897585043e-15,6.617444900424222e-24,1.734723475976807e-18
0.9,0.1,39,True,True,0.11449896771486501,0.010228434361560594,17.29691204551117,True,True,6.0220346351210214e+38,9.597476036968934e+37,6.274602418307152,6.274602418307161,1.415513462827098e-15,6.617444900424222e-24,1.734723475976807e-18
0.9,0.1,40,True,True,0.11293918083348838,0.010228434361560594,17.29691204551117,True,True,6.691149594578913e+39,9.730025406517323e+38,6.876805881819257,6.876805881819265,1.1624009626961307e-15,6.617444900424222e-24,1.734723475976807e-18
0.9,0.1,41,True,True,0.11153537264024943,0.010228434361560594,17.29691204551117,True,True,7.434610660643235e+40,9.852489599380593e+39,7.545920841277147,7.545920841277158,1.412437429518224e-15,6.617444900424222e-24,1.734723475976807e-18
0.9,0.1,42,True,True,0.11027194526633438,0.010228434361560594,17.29691204551117,True,True,8.260678511825815e+41,9.965373298230793e+40,8.289381907341472,8.289381907341484,1.500051272193063e-15,6.617444900424222e-24,1.734723475976807e-18
0.9,0.1,43,True,True,0.10913486062981081,0.010228434361560594,17.29691204551117,True,True,9.17853167980646e+42,1.0069203300937966e+42,9.115449758524056,9.115449758524068,1.3641123811991796e-15,6.617444900424222e-24,1.734723475976807e-18
0.9,0.1,44,True,True,0.10811148445693965,0.010228434361560594,17.29691204551117,True,True,1.0198368533118288e+44,1.0164517714478186e+43,10.033302926504703,10.033302926504719,1.5934146184671896e-15,6.617444900424222e-24,1.734723475976807e-18
0.9,0.1,45,True,True,0.10719044590135555,0.010228434361560594,17.29691204551117,True,True,1.1331520592353652e+45,1.0251856773805984e+44,11.053139779816535,11.05313977981655,1.4463954924188603e-15,6.617444900424222e-24,1.734723475976807e-18
0.9,0.1,46,True,True,0.1063615112013299,0.010228434361560594,17.29691204551117,True,True,1.2590578435948502e+46,1.0331755223193519e+45,12.186291839051899,12.186291839051922,1.8949684791070812e-15,6.617444900424222e-24,1.734723475976807e-18
0.9,0.1,47,True,True,0.1056154699713068,0.010228434361560594,17.29691204551117,True,True,1.3989531595498332e+47,1.0404736154652734e+46,13.445349682646752,13.445349682646778,1.9817522950253606e-15,6.617444900424222e-24,1.734723475976807e-18
0.9,0.1,48,True,True,0.10494403286428601,0.010228434361560594,17.29691204551117,True,True,1.554392399499815e+48,1.047130617061571e+47,14.844302842196592,14.844302842196615,1.5556566824115047e-15,6.617444900424222e-24,1.734723475976807e-18
0.9,0.1,49,True,True,0.1043397394679673,0.010228434361560594,17.29691204551117,True,True,1.727102666110905e+49,1.0531951723326497e+48,16.398695241696405,16.398695241696437,1.949815069915085e-15,6.617444900424222e-24,1.734723475976807e-18
0.9,0.2,2,True,True,0.8958504233087787,0.009896483355203984,13.273925714126243,True,True,1.5555555555555556,1.5627608846007683,0.9953893592319765,0.9953893592319765,0.0,2.7755575615628914e-17,1.3877787807814457e-17
0.9,0.2,3,True,True,0.7995468693955606,0.009896483355203984,13.273925714126243,True,True,4.641975308641974,4.702663651028331,0.9870949004883462,0.9870949004883464,1.1247378788765852e-16,3.469446951953614e-18,2.7755575615628914e-17
0.9,0.2,4,True,True,0.7231365419343873,0.009896483355203984,13.273925714126243,True,True,21.788751714677627,21.9654229580355,0.9919568476466217,0.9919568476466216,1.1192251228056108e-16,1.3877787807814457e-17,1.3877787807814457e-17
0.9,0.2,5,True,True,0.6592632526592596,0.009896483355203984,13.273925714126243,True,True,117.04862063709791,116.48700225627744,1.0048212965390326,1.004821296539033,4.419583973584816e-16,1.3877787807814457e-17,1.3877787807814457e-17
0.9,0.2,6,True,True,0.6028537039364419,0.009896483355203984,13.273925714126243,True,True,646.270114650544,633.0159995835958,1.0209380411801074,1.0209380411801077,2.174907741397987e-16,1.3877787807814457e-17,1.3877787807814457e-17
0.9,0.2,7,True,True,0.5522820564530486,0.009896483355203984,13.273925714126243,True,True,3586.3895258363546,3451.052616557407,1.039216124561425,1.0392161245614255,4.273309462336134e-16,3.469446951953614e-18,1.3877787807814457e-17
0.9,0.2,8,True,True,0.5068024572729612,0.009896483355203984,13.273925714126243,True,True,19920.38625464641,18799.946321626325,1.0595980389439303,1.0595980389439306,2.0955550762092433e-16,1.3877787807814457e-17,1.3877787807814457e-17
0.9,0.2,9,True,True,0.46587698071350914,0.009896483355203984,13.273925714126243,True,True,110664.81252581338,102253.54560382254,1.0822589267914482,1.0822589267914484,2.0516772782214193e-16,1.3877787807814457e-17,1.3877787807814457e-17
0.9,0.2,10,True,True,0.4290451437078419,0.009896483355203984,13.273925714126243,True,True,614800.5140322965,555154.4383544793,1.107440509445647,1.1074405094456474,4.010050256084282e-16,1.3877787807814457e-17,2.7755575615628914e-17
0.9,0.2,11,True,True,0.3958966846209578,0.009896483355203984,13.273925714126243,True,True,3415554.411290536,3008184.282587988,1.1354206027404947,1.1354206027404954,5.866846287334291e-16,4.336808689942018e-19,1.3877787807814457e-17
0.9,0.2,12,True,True,0.36606310613074594,0.009896483355203984,13.273925714126243,True,True,18975298.284947418,16266729.87814866,1.166509705828288,1.1665097058282887,5.710486689025024e-16,1.3877787807814457e-17,1.3877787807814457e-17
0.9,0.2,13,True,True,0.3392128917106635,0.009896483355203984,13.273925714126243,True,True,105418319.80526343,87771567.4338283,1.2010531757307303,1.201053175730731,5.546247478758069e-16,1.3552527156068805e-20,3.469446951953614e-18
0.9,0.2,14,True,True,0.31504769985295744,0.009896483355203984,13.273925714126243,True,True,585657328.2514634,472519669.3985264,1.2394348133633268,1.2394348133633273,3.5829977104240215e-16,2.7755575615628914e-17,1.734723475976807e-18
0.9,0.2,15,True,True,0.2932990273836307,0.009896483355203984,13.273925714126243,True,True,3253651819.6192408,2537789438.380178,1.2820810782851961,1.282081078285197,6.927630668163962e-16,1.3877787807814457e-17,1.0842021724855044e-19
0.9,0.2,16,True,True,0.27372522219802886,0.009896483355203984,13.273925714126243,True,True,18075843438.329113,13596320569.942778,1.3294658172659715,1.3294658172659721,5.010537361125905e-16,1.3552527156068805e-20,1.3877787807814457e-17
0.9,0.2,17,True,True,0.2561087975376963,0.009896483355203984,13.273925714126243,True,True,100421352431.16174,72657712361.23177,1.3821155272808165,1.3821155272808174,6.426224162661228e-16,1.3877787807814457e-17,1.3877787807814457e-17
0.9,0.2,18,True,True,0.24025401534462523,0.009896483355203984,13.273925714126243,True,True,557896402391.3429,387262608657.12,1.4406152050824537,1.4406152050824546,6.165271729512877e-16,3.469446951953614e-18,1.3877787807814457e-17
0.9,0.2,19,True,True,0.22598471137108708,0.009896483355203984,13.273925714126243,True,True,3099424457725.682,2058577240869.2932,1.5056148470857773,1.5056148470857782,5.899107739401323e-16,1.3877787807814457e-17,3.469446951953614e-18
0.9,0.2,20,True,True,0.21314233779494446,0.009896483355203984,13.273925714126243,True,True,17219024765138.68,10913059048371.344,1.5778366715342234,1.5778366715342245,7.036362157469827e-16,4.336808689942018e-19,1.3877787807814457e-17
0.9,0.2,21,True,True,0.20158420157642395,0.009896483355203984,13.273925714126243,True,True,95661248695210.88,57693879279081.4,1.6580831431436724,1.6580831431436736,6.695822397182138e-16,3.469446951953614e-18,2.7755575615628914e-17
0.9,0.2,22,True,True,0.1911818789797568,0.009896483355203984,13.273925714126243,True,True,531451381640056.3,304165192129730.56,1.7472458893764053,1.747245889376407,8.895784181984563e-16,8.673617379884035e-19,1.3877787807814457e-17
0.9,0.2,23,True,True,0.18181978864275666,0.009896483355203984,13.273925714126243,True,True,2952507675778086.5,1599134873758340.0,1.8463156074127787,1.84631560741278,7.215817405221844e-16,3.469446951953614e-18,8.673617379884035e-19
0.9,0.2,24,True,True,0.1733939073394566,0.009896483355203984,13.273925714126243,True,True,1.6402820420989362e+16,8384215143983900.0,1.9563930718976383,1.95639307189764,7.944785006663232e-16,4.336808689942018e-19,1.734723475976807e-18
0.9,0.2,25,True,True,0.16581061416648654,0.009896483355203984,13.273925714126243,True,True,9.112678011660755e+16,4.383832214535781e+16,2.0787013657697044,2.0787013657697067,1.0681890558281904e-15,3.469446951953614e-18,3.469446951953614e-18
0.9,0.2,26,True,True,0.1589856503108135,0.009896483355203984,13.273925714126243,True,True,5.0625988953670854e+17,2.2860110660111786e+17,2.2145994700720006,2.214599470072003,1.0026400165164495e-15,4.235164736271502e-22,3.469446951953614e-18
0.9,0.2,27,True,True,0.15284318284070775,0.009896483355203984,13.273925714126243,True,True,2.812554941870603e+18,1.1889406815293857e+18,2.3655973637412187,2.365597363741221,9.386407354371797e-16,1.3552527156068805e-20,3.469446951953614e-18
0.9,0.2,28,True,True,0.14731496211761258,0.009896483355203984,13.273925714126243,True,True,1.5625305232614457e+19,6.167787554011986e+18,2.5333728011514602,2.533372801151463,1.051773847847935e-15,1.3552527156068805e-20,3.469446951953614e-18
0.9,0.2,29,True,True,0.14233956346682694,0.009896483355203984,13.273925714126243,True,True,8.680725129230254e+19,3.1916895336008045e+19,2.7197899538295074,2.71978995382951,9.796842051529256e-16,2.710505431213761e-20,3.469446951953614e-18
0.9,0.2,30,True,True,0.13786170468111986,0.009896483355203984,13.273925714126243,True,True,4.822625071794584e+20,1.647679085302199e+20,2.926920123471781,2.9269201234717848,1.213806161059984e-15,2.710505431213761e-20,3.469446951953614e-18
0.9,0.2,31,True,True,0.13383163177398344,0.009896483355203984,13.273925714126243,True,True,2.679236150996991e+21,8.48647828828712e+20,3.1570647564076415,3.157064756407644,8.439913225385636e-16,2.710505431213761e-20,3.469446951953614e-18
0.9,0.2,32,True,True,0.13020456615756074,0.009896483355203984,13.273925714126243,True,True,1.4884645283316617e+22,4.3614416562072154e+21,3.412781015225264,3.412781015225268,1.1711278487602421e-15,2.710505431213761e-20,3.469446951953614e-18
0.9,0.2,33,True,True,0.12694020710278026,0.009896483355203984,13.273925714126243,True,True,8.269247379620341e+22,2.2367996383059935e+22,3.6969101916892884,3.696910191689293,1.2012442467452457e-15,2.710505431213761e-20,3.469446951953614e-18
0.9,0.2,34,True,True,0.12400228395347783,0.009896483355203984,13.273925714126243,True,True,4.5940263220113e+23,1.1448974981804083e+23,4.012609276649316,4.012609276649321,1.1067342450568567e-15,2.710505431213761e-20,3.469446951953614e-18
0.9,0.2,35,True,True,0.12135815311910567,0.009896483355203984,13.273925714126243,True,True,2.5522368455618333e+24,5.8492116523748734e+23,4.363386037716013,4.363386037716019,1.4248679544190063e-15,2.710505431213761e-20,3.469446951953614e-18
0.9,0.2,36,True,True,0.11897843536817071,0.009896483355203984,13.273925714126243,True,True,1.4179093586454627e+25,2.983101606347342e+24,4.753137994456788,4.753137994456794,1.3080303885878252e-15,2.710505431213761e-20,3.469446951953614e-18
0.9,0.2,37,True,True,0.11683668939232926,0.009896483355203984,13.273925714126243,True,True,7.877274214697013e+25,1.518892582088112e+25,5.186195724168759,5.186195724168768,1.7125817592286887e-15,2.710505431213761e-20,3.469446951953614e-18
0.9,0.2,38,True,True,0.11490911801407193,0.009896483355203984,13.273925714126243,True,True,4.376263452609451e+26,7.721858104071837e+25,5.667370979404284,5.667370979404292,1.4104610067614367e-15,2.710505431213761e-20,3.469446951953614e-18
0.9,0.2,39,True,True,0.11317430377364034,0.009896483355203984,13.273925714126243,True,True,2.4312574736719172e+27,3.920112050980313e+26,6.202010151888199,6.202010151888208,1.4320815315494418e-15,2.710505431213761e-20,3.469446951953614e-18
0.9,0.2,40,True,True,0.11161297095725191,0.009896483355203984,13.273925714126243,True,True,1.3506985964843986e+28,1.9874748798429333e+27,6.796053676870331,6.796053676870338,1.0455225481493158e-15,2.710505431213761e-20,3.469446951953614e-18
0.9,0.2,41,True,True,0.11020777142250232,0.009896483355203984,13.273925714126243,True,True,7.50388109157999e+28,1.006408047177352e+28,7.456102037961583,7.4561020379615925,1.3103311310600527e-15,2.710505431213761e-20,3.469446951953614e-18
0.9,0.2,42,True,True,0.10894309184122772,0.009896483355203984,13.273925714126243,True,True,4.1688228286555495e+29,5.090455307746047e+28,8.189489105840755,8.189489105840767,1.5183484238270045e-15,2.710505431213761e-20,3.469446951953614e-18
0.9,0.2,43,True,True,0.10780488021808053,0.009896483355203984,13.273925714126243,True,True,2.316012682586416e+30,2.572100349184529e+29,9.0043636257065,9.004363625706514,1.5782186621863541e-15,2.710505431213761e-20,3.469446951953614e-18
0.9,0.2,44,True,True,0.1067804897572481,0.009896483355203984,13.273925714126243,True,True,1.2866737125480087e+31,1.2983877985720681e+30,9.909779758890663,9.909779758890679,1.6132761719814342e-15,2.710505431213761e-20,3.469446951953614e-18
0.9,0.2,45,True,True,0.10585853834249889,0.009896483355203984,13.273925714126243,True,True,7.148187291933381e+31,6.548479092814944e+30,10.91579768465084,10.91579768465086,1.790059306511207e-15,2.710505431213761e-20,3.469446951953614e-18
0.9,0.2,46,True,True,0.10502878206922461,0.009896483355203984,13.273925714126243,True,True,3.9712151621852116e+32,3.3001069396144477e+31,12.033595379939928,12.03359537993995,1.7713976080945293e-15,2.710505431213761e-20,3.469446951953614e-18
0.9,0.2,47,True,True,0.10428200142327776,0.009896483355203984,13.273925714126243,True,True,2.2062306456584504e+33,1.6618697753941093e+32,13.275592819150026,13.27559281915005,1.8732870230646097e-15,2.710505431213761e-20,3.469446951953614e-18
0.9,0.2,48,True,True,0.10360989884192559,0.009896483355203984,13.273925714126243,True,True,1.2256836920324724e+34,8.363250433597755e+32,14.655589973827915,14.65558997382794,1.6968948910289345e-15,2.710505431213761e-20,3.469446951953614e-18
0.9,0.2,49,True,True,0.10300500651870864,0.009896483355203984,13.273925714126243,True,True,6.809353844624845e+34,4.2061816250522245e+33,16.188920145692233,16.18892014569226,1.7556272546051684e-15,2.710505431213761e-20,3.469446951953614e-18
0.9,0.3,2,True,True,0.9002800228899703,0.009449191731978583,12.169800502192501,True,True,1.3703703703703702,1.3699441306875118,1.0003111365444113,1.0003111365444115,2.219755402225026e-16,0.0,1.3877787807814457e-17
0.9,0.3,3,True,True,0.8061745971870448,0.009449191731978583,12.169800502192501,True,True,2.742112482853223,2.7551241615168127,0.9952772804778328,0.995277280477833,2.230982353163207e-16,1.3877787807814457e-17,2.7755575615628914e-17
0.9,0.3,4,True,True,0.726197084269527,0.009449191731978583,12.169800502192501,True,True,7.822638825382307,7.852832002816407,0.996155122454769,0.9961551224547694,4.458032688279697e-16,3.469446951953614e-18,1.3877787807814457e-17
0.9,0.3,5,True,True,0.6597707907487675,0.009449191731978583,12.169800502192501,True,True,26.639403056971503,26.491188441130085,1.0055948647291075,1.0055948647291078,2.2080920727936177e-16,3.469446951953614e-18,1.3877787807814457e-17
0.9,0.3,6,True,True,0.6023612978100312,0.009449191731978583,12.169800502192501,True,True,96.3311224332278,94.43263485287193,1.02010414708129,1.0201041470812904,4.3533712819488604e-16,1.3877787807814457e-17,1.734723475976807e-18
0.9,0.3,7,True,True,0.5514284581016863,0.009449191731978583,12.169800502192501,True,True,354.4486016045474,341.601011913292,1.0376099286688192,1.0376099286688196,4.2799244454011513e-16,6.938893903907228e-18,1.3877787807814457e-17
0.9,0.3,8,True,True,0.5057962054671608,0.009449191731978583,12.169800502192501,True,True,1310.4392652020272,1239.1928436978008,1.0574942163897785,1.0574942163897796,1.0498620298987449e-15,1.3877787807814457e-17,1.734723475976807e-18
0.9,0.3,9,True,True,0.4647841617536896,0.009449191731978583,12.169800502192501,True,True,4851.145426674174,4492.965141594815,1.0797202457155544,1.0797202457155552,8.226005052924697e-16,6.938893903907228e-18,6.938893903907228e-18
0.9,0.3,10,True,True,0.4278889085429624,0.009449191731978583,12.169800502192501,True,True,17964.87195064509,16265.809505652309,1.1044560643847676,1.104456064384768,4.0208861553713356e-16,8.673617379884035e-19,2.7755575615628914e-17
0.9,0.3,11,True,True,0.3946874456726419,0.009449191731978583,12.169800502192501,True,True,66534.22944683365,58778.28542846285,1.131952539306549,1.1319525393065502,9.808035108126483e-16,2.7755575615628914e-17,1.3877787807814457e-17
0.9,0.3,12,True,True,0.364807298443006,0.009449191731978583,12.169800502192501,True,True,246420.73869197653,211973.38767044587,1.1625079044124436,1.1625079044124444,7.640192521091106e-16,1.3877787807814457e-17,1.3877787807814457e-17
0.9,0.3,13,True,True,0.3379154873048881,0.009449191731978583,12.169800502192501,True,True,912667.0692295427,762806.5211802564,1.1964594479572799,1.1964594479572808,7.423389244127875e-16,2.7755575615628914e-17,1.3877787807814457e-17
0.9,0.3,14,True,True,0.3137129458252815,0.009449191731978583,12.169800502192501,True,True,3380246.071220527,2738851.5820332468,1.2341837335746126,1.2341837335746138,8.995605714309448e-16,1.3877787807814457e-17,2.7755575615628914e-17
0.9,0.3,15,True,True,0.2919306829538739,0.009449191731978583,12.169800502192501,True,True,12519427.560076026,9810696.945207069,1.276099713404386,1.2760997134043874,1.044015303471823e-15,8.673617379884035e-19,1.3877787807814457e-17
0.9,0.3,16,True,True,0.2723266531448767,0.009449191731978583,12.169800502192501,True,True,46368247.889170475,35056469.6510546,1.3226730572334053,1.322673057233407,1.1751295801899259e-15,1.3877787807814457e-17,1.3877787807814457e-17
0.9,0.3,17,True,True,0.254683028198635,0.009449191731978583,12.169800502192501,True,True,171734249.10803875,124950230.47484449,1.3744212271990408,1.3744212271990426,1.2924399043372748e-15,6.938893903907228e-18,1.0842021724855044e-19
0.9,0.3,18,True,True,0.2388037662711779,0.009449191731978583,12.169800502192501,True,True,636052772.1408842,444195994.77859783,1.4319191969705043,1.4319191969705065,1.5506783161704117e-15,4.336808689942018e-19,1.3877787807814457e-17
0.9,0.3,19,True,True,0.2245124306828805,0.009449191731978583,12.169800502192501,True,True,2355751005.5958676,1574904280.177182,1.4958058310253863,1.4958058310253886,1.4844480501377488e-15,3.469446951953614e-18,1.3877787807814457e-17
0.9,0.3,20,True,True,0.21165022869442948,0.009449191731978583,12.169800502192501,True,True,8725003722.095806,5568709439.81484,1.5667909802788906,1.566790980278893,1.5589128894146265e-15,2.7755575615628914e-17,3.469446951953614e-18
0.9,0.3,21,True,True,0.20007424691634773,0.009449191731978583,12.169800502192501,True,True,32314828598.021492,19636354079.382057,1.645663368433129,1.6456633684331317,1.6191253388822356e-15,1.3877787807814457e-17,1.3877787807814457e-17
0.9,0.3,22,True,True,0.18965586331932177,0.009449191731978583,12.169800502192501,True,True,119684550360.70923,69050132624.05289,1.7332993553008524,1.7332993553008555,1.7934723505455075e-15,1.3877787807814457e-17,1.3877787807814457e-17
0.9,0.3,23,True,True,0.18027931808291628,0.009449191731978583,12.169800502192501,True,True,443276112444.73785,242138378273.58392,1.8306726740520878,1.830672674052091,1.819368979001156e-15,3.469446951953614e-18,1.734723475976807e-18
0.9,0.3,24,True,True,0.17184042737041152,0.009449191731978583,12.169800502192501,True,True,1641763379422.6218,846765075110.5938,1.9388652504452848,1.9388652504452888,2.0614134415646672e-15,8.673617379884035e-19,1.734723475976807e-18
0.9,0.3,25,True,True,0.16424542572923118,0.009449191731978583,12.169800502192501,True,True,6080605108970.34,2953070011807.9595,2.059079224216431,2.0590792242164353,2.1567368784416583e-15,8.673617379884035e-19,2.7755575615628914e-17
0.9,0.3,26,True,True,0.15740992425219005,0.009449191731978583,12.169800502192501,True,True,22520759662850.77,10271022059161.887,2.192650306184666,2.1926503061846705,2.0253535577353498e-15,1.3877787807814457e-17,1.3877787807814457e-17
0.9,0.3,27,True,True,0.151257972922859,0.009449191731978583,12.169800502192501,True,True,83410220973519.05,35629213964360.57,2.341062619482798,2.341062619482803,2.086651278653067e-15,3.469446951953614e-18,1.3877787807814457e-17
0.9,0.3,28,True,True,0.14572121672646282,0.009449191731978583,12.169800502192501,True,True,308926744346364.5,123276550529132.98,2.505965189814086,2.5059651898140904,1.7721284064724305e-15,3.469446951953614e-18,1.3877787807814457e-17
0.9,0.3,29,True,True,0.14073813614970676,0.009449191731978583,12.169800502192501,True,True,1144173127208755.0,425471243459738.4,2.689190267959969,2.6891902679599755,2.477079523571325e-15,8.673617379884035e-19,4.336808689942018e-19
0.9,0.3,30,True,True,0.13625336363062643,0.009449191731978583,12.169800502192501,True,True,4237678248921311.5,1464918692506613.5,2.8927736881220665,2.8927736881220727,2.149234474659849e-15,8.673617379884035e-19,1.3877787807814457e-17
0.9,0.3,31,True,True,0.1322170683634542,0.009449191731978583,12.169800502192501,True,True,1.5695104625634484e+16,5032131422717695.0,3.1189774883021744,3.1189774883021824,2.562893065846542e-15,1.3877787807814457e-17,6.938893903907228e-18
0.9,0.3,32,True,True,0.12858440262299917,0.009449191731978583,12.169800502192501,True,True,5.813001713197956e+16,1.7247650849278226e+16,3.37031504405785,3.3703150440578584,2.5035330160091524e-15,8.673617379884035e-19,1.3877787807814457e-17
0.9,0.3,33,True,True,0.1253150034565896,0.009449191731978583,12.169800502192501,True,True,2.1529635974807245e+17,5.899210841828065e+16,3.64957899489749,3.6495789948974986,2.3119639276058934e-15,8.673617379884035e-19,1.3877787807814457e-17
0.9,0.3,34,True,True,0.12237254420682107,0.009449191731978583,12.169800502192501,True,True,7.973939249928609e+17,2.013685972417192e+17,3.959872273608202,3.959872273608212,2.4672418557073928e-15,8.673617379884035e-19,1.3877787807814457e-17
0.9,0.3,35,True,True,0.11972433088202938,0.009449191731978583,12.169800502192501,True,True,2.953310833306892e+18,6.860757371061267e+17,4.304642583286769,4.304642583286782,2.8886249288338067e-15,8.673617379884035e-19,1.3877787807814457e-17
0.9,0.3,36,True,True,0.11734093888971686,0.009449191731978583,12.169800502192501,True,True,1.0938188271507005e+19,2.3333703007275674e+18,4.687720705151845,4.687720705151858,2.8420371292300126e-15,8.673617379884035e-19,1.3877787807814457e-17
0.9,0.3,37,True,True,0.11519588609663557,0.009449191731978583,12.169800502192501,True,True,4.051180841298891e+19,7.92273263517612e+18,5.113363062779707,5.113363062779722,2.952857630002514e-15,8.673617379884035e-19,1.3877787807814457e-17
0.9,0.3,38,True,True,0.11326533858286242,0.009449191731978583,12.169800502192501,True,True,1.5004373486292186e+20,2.685923801093422e+19,5.586299015699553,5.58629901569957,3.0208533282726687e-15,8.673617379884035e-19,1.3877787807814457e-17
0.9,0.3,39,True,True,0.11152784582046658,0.009449191731978583,12.169800502192501,True,True,5.5571753652934024e+20,9.092559396282692e+19,6.111783407832717,6.111783407832735,2.9064459927092778e-15,8.673617379884035e-19,1.3877787807814457e-17
0.9,0.3,40,True,True,0.10996410233431034,0.009449191731978583,12.169800502192501,True,True,2.0582130982568156e+21,3.073953350640096e+20,6.695654954647343,6.695654954647362,2.9182993098890738e-15,8.673617379884035e-19,1.3877787807814457e-17
0.9,0.3,41,True,True,0.10855673319676971,0.009449191731978583,12.169800502192501,True,True,7.623011475025242e+21,1.0379350681944992e+21,7.344401117774702,7.344401117774726,3.2651834979254655e-15,8.673617379884035e-19,1.3877787807814457e-17
0.9,0.3,42,True,True,0.10729010097298315,0.009449191731978583,12.169800502192501,True,True,2.8233375833426823e+22,3.500628646126885e+21,8.065230187916216,8.06523018791624,3.0834824514821124e-15,8.673617379884035e-19,1.3877787807814457e-17
0.9,0.3,43,True,True,0.10615013197157523,0.009449191731978583,12.169800502192501,True,True,1.0456805864232156e+23,1.1794075489623316e+22,8.86615137696234,8.86615137696237,3.205642247915416e-15,8.673617379884035e-19,1.3877787807814457e-17
0.9,0.3,44,True,True,0.10512415987030813,0.009449191731978583,12.169800502192501,True,True,3.8728910608267245e+23,3.969727070829896e+22,9.756063809235814,9.756063809235846,3.277389706997923e-15,8.673617379884035e-19,1.3877787807814457e-17
0.9,0.3,45,True,True,0.10420078497916772,0.009449191731978583,12.169800502192501,True,True,1.4344040966024902e+24,1.3349682644548321e+23,10.74485540065078,10.74485540065082,3.802397127068931e-15,8.673617379884035e-19,1.3877787807814457e-17
0.9,0.3,46,True,True,0.10336974757714136,0.009449191731978583,12.169800502192501,True,True,5.312607765194408e+24,4.4856689808160587e+23,11.843512724445192,11.843512724445233,3.4496697269449274e-15,8.673617379884035e-19,1.3877787807814457e-17
0.9,0.3,47,True,True,0.10262181391531763,0.009449191731978583,12.169800502192501,True,True,1.9676325056275585e+25,1.5061205558894607e+24,13.064243084216757,13.064243084216805,3.671214195466881e-15,8.673617379884035e-19,1.3877787807814457e-17
0.9,0.3,48,True,True,0.10194867361967627,0.009449191731978583,12.169800502192501,True,True,7.287527798620587e+25,5.053550246833634e+24,14.420610150629608,14.420610150629662,3.6954542578547296e-15,8.673617379884035e-19,1.3877787807814457e-17
0.9,0.3,49,True,True,0.10134284735359905,0.009449191731978583,12.169800502192501,True,True,2.6990843698594762e+26,1.6945867688700446e+25,15.927684668866107,15.927684668866169,3.903422918745829e-15,8.673617379884035e-19,1.3877787807814457e-17
0.9,0.4,2,True,True,0.90332767863533,0.008834018092861882,11.885063734381717,True,True,1.2777777777777777,1.2730706998121892,1.0036974207059222,1.0036974207059224,2.2122663697677182e-16,0.0,2.7755575615628914e-17
0.9,0.4,3,True,True,0.8125316559801505,0.008834018092861882,11.885063734381717,True,True,2.0493827160493825,2.042997325436576,1.0031255012100624,1.0031255012100624,0.0,6.938893903907228e-18,2.7755575615628914e-17
0.9,0.4,4,True,True,0.7314539302229559,0.008834018092861882,11.885063734381717,True,True,4.19272976680384,4.178663718531585,1.003366159427923,1.0033661594279228,2.2129967493784304e-16,2.7755575615628914e-17,3.469446951953614e-18
0.9,0.4,5,True,True,0.6622529149013188,0.008834018092861882,11.885063734381717,True,True,10.146471574455108,10.052201885728147,1.0093780138718464,1.009378013871847,4.399632285892501e-16,6.938893903907228e-18,2.7755575615628914e-17
0.9,0.4,6,True,True,0.6029411637813106,0.008834018092861882,11.885063734381717,True,True,26.684643262375296,26.133586403656345,1.021086155195364,1.021086155195364,0.0,1.3877787807814457e-17,6.938893903907228e-18
0.9,0.4,7,True,True,0.5510320997335644,0.008834018092861882,11.885063734381717,True,True,72.62400906215359,70.04197399509331,1.0368641104724026,1.036864110472403,4.283003002657043e-16,6.938893903907228e-18,6.938893903907228e-18
0.9,0.4,8,True,True,0.5049241963498745,0.008834018092861882,11.885063734381717,True,True,200.2333585059822,189.67400521174042,1.0556710619489158,1.055671061948916,2.1033503041667733e-16,1.3877787807814457e-17,1.3877787807814457e-17
0.9,0.4,9,True,True,0.4636637125187569,0.008834018092861882,11.885063734381717,True,True,554.7037736277282,514.9891599514383,1.0771173779270127,1.077117377927013,2.0614708245852607e-16,6.938893903907228e-18,2.7755575615628914e-17
0.9,0.4,10,True,True,0.42661878306375106,0.008834018092861882,11.885063734381717,True,True,1539.3438156325783,1397.9068842413851,1.1011776485155147,1.1011776485155151,4.0328571002938006e-16,2.168404344971009e-19,1.3877787807814457e-17
0.9,0.4,11,True,True,0.39331189728840454,0.008834018092861882,11.885063734381717,True,True,4274.455043423828,3789.3852870810133,1.1280075050685772,1.1280075050685776,3.936934886111986e-16,1.3877787807814457e-17,6.938893903907228e-18
0.9,0.4,12,True,True,0.36334823646379666,0.008834018092861882,11.885063734381717,True,True,11871.986231732853,10253.400738670078,1.157858405646663,1.1578584056466636,5.753154371264061e-16,2.168404344971009e-19,1.3877787807814457e-17
0.9,0.4,13,True,True,0.3363856218890023,0.008834018092861882,11.885063734381717,True,True,32976.23953259126,27686.867214405982,1.1910426440530304,1.1910426440530308,3.728575228329857e-16,6.938893903907228e-18,1.3877787807814457e-17
0.9,0.4,14,True,True,0.31212101623193517,0.008834018092861882,11.885063734381717,True,True,91599.16536830904,74596.95959087404,1.2279208947748455,1.227920894774846,3.6165946172899983e-16,6.938893903907228e-18,1.3877787807814457e-17
0.9,0.4,15,True,True,0.2902835240294912,0.008834018092861882,11.885063734381717,True,True,254440.62602308058,200520.69483106484,1.2688995828457623,1.268899582845763,5.249696853719147e-16,1.3877787807814457e-17,2.7755575615628914e-17
0.9,0.4,16,True,True,0.270630025225445,0.008834018092861882,11.885063734381717,True,True,706778.0167307794,537705.7696502375,1.3144326444377166,1.3144326444377175,6.757123869820401e-16,6.938893903907228e-18,1.3877787807814457e-17
0.9,0.4,17,True,True,0.25294196773936034,0.008834018092861882,11.885063734381717,True,True,1963270.7686966094,1438266.8100084472,1.365025428546932,1.3650254285469328,4.880010297567806e-16,6.938893903907228e-18,1.3877787807814457e-17
0.9,0.4,18,True,True,0.2370227502936003,0.008834018092861882,11.885063734381717,True,True,5453528.413046136,3837162.640970353,1.4212398387332967,1.4212398387332978,7.811651449446141e-16,6.938893903907228e-18,6.938893903907228e-18
0.9,0.4,19,True,True,0.22269546747445948,0.008834018092861882,11.885063734381717,True,True,15148688.536239263,10210072.557203872,1.483700380322065,1.483700380322066,7.482798005242548e-16,2.7755575615628914e-17,1.3877787807814457e-17
0.9,0.4,20,True,True,0.20980091778548401,0.008834018092861882,11.885063734381717,True,True,42079688.8784424,27093980.617715884,1.553101017977692,1.5531010179776932,7.148427641048024e-16,1.3877787807814457e-17,1.3877787807814457e-17
0.9,0.4,21,True,True,0.19819582489373702,0.008834018092861882,11.885063734381717,True,True,116888023.16233999,71701080.61257827,1.6302128526335589,1.6302128526335595,4.086176928975716e-16,1.3877787807814457e-17,6.938893903907228e-18
0.9,0.4,22,True,True,0.1877512419821185,0.008834018092861882,11.885063734381717,True,True,324688951.7287221,189224510.60915405,1.7158926752326067,1.7158926752326082,9.058330144480131e-16,6.938893903907228e-18,2.7755575615628914e-17
0.9,0.4,23,True,True,0.17835111762336786,0.008834018092861882,11.885063734381717,True,True,901913753.3020058,497994311.65137476,1.8110924807779698,1.8110924807779716,9.808206142168951e-16,1.3877787807814457e-17,1.3877787807814457e-17
0.9,0.4,24,True,True,0.16989100579984642,0.008834018092861882,11.885063734381717,True,True,2505315979.89446,1306982697.2559648,1.9168700436160473,1.916870043616049,9.266965412267961e-16,2.168404344971009e-19,1.3877787807814457e-17
0.9,0.4,25,True,True,0.16227690519648608,0.008834018092861882,11.885063734381717,True,True,6959211053.762389,3420767186.2348323,2.034400669465685,2.034400669465686,6.548698344166854e-16,6.938893903907228e-18,3.469446951953614e-18
0.9,0.4,26,True,True,0.15542421466788478,0.008834018092861882,11.885063734381717,True,True,19331141814.506634,8928974058.562654,2.1649902539439645,2.164990253943967,1.2307377616349018e-15,6.938893903907228e-18,2.7755575615628914e-17
0.9,0.4,27,True,True,0.14925679319765908,0.008834018092861882,11.885063734381717,True,True,53697616149.90731,23244817724.400486,2.3100897923385304,2.3100897923385326,9.611946932168934e-16,3.469446951953614e-18,2.7755575615628914e-17
0.9,0.4,28,True,True,0.14370611387657034,0.008834018092861882,11.885063734381717,True,True,149160044859.3536,60356634425.33061,2.471311501702185,2.4713115017021883,1.257884514683512e-15,6.938893903907228e-18,1.3877787807814457e-17
0.9,0.4,29,True,True,0.13871050248840297,0.008834018092861882,11.885063734381717,True,True,414333457941.14886,156325895016.97702,2.6504467343439946,2.6504467343439977,1.1728681164082487e-15,6.938893903907228e-18,1.3877787807814457e-17
0.9,0.4,30,True,True,0.13421445223936532,0.008834018092861882,11.885063734381717,True,True,1150926272057.2466,403906641347.63684,2.849485881730428,2.849485881730431,1.0909422253612424e-15,6.938893903907228e-18,1.3877787807814457e-17
0.9,0.4,31,True,True,0.1301680070153523,0.008834018092861882,11.885063734381717,True,True,3197017422379.7407,1041156538140.2775,3.0706404899404274,3.07064048994043,8.677457578734876e-16,6.938893903907228e-18,1.3877787807814457e-17
0.9,0.4,32,True,True,0.12652620631378736,0.008834018092861882,11.885063734381717,True,True,8880603951053.336,2677810303278.111,3.316367832397207,3.316367832397211,1.2051747847769665e-15,2.168404344971009e-19,4.336808689942018e-19
0.9,0.4,33,True,True,0.12324858568239709,0.008834018092861882,11.885063734381717,True,True,24668344308479.984,6872557137792.005,3.589398212905271,3.5893982129052744,9.897797536163921e-16,1.734723475976807e-18,2.7755575615628914e-17
0.9,0.4,34,True,True,0.12029872711415283,0.008834018092861882,11.885063734381717,True,True,68523178634665.1,17602699703766.395,3.8927653023588995,3.8927653023589044,1.2548871891635825e-15,1.3877787807814457e-17,3.469446951953614e-18
0.9,0.4,35,True,True,0.11764385440273581,0.008834018092861882,11.885063734381717,True,True,190342162874068.25,44999851009780.234,4.229839846196366,4.229839846196372,1.2598752463389006e-15,2.7755575615628914e-17,1.3877787807814457e-17
0.9,0.4,36,True,True,0.11525446896246151,0.008834018092861882,11.885063734381717,True,True,528728230205743.5,114831901270214.98,4.604367117126926,4.604367117126931,1.1573947912142216e-15,6.938893903907228e-18,2.7755575615628914e-17
0.9,0.4,37,True,True,0.11310402206621514,0.008834018092861882,11.885063734381717,True,True,1468689528349286.0,292538000839179.9,5.020508529272013,5.020508529272021,1.5921904585351254e-15,2.7755575615628914e-17,2.7755575615628914e-17
0.9,0.4,38,True,True,0.1111686198595935,0.008834018092861882,11.885063734381717,True,True,4079693134303569.5,744077432640397.1,5.482887876099895,5.482887876099902,1.2959278975179861e-15,2.168404344971009e-19,1.3877787807814457e-17
0.9,0.4,39,True,True,0.1094267578736341,0.008834018092861882,11.885063734381717,True,True,1.1332480928621022e+16,1889804259549234.8,5.996642705908653,5.996642705908663,1.6292387417170536e-15,2.7755575615628914e-17,1.3877787807814457e-17
0.9,0.4,40,True,True,0.10785908208627065,0.008834018092861882,11.885063734381717,True,True,3.147911369061395e+16,4793178959488365.0,6.56748140569617,6.567481405696176,9.466717229695493e-16,1.3877787807814457e-17,6.938893903907228e-18
0.9,0.4,41,True,True,0.10644817387764356,0.008834018092861882,11.885063734381717,True,True,8.744198247392763e+16,1.2141774349269032e+16,7.201746627682294,7.201746627682303,1.2332819600819012e-15,1.734723475976807e-18,2.7755575615628914e-17
0.9,0.4,42,True,True,0.10517835648987922,0.008834018092861882,11.885063734381717,True,True,2.4289439576091005e+17,3.0720904714803904e+16,7.9064857632224355,7.906485763222446,1.3480250715151563e-15,6.938893903907228e-18,1.3877787807814457e-17
0.9,0.4,43,True,True,0.1040355208408913,0.008834018092861882,11.885063734381717,True,True,6.747066548914167e+17,7.764593865798285e+16,8.689529247155923,8.689529247155939,1.8398248167281133e-15,6.938893903907228e-18,1.3877787807814457e-17
0.9,0.4,44,True,True,0.10300696875680218,0.008834018092861882,11.885063734381717,True,True,1.8741851524761572e+18,1.960531352139635e+17,9.559577562637582,9.559577562637598,1.6723763628516654e-15,6.938893903907228e-18,1.3877787807814457e-17
0.9,0.4,45,True,True,0.10208127188112194,0.008834018092861882,11.885063734381717,True,True,5.206069867989325e+18,4.945774773744887e+17,10.526297913172753,10.52629791317277,1.6875418632958225e-15,6.938893903907228e-18,1.3877787807814457e-17
0.9,0.4,46,True,True,0.10124814469300975,0.008834018092861882,11.885063734381717,True,True,1.4461305188859236e+19,1.2466178537696773e+18,11.600431635989612,11.60043163598963,1.5312851238131623e-15,6.938893903907228e-18,1.3877787807814457e-17
0.9,0.4,47,True,True,0.10049833022370878,0.008834018092861882,11.885063734381717,True,True,4.017029219127565e+19,3.139797063155216e+18,12.793913550230565,12.793913550230588,1.8049706855950304e-15,6.938893903907228e-18,1.3877787807814457e-17
0.9,0.4,48,True,True,0.0998234972013379,0.008834018092861882,11.885063734381717,True,True,1.1158414497576568e+20,7.902557286987505e+18,14.120004566053849,14.120004566053872,1.6354554847468419e-15,6.938893903907228e-18,1.3877787807814457e-17
0.9,0.4,49,True,True,0.0992161474812041,0.008834018092861882,11.885063734381717,True,True,3.099559582660157e+20,1.9877331594901287e+19,15.593439028079715,15.593439028079741,1.7087540819585971e-15,6.938893903907228e-18,1.3877787807814457e-17
0.9,0.5,2,True,True,0.9056543427337574,0.007973146809632231,12.057743816244011,True,True,1.2222222222222223,1.2145914264371567,1.0062826030375083,1.0062826030375083,0.0,5.551115123125783e-17,1.3877787807814457e-17
0.9,0.5,3,True,True,0.8182699255818547,0.007973146809632231,12.057743816244011,True,True,1.7160493827160492,1.6987059606420212,1.0102097846689566,1.0102097846689564,2.1980048925955995e-16,6.938893903907228e-18,2.7755575615628914e-17
0.9,0.5,4,True,True,0.7382812500227431,0.007973146809632231,12.057743816244011,True,True,2.8134430727023316,2.778074073988494,1.012731481512679,1.012731481512679,0.0,5.551115123125783e-17,1.3877787807814457e-17
0.9,0.5,5,True,True,0.667450380549036,0.007973146809632231,12.057743816244011,True,True,5.252095717116291,5.162780785540112,1.0172997722131323,1.0172997722131323,0.0,2.7755575615628914e-17,2.7755575615628914e-17
0.9,0.5,6,True,True,0.6058543364723314,0.007973146809632231,12.057743816244011,True,True,10.671323815813983,10.400701324827063,1.02601963872772,1.02601963872772,0.0,1.3877787807814457e-17,6.938893903907228e-18
0.9,0.5,7,True,True,0.5521695779678545,0.007973146809632231,12.057743816244011,True,True,22.71405292403107,21.861361946859635,1.039004476447723,1.039004476447723,0.0,1.3877787807814457e-17,6.938893903907228e-18
0.9,0.5,8,True,True,0.5049197837225382,0.007973146809632231,12.057743816244011,True,True,49.47567316451349,46.86697147324255,1.0556618362413348,1.055661836241335,2.1033686859005638e-16,6.938893903907228e-18,1.3877787807814457e-17
0.9,0.5,9,True,True,0.46296469731678475,0.007973146809632231,12.057743816244011,True,True,108.94594036558553,101.29855529332112,1.0754935255504934,1.0754935255504936,2.0645833717258068e-16,1.3877787807814457e-17,1.3877787807814457e-17
0.9,0.5,10,True,True,0.4254914008879712,0.007973146809632231,12.057743816244011,True,True,241.10208970130114,219.52944124385158,1.0982676780627654,1.0982676780627654,0.0,1.3877787807814457e-17,1.3877787807814457e-17
0.9,0.5,11,True,True,0.3919051091660856,0.007973146809632231,12.057743816244011,True,True,534.782421558447,475.79655426966383,1.1239728761367873,1.1239728761367873,0.0,1.3877787807814457e-17,1.3877787807814457e-17
0.9,0.5,12,True,True,0.3617445931619036,0.007973146809632231,12.057743816244011,True,True,1187.4053812409934,1030.0648510893948,1.1527481788988292,1.152748178898829,1.926219524693945e-16,6.938893903907228e-18,1.3877787807814457e-17
0.9,0.5,13,True,True,0.33463215705565735,0.007973146809632231,12.057743816244011,True,True,2637.6786249799848,2226.2007273707245,1.1848341403136815,1.1848341403136817,1.8740564385344737e-16,6.938893903907228e-18,2.7755575615628914e-17
0.9,0.5,14,True,True,0.31024617555735523,0.007973146809632231,12.057743816244011,True,True,5860.508055511079,4801.5499743675355,1.2205450504101085,1.2205450504101083,1.8192249835466817e-16,2.7755575615628914e-17,1.3877787807814457e-17
0.9,0.5,15,True,True,0.2883059984357506,0.007973146809632231,12.057743816244011,True,True,13022.351234469063,10333.105383963892,1.2602553395689406,1.2602553395689406,0.0,1.3877787807814457e-17,3.469446951953614e-18
0.9,0.5,16,True,True,0.2685632483661331,0.007973146809632231,12.057743816244011,True,True,28937.55829882014,22184.66850712367,1.3043944420232405,1.3043944420232405,0.0,2.7755575615628914e-17,1.3877787807814457e-17
0.9,0.5,17,True,True,0.25079638531962883,0.007973146809632231,12.057743816244011,True,True,64304.6851084892,47511.80109391506,1.3534465885934355,1.3534465885934355,0.0,3.469446951953614e-18,6.938893903907228e-18
0.9,0.5,18,True,True,0.2348069707346998,0.007973146809632231,12.057743816244011,True,True,142898.3002410871,101493.61878982482,1.4079535437297195,1.4079535437297195,0.0,6.938893903907228e-18,6.938893903907228e-18
0.9,0.5,19,True,True,0.22041685809087563,0.007973146809632231,12.057743816244011,True,True,317550.7783135269,216238.7608283402,1.468519228916654,1.468519228916654,0.0,1.3877787807814457e-17,3.469446951953614e-18
0.9,0.5,20,True,True,0.20746592733733388,0.007973146809632231,12.057743816244011,True,True,705667.396252282,459474.00933130673,1.5358156977785786,1.5358156977785786,0.0,2.7755575615628914e-17,6.938893903907228e-18
0.9,0.5,21,True,True,0.1958101705049544,0.007973146809632231,12.057743816244011,True,True,1568148.7694495153,973648.5127322142,1.6105902170476674,1.6105902170476674,0.0,6.938893903907228e-18,6.938893903907228e-18
0.9,0.5,22,True,True,0.1853200277118048,0.007973146809632231,12.057743816244011,True,True,3484774.0432211454,2057524.2615113338,1.6936733667779158,1.6936733667779158,0.0,2.7755575615628914e-17,2.7755575615628914e-17
0.9,0.5,23,True,True,0.17587891742291012,0.007973146809632231,12.057743816244011,True,True,7743941.318269211,4335942.130068826,1.7859881626571177,1.785988162657118,1.2432591075781976e-16,1.3877787807814457e-17,2.7755575615628914e-17
0.9,0.5,24,True,True,0.1673819268372097,0.007973146809632231,12.057743816244011,True,True,17208757.48504269,9112104.011944879,1.8885602559501151,1.8885602559501153,1.175734818232331e-16,1.3877787807814457e-17,2.7755575615628914e-17
0.9,0.5,25,True,True,0.1597346394462958,0.007973146809632231,12.057743816244011,True,True,38241682.300094865,19096690.51702423,2.0025293003519824,2.002529300351982,2.2176415085262704e-16,1.3877787807814457e-17,1.3877787807814457e-17
0.9,0.5,26,True,True,0.15285208277063694,0.007973146809632231,12.057743816244011,True,True,84981515.22243303,39913135.4073436,2.1291615994366935,2.1291615994366935,0.0,3.469446951953614e-18,1.3877787807814457e-17
0.9,0.5,27,True,True,0.14665778270863378,0.007973146809632231,12.057743816244011,True,True,188847810.6054067,83197846.46866012,2.269864168618162,2.2698641686181626,1.9564572012272133e-16,2.7755575615628914e-17,2.7755575615628914e-17
0.9,0.5,28,True,True,0.1410829131067296,0.007973146809632231,12.057743816244011,True,True,419661800.34534836,172970792.72699186,2.4262003644032597,2.4262003644032597,0.0,1.3877787807814457e-17,1.3877787807814457e-17
0.9,0.5,29,True,True,0.13606553068324806,0.007973146809632231,12.057743816244011,True,True,932581777.5452182,358698094.53719914,2.5999072527788516,2.5999072527788516,0.0,1.3877787807814457e-17,1.3877787807814457e-17
0.9,0.5,30,True,True,0.13154988660726727,0.007973146809632231,12.057743816244011,True,True,2072403949.1004853,742021872.0587938,2.7929149087619876,2.792914908761988,1.5900563545880226e-16,6.938893903907228e-18,1.3877787807814457e-17
0.9,0.5,31,True,True,0.12748580698966053,0.007973146809632231,12.057743816244011,True,True,4605342108.112188,1531353103.7406793,3.007367861052157,3.007367861052158,2.9533414624886863e-16,1.3877787807814457e-17,3.469446951953614e-18
0.9,0.5,32,True,True,0.12382813535838565,0.007973146809632231,12.057743816244011,True,True,10234093572.582644,3153173317.7181387,3.2456489197963796,3.2456489197963796,0.0,1.3877787807814457e-17,1.734723475976807e-18
0.9,0.5,33,True,True,0.12053623090215353,0.007973146809632231,12.057743816244011,True,True,22742430160.29476,6478576100.40314,3.510405652081416,3.5104056520814155,1.2650652199888922e-16,6.938893903907228e-18,6.938893903907228e-18
0.9,0.5,34,True,True,0.11757351689733458,0.007973146809632231,12.057743816244011,True,True,50538733688.543915,13283657159.32102,3.804579799252147,3.804579799252147,0.0,1.3877787807814457e-17,6.938893903907228e-18
0.9,0.5,35,True,True,0.11490707429581652,0.007973146809632231,12.057743816244011,True,True,112308297084.65314,27183814382.832726,4.131439962876538,4.131439962876538,0.0,1.3877787807814457e-17,1.3877787807814457e-17
0.9,0.5,36,True,True,0.11250727595582545,0.007973146809632231,12.057743816244011,True,True,249573993520.4514,55527299054.787834,4.494617922514132,4.494617922514131,1.9760932631250435e-16,1.3877787807814457e-17,3.469446951953614e-18
0.9,0.5,37,True,True,0.11034745745050553,0.007973146809632231,12.057743816244011,True,True,554608874488.892,113228257400.12148,4.898148988807956,4.898148988807956,0.0,1.3877787807814457e-17,1.3877787807814457e-17
0.9,0.5,38,True,True,0.10840362079604664,0.007973146809632231,12.057743816244011,True,True,1232464165529.871,230517213795.87564,5.346516840261766,5.346516840261766,0.0,6.938893903907228e-18,6.938893903907228e-18
0.9,0.5,39,True,True,0.10665416780719494,0.007973146809632231,12.057743816244011,True,True,2738809256732.047,468596795513.0287,5.844703341885952,5.8447033418859515,1.5196295992219348e-16,1.3877787807814457e-17,1.3877787807814457e-17
0.9,0.5,40,True,True,0.10507966011730764,0.007973146809632231,12.057743816244011,True,True,6086242792736.881,951236446839.636,6.398243899250981,6.398243899250982,1.3881596789458134e-16,1.3877787807814457e-17,2.7755575615628914e-17
0.9,0.5,41,True,True,0.10366260319644804,0.007973146809632231,12.057743816244011,True,True,13524983983858.734,1928479498738.304,7.013288962992541,7.01328896299254,1.2664221086380895e-16,2.7755575615628914e-17,6.938893903907228e-18
0.9,0.5,42,True,True,0.10238725196769366,0.007973146809632231,12.057743816244011,True,True,30055519964129.527,3905001867093.091,7.696672367151275,7.696672367151274,1.153977170044022e-16,3.469446951953614e-18,1.3877787807814457e-17
0.9,0.5,43,True,True,0.10123943586182411,0.007973146809632231,12.057743816244011,True,True,66790044364731.27,7898550731674.623,8.455987260661765,8.455987260661766,2.1007089824556247e-16,1.3877787807814457e-17,1.3877787807814457e-17
0.9,0.5,44,True,True,0.1002064013665462,0.007973146809632231,12.057743816244011,True,True,148422320810512.94,15959954839126.516,9.299670475673855,9.299670475673855,0.0,1.3877787807814457e-17,2.7755575615628914e-17
0.9,0.5,45,True,True,0.09927667032079841,0.007973146809632231,12.057743816244011,True,True,329827379578916.6,32218841249078.594,10.237096270131973,10.237096270131975,1.7352155264799028e-16,6.938893903907228e-18,1.3877787807814457e-17
0.9,0.5,46,True,True,0.09843991237962654,0.007973146809632231,12.057743816244011,True,True,732949732397591.5,64985415031005.266,11.27868048619668,11.278680486196679,1.5749686690515174e-16,6.938893903907228e-18,3.469446951953614e-18
0.9,0.5,47,True,True,0.09768683023257242,0.007973146809632231,12.057743816244011,True,True,1628777183105757.8,130972794313736.88,12.435996281824202,12.435996281824204,1.4283993008235938e-16,1.3877787807814457e-17,3.469446951953614e-18
0.9,0.5,48,True,True,0.09700905630022398,0.007973146809632231,12.057743816244011,True,True,3619504851346127.5,263775725920180.84,13.721902721410379,13.721902721410377,1.294541198450991e-16,3.469446951953614e-18,2.7755575615628914e-17
0.9,0.5,49,True,True,0.09639905976111054,0.007973146809632231,12.057743816244011,True,True,8043344114102505.0,530889705975042.7,15.15068765428393,15.15068765428393,0.0,1.3877787807814457e-17,1.3877787807814457e-17
0.9,0.6,2,True,True,0.9075506778425795,0.006760365593879505,12.676331300535278,True,True,1.1851851851851851,1.175324632231377,1.0083896420473104,1.0083896420473106,2.2019722899396228e-16,0.0,1.3877787807814457e-17
0.9,0.6,3,True,True,0.8234103638924947,0.006760365593879505,12.676331300535278,True,True,1.5281207133058983,1.5032331775937948,1.0165560048055489,1.0165560048055489,0.0,0.0,4.163336342344337e-17
0.9,0.6,4,True,True,0.7459626285223712,0.006760365593879505,12.676331300535278,True,True,2.1631865061220337,2.1139972736793355,1.0232683518825387,1.0232683518825392,4.339909555817471e-16,3.469446951953614e-18,2.7755575615628914e-17
0.9,0.6,5,True,True,0.6754630509058503,0.006760365593879505,12.676331300535278,True,True,3.3392342705963594,3.2435106583552376,1.029512347059671,1.0295123470596712,2.1567939962954273e-16,5.551115123125783e-17,1.3877787807814457e-17
0.9,0.6,6,True,True,0.6124219624456226,0.006760365593879505,12.676331300535278,True,True,5.517100501104368,5.319522934624314,1.037141970982781,1.0371419709827814,4.2818555441281565e-16,2.7755575615628914e-17,2.0816681711721685e-17
0.9,0.6,7,True,True,0.5566903370492781,0.006760365593879505,12.676331300535278,True,True,9.550186113156236,9.11702632573735,1.047511082226019,1.0475110822260194,4.23947027754922e-16,2.7755575615628914e-17,4.163336342344337e-17
0.9,0.6,8,True,True,0.5075525988257495,0.006760365593879505,12.676331300535278,True,True,17.018863172511544,16.03788359229947,1.0611663985816113,1.0611663985816122,8.369831733150352e-16,3.469446951953614e-18,2.7755575615628914e-17
0.9,0.6,9,True,True,0.46411816974088377,0.006760365593879505,12.676331300535278,True,True,30.849746615762122,28.61298096195665,1.0781731081001116,1.0781731081001122,6.178356794197106e-16,1.0408340855860843e-17,1.3877787807814457e-17
0.9,0.6,10,True,True,0.4255632014312806,0.006760365593879505,12.676331300535278,True,True,56.46249373289281,51.401829055205766,1.0984530078151864,1.0984530078151868,4.0428603380435186e-16,3.469446951953614e-18,1.3877787807814457e-17
0.9,0.6,11,True,True,0.3912030669666886,0.006760365593879505,12.676331300535278,True,True,103.89350691276445,92.60005604696843,1.1219594387725615,1.1219594387725624,7.916314877405937e-16,2.7755575615628914e-17,3.469446951953614e-17
0.9,0.6,12,True,True,0.3604854385635487,0.006760365593879505,12.676331300535278,True,True,191.72871650511937,166.90411422384167,1.148735712098651,1.1487357120986519,7.731790788304923e-16,2.7755575615628914e-17,1.3877787807814457e-17
0.9,0.6,13,True,True,0.33296232466691517,0.006760365593879505,12.676331300535278,True,True,354.38651204651734,300.6022330981211,1.1789217544862358,1.1789217544862365,5.650364939320244e-16,1.734723475976807e-17,2.7755575615628914e-17
0.9,0.6,14,True,True,0.3082634513682693,0.006760365593879505,12.676331300535278,True,True,655.604651937995,540.5957320784912,1.212744779573667,1.212744779573668,9.154630416264893e-16,6.938893903907228e-18,6.938893903907228e-18
0.9,0.6,15,True,True,0.2860762290703813,0.006760365593879505,12.676331300535278,True,True,1213.416022107398,970.3381014731564,1.2505084776792785,1.2505084776792803,1.4205076343799367e-15,1.3877787807814457e-17,3.469446951953614e-17
0.9,0.6,16,True,True,0.26613183246081257,0.006760365593879505,12.676331300535278,True,True,2246.4000409396263,1737.912534888627,1.292585211190496,1.2925852111904974,1.030700040520456e-15,2.7755575615628914e-17,6.938893903907228e-18
0.9,0.6,17,True,True,0.24819573115227375,0.006760365593879505,12.676331300535278,True,True,4159.333409147455,3105.3430063176947,1.3394119105958535,1.339411910595855,1.1604437904272203e-15,1.3877787807814457e-17,1.3877787807814457e-17
0.9,0.6,18,True,True,0.23206118394946695,0.006760365593879505,12.676331300535278,True,True,7701.802609532323,5534.935198904554,1.391489210398818,1.3914892103988201,1.5957335728200885e-15,6.938893903907228e-18,1.3877787807814457e-17
0.9,0.6,19,True,True,0.21754463865623627,0.006760365593879505,12.676331300535278,True,True,14261.930758393191,9840.000236432941,1.4493831723283805,1.4493831723283823,1.2255950485105996e-15,6.938893903907228e-18,2.0816681711721685e-17
0.9,0.6,20,True,True,0.20448234845400795,0.006760365593879505,12.676331300535278,True,True,26410.316219246648,17447.188619843444,1.5137290479687397,1.5137290479687424,1.7602458396870221e-15,3.469446951953614e-18,3.469446951953614e-17
0.9,0.6,21,True,True,0.19272777411747782,0.006760365593879505,12.676331300535278,True,True,48907.32633193823,30851.750079269445,1.5852366950424983,1.5852366950425005,1.4007031607294345e-15,1.3877787807814457e-17,2.0816681711721685e-17
0.9,0.6,22,True,True,0.18214950746267444,0.006760365593879505,12.676331300535278,True,True,90568.45617025599,54405.35667318136,1.6646974068070195,1.6646974068070222,1.600612368473076e-15,1.3877787807814457e-17,2.7755575615628914e-17
0.9,0.6,23,True,True,0.17262955396615334,0.006760365593879505,12.676331300535278,True,True,167718.69661158512,95675.67567696633,1.7529920267076091,1.7529920267076122,1.7733249333648776e-15,2.7755575615628914e-17,1.3877787807814457e-17
0.9,0.6,24,True,True,0.16406187443057502,0.006760365593879505,12.676331300535278,True,True,310589.5122436762,167786.43040517124,1.8511003034849933,1.8511003034849969,1.919244285202666e-15,1.3877787807814457e-17,2.7755575615628914e-17
0.9,0.6,25,True,True,0.15635112259413841,0.006760365593879505,12.676331300535278,True,True,575165.0967475484,293434.8867363828,1.9601115025708158,1.9601115025708196,1.9257875272782596e-15,1.3877787807814457e-17,1.3877787807814457e-17
0.9,0.6,26,True,True,0.1494115376609823,0.006760365593879505,12.676331300535278,True,True,1065119.88286583,511772.67333595286,2.0812363347244074,2.081236334724412,2.133775979405371e-15,1.734723475976807e-17,2.7755575615628914e-17
0.9,0.6,27,True,True,0.14316596396552253,0.006760365593879505,12.676331300535278,True,True,1972443.5608626488,890164.0456722326,2.2158202979014976,2.2158202979015016,1.8037576839763342e-15,3.469446951953614e-18,6.938893903907228e-18
0.9,0.6,28,True,True,0.1375449780226428,0.006760365593879505,12.676331300535278,True,True,3652672.59419009,1544236.320103236,2.36535855726143,2.3653585572614344,1.8774710011162973e-15,2.7755575615628914e-17,1.3877787807814457e-17
0.9,0.6,29,True,True,0.13248610820772905,0.006760365593879505,12.676331300535278,True,True,6764207.841092758,2672002.529797684,2.5315125138017454,2.5315125138017507,2.1050934921896596e-15,2.7755575615628914e-17,1.3877787807814457e-17
0.9,0.6,30,True,True,0.12793313551188898,0.006760365593879505,12.676331300535278,True,True,12526310.150171774,4611825.753574857,2.7161282362981742,2.7161282362981805,2.2890115624195948e-15,1.3877787807814457e-17,2.7755575615628914e-17
0.9,0.6,31,True,True,0.12383546595830482,0.006760365593879505,12.676331300535278,True,True,23196869.981799576,7940715.36193977,2.9212569553850636,2.9212569553850707,2.432318507450293e-15,4.163336342344337e-17,6.938893903907228e-18
0.9,0.6,32,True,True,0.1201475667687638,0.006760365593879505,12.676331300535278,True,True,42957165.96629552,13640755.809337437,3.1491778437152482,3.149177843715255,2.1152626108572515e-15,1.3877787807814457e-17,1.3877787807814457e-17
0.9,0.6,33,True,True,0.11682845948056172,0.006760365593879505,12.676331300535278,True,True,79550306.67832503,23380484.699973345,3.4024233329267,3.4024233329267086,2.4799074546356415e-15,1.3877787807814457e-17,2.7755575615628914e-17
0.9,0.6,34,True,True,0.1138412640763104,0.006760365593879505,12.676331300535278,True,True,147315382.07097223,39989981.067182526,3.6838072472073633,3.683807247207373,2.6521373028156692e-15,1.3877787807814457e-17,2.7755575615628914e-17
0.9,0.6,35,True,True,0.11115278888685841,0.006760365593879505,12.676331300535278,True,True,272806262.4277264,68262044.66755232,3.996456065099411,3.996456065099423,3.0002603483277367e-15,1.3877787807814457e-17,1.3877787807814457e-17
0.9,0.6,36,True,True,0.10873316161078751,0.006760365593879505,12.676331300535278,True,True,505196781.60690063,116301787.44464335,4.3438436562925675,4.34384365629258,2.8625564959707718e-15,1.3877787807814457e-17,6.938893903907228e-18
0.9,0.6,37,True,True,0.10655549729344044,0.006760365593879505,12.676331300535278,True,True,935549594.9016678,197797726.09956473,4.729829878988314,4.729829878988327,2.8167347740531195e-15,1.3877787807814457e-17,1.3877787807814457e-17
0.9,0.6,38,True,True,0.10459559954348298,0.006760365593879505,12.676331300535278,True,True,1732499249.1512365,335840053.6914019,5.158703466451928,5.158703466451943,2.9269046443731635e-15,2.7755575615628914e-17,1.3877787807814457e-17
0.9,0.6,39,True,True,0.10283169164827595,0.006760365593879505,12.676331300535278,True,True,3208331942.205993,569334725.4498435,5.63522967911543,5.635229679115446,2.837011526584617e-15,1.3877787807814457e-17,1.3877787807814457e-17
0.9,0.6,40,True,True,0.1012441745895528,0.006760365593879505,12.676331300535278,True,True,5941355447.862951,963769901.8715707,6.164703251601106,6.164703251601125,3.0255709078710823e-15,1.3877787807814457e-17,1.3877787807814457e-17
0.9,0.6,41,True,True,0.09981540926439708,0.006760365593879505,12.676331300535278,True,True,11002510087.968424,1629275628.589965,6.753007222903346,6.753007222903368,3.288084813117764e-15,1.3877787807814457e-17,2.7755575615628914e-17
0.9,0.6,42,True,True,0.09852952048811213,0.006760365593879505,12.676331300535278,True,True,20375018680.756344,2750898290.198477,7.406678303357515,7.406678303357538,2.9978972466561127e-15,6.938893903907228e-18,1.3877787807814457e-17
0.9,0.6,43,True,True,0.09737222059912683,0.006760365593879505,12.676331300535278,True,True,37731516074.808044,4639322655.755219,8.132979504669924,8.132979504669953,3.494624499432745e-15,1.3877787807814457e-17,6.938893903907228e-18
0.9,0.6,44,True,True,0.09633065070476579,0.006760365593879505,12.676331300535278,True,True,69873177915.64452,7815808463.82443,8.93998083999287,8.939980839992899,3.1791689422039726e-15,2.7755575615628914e-17,1.3877787807814457e-17
0.9,0.6,45,True,True,0.09539323780323462,0.006760365593879505,12.676331300535278,True,True,129394773917.19354,13154355110.109892,9.836648990701649,9.836648990701685,3.611711348202812e-15,1.3877787807814457e-17,1.3877787807814457e-17
0.9,0.6,46,True,True,0.09454956619387025,0.006760365593879505,12.676331300535278,True,True,239619951697.83987,22119553719.76398,10.832946936164346,10.832946936164383,3.443522233352072e-15,2.7755575615628914e-17,1.3877787807814457e-17
0.9,0.6,47,True,True,0.09379026174663832,0.006760365593879505,12.676331300535278,True,True,443740651291.6294,37164380922.12191,11.939944653497376,11.939944653497419,3.570583062386155e-15,1.3877787807814457e-17,2.7755575615628914e-17
0.9,0.6,48,True,True,0.09310688774484058,0.006760365593879505,12.676331300535278,True,True,821741946835.6841,62395258803.46615,13.169942117301309,13.169942117301359,3.776629468846806e-15,1.3877787807814457e-17,3.469446951953614e-17
0.9,0.6,49,True,True,0.0924918511436456,0.006760365593879505,12.676331300535278,True,True,1521744345991.3406,104683606995.09355,14.536605966038826,14.536605966038882,3.9103638767954734e-15,1.3877787807814457e-17,3.469446951953614e-17
0.9,0.7,2,True,True,0.909163949365905,0.005088227179310312,13.98689826683509,True,True,1.1587301587301586,1.1470506981545867,1.0101821659621169,1.0101821659621169,0.0,0.0,4.163336342344337e-17
0.9,0.7,3,True,True,0.8280595077975483,0.005088227179310312,13.98689826683509,True,True,1.4106827916351723,1.3799166007569788,1.0222956886389483,1.0222956886389485,2.1720193814047511e-16,5.551115123125783e-17,2.7755575615628914e-17
0.9,0.7,4,True,True,0.753987573511292,0.005088227179310312,13.98689826683509,True,True,1.8106076057701148,1.7506030483493722,1.0342765068742,1.0342765068742001,2.1468592146223695e-16,4.163336342344337e-17,2.7755575615628914e-17
0.9,0.7,5,True,True,0.6858237053907205,0.005088227179310312,13.98689826683509,True,True,2.4454088980478015,2.3394244984505197,1.0453036204705384,1.0453036204705386,2.124211574289573e-16,1.3877787807814457e-17,5.551115123125783e-17
0.9,0.7,6,True,True,0.6233817583308521,0.005088227179310312,13.98689826683509,True,True,3.453029996901272,3.270836298337864,1.0557024815506644,1.0557024815506648,4.2065754093687815e-16,5.551115123125783e-17,1.734723475976807e-17
0.9,0.7,7,True,True,0.5667433540895461,0.005088227179310312,13.98689826683509,True,True,5.052428566509955,4.737713588416202,1.0664276073723065,1.0664276073723067,2.082134815246883e-16,1.3877787807814457e-17,2.7755575615628914e-17
0.9,0.7,8,True,True,0.5158454134095367,0.005088227179310312,13.98689826683509,True,True,7.591156454777708,7.038594325646559,1.0785046137859906,1.0785046137859908,2.0588192399619343e-16,2.7755575615628914e-17,1.3877787807814457e-17
0.9,0.7,9,True,True,0.47038503727068187,0.005088227179310312,13.98689826683509,True,True,11.620883261551915,10.634711563874284,1.0927314005419404,1.092731400541941,6.096043496551159e-16,2.7755575615628914e-17,1.3877787807814457e-17
0.9,0.7,10,True,True,0.4298954098263147,0.005088227179310312,13.98689826683509,True,True,18.017275018336374,16.2371156762793,1.1096351949168963,1.1096351949168972,8.004238003343456e-16,2.7755575615628914e-17,3.469446951953614e-17
0.9,0.7,11,True,True,0.3938495957140375,0.005088227179310312,13.98689826683509,True,True,28.170277806883135,24.939389629383797,1.1295496090927855,1.1295496090927861,5.897340049633666e-16,2.7755575615628914e-17,1.3877787807814457e-17
0.9,0.7,12,True,True,0.3617321513942941,0.005088227179310312,13.98689826683509,True,True,44.28615524902085,38.419213563576925,1.1527085315199175,1.152708531519918,3.8525715539252875e-16,2.7755575615628914e-17,5.551115123125783e-17
0.9,0.7,13,True,True,0.3330739250003858,0.005088227179310312,13.98689826683509,True,True,69.86691309368389,59.24354444853229,1.1793168984745779,1.1793168984745783,3.765647812089208e-16,2.7755575615628914e-17,1.3877787807814457e-17
0.9,0.7,14,True,True,0.3074626726833441,0.005088227179310312,13.98689826683509,True,True,110.47129062489509,91.32919980176656,1.209594421769567,1.2095944217695676,3.6713893670275486e-16,5.551115123125783e-17,2.7755575615628914e-17
0.9,0.7,15,True,True,0.28454149401025,0.005088227179310312,13.98689826683509,True,True,174.92268353157948,140.63572487858735,1.2437997790575084,1.2437997790575095,8.926059027494194e-16,2.7755575615628914e-17,2.0816681711721685e-17
0.9,0.7,16,True,True,0.2640025159901936,0.005088227179310312,13.98689826683509,True,True,277.2264817961578,216.20428112036547,1.282243257902095,1.282243257902096,6.926754453388914e-16,2.7755575615628914e-17,2.0816681711721685e-17
0.9,0.7,17,True,True,0.24557955886136737,0.005088227179310312,13.98689826683509,True,True,439.6134631685046,331.7102719457909,1.3252934875660032,1.3252934875660047,1.1728060607389112e-15,2.7755575615628914e-17,2.0816681711721685e-17
0.9,0.7,18,True,True,0.22904135229127778,0.005088227179310312,13.98689826683509,True,True,697.3705764579438,507.77624648321006,1.3733816445488314,1.3733816445488327,9.700636635404057e-16,5.551115123125783e-17,4.163336342344337e-17
0.9,0.7,19,True,True,0.2141857945898481,0.005088227179310312,13.98689826683509,True,True,1106.5088515205455,775.4064308508986,1.4270049969875913,1.4270049969875924,7.780092059725351e-16,5.551115123125783e-17,1.3877787807814457e-17
0.9,0.7,20,True,True,0.2008352796851212,0.005088227179310312,13.98689826683509,True,True,1755.934684953247,1181.0710692910247,1.4867307570299746,1.4867307570299761,1.0454564332685561e-15,2.7755575615628914e-17,2.7755575615628914e-17
0.9,0.7,21,True,True,0.18883294780047225,0.005088227179310312,13.98689826683509,True,True,2786.7693411956307,1794.2106902664295,1.5532007229216833,1.5532007229216844,7.147968760513745e-16,2.7755575615628914e-17,4.163336342344337e-17
0.9,0.7,22,True,True,0.17803967960345665,0.005088227179310312,13.98689826683509,True,True,4423.014827294651,2718.2806237024706,1.6271369441136743,1.6271369441136763,1.2281704078778927e-15,2.0816681711721685e-17,3.469446951953614e-17
0.9,0.7,23,True,True,0.16833166900831473,0.005088227179310312,13.98689826683509,True,True,7020.229884594684,4106.962259518251,1.7093485259877117,1.7093485259877133,9.093009476093184e-16,6.938893903907228e-18,3.469446951953614e-17
0.9,0.7,24,True,True,0.15959844034887516,0.005088227179310312,13.98689826683509,True,True,11142.793467610609,6187.898125296258,1.8007396440575896,1.8007396440575918,1.2330744516997473e-15,2.7755575615628914e-17,4.163336342344337e-17
0.9,0.7,25,True,True,0.15174120641501976,0.005088227179310312,13.98689826683509,True,True,17686.54518668351,9297.361166363324,1.9023188268377906,1.9023188268377926,1.0505081567463676e-15,2.7755575615628914e-17,2.7755575615628914e-17
0.9,0.7,26,True,True,0.14467148979257016,0.005088227179310312,13.98689826683509,True,True,28073.45267727541,13930.785681045454,2.0152095739634266,2.0152095739634284,8.814749901701725e-16,1.3877787807814457e-17,3.469446951953614e-17
0.9,0.7,27,True,True,0.13830995013766492,0.005088227179310312,13.98689826683509,True,True,44560.60742424668,20816.270508027323,2.1406623922889016,2.1406623922889043,1.2447246556479745e-15,2.7755575615628914e-17,2.0816681711721685e-17
0.9,0.7,28,True,True,0.13258537507389428,0.005088227179310312,13.98689826683509,True,True,70730.69432420107,31021.30435353388,2.280068352965422,2.2800683529654253,1.3633909110257175e-15,1.3877787807814457e-17,2.0816681711721685e-17
0.9,0.7,29,True,True,0.12743380336451987,0.005088227179310312,13.98689826683509,True,True,112270.51480031919,46107.47433429377,2.4349742947601607,2.434974294760163,9.11897121061403e-16,6.938893903907228e-18,2.7755575615628914e-17
0.9,0.7,30,True,True,0.12279775689565937,0.005088227179310312,13.98689826683509,True,True,178206.7377782844,68354.39757790932,2.60709982229259,2.6070998222925934,1.3627071922686747e-15,1.3877787807814457e-17,4.163336342344337e-17
0.9,0.7,31,True,True,0.11862556364755611,0.005088227179310312,13.98689826683509,True,True,282867.40917188,101083.41528080548,2.7983562722538236,2.798356272253828,1.586964512893807e-15,2.7755575615628914e-17,1.3877787807814457e-17
0.9,0.7,32,True,True,0.11487075787280206,0.005088227179310312,13.98689826683509,True,True,448995.4590029841,149124.93073017226,3.0108678462047354,3.010867846204739,1.1799633395662882e-15,2.7755575615628914e-17,2.7755575615628914e-17
0.9,0.7,33,True,True,0.11149154661480623,0.005088227179310312,13.98689826683509,True,True,712690.7761952128,219492.4065003718,3.246995135542448,3.246995135542453,1.5044621579128387e-15,6.938893903907228e-18,1.3877787807814457e-17
0.9,0.7,34,True,True,0.10845033382454208,0.005088227179310312,13.98689826683509,True,True,1131254.7717384333,322353.46470839053,3.5093612930817923,3.5093612930817972,1.3919858630630961e-15,2.7755575615628914e-17,1.734723475976807e-17
0.9,0.7,35,True,True,0.10571329490599111,0.005088227179310312,13.98689826683509,True,True,1795642.0662514814,472427.8401765794,3.8008811368532474,3.800881136853254,1.7525773387551537e-15,2.7755575615628914e-17,3.469446951953614e-17
0.9,0.7,36,True,True,0.10324999570567127,0.005088227179310312,13.98689826683509,True,True,2850225.07341505,690998.2450097848,4.124793505625603,4.12479350562561,1.7226140770223398e-15,5.551115123125783e-17,4.163336342344337e-17
0.9,0.7,37,True,True,0.1010330508730856,0.005088227179310312,13.98689826683509,True,True,4524166.354627063,1008800.8464956785,4.484697222789695,4.484697222789703,1.7824181611816172e-15,6.938893903907228e-18,2.7755575615628914e-17
0.9,0.7,38,True,True,0.0990378172352305,0.005088227179310312,13.98689826683509,True,True,7181216.007344543,1470177.5256510696,4.884591066078455,4.884591066078463,1.6364943695724154e-15,4.163336342344337e-17,1.3877787807814457e-17
0.9,0.7,39,True,True,0.09724211840340628,0.005088227179310312,13.98689826683509,True,True,11398755.138642132,2139037.3695942,5.328918185662463,5.328918185662472,1.6667143100259666e-15,1.3877787807814457e-17,2.7755575615628914e-17
0.9,0.7,40,True,True,0.09562599730173067,0.005088227179310312,13.98689826683509,True,True,18093261.696257353,3107411.404932789,5.822615462997793,5.822615462997804,1.9830125361149892e-15,2.7755575615628914e-17,1.3877787807814457e-17
0.9,0.7,41,True,True,0.09417149369982879,0.005088227179310312,13.98689826683509,True,True,28719462.581360877,4507723.068608171,6.371168358003956,6.371168358003968,1.812276619812789e-15,2.7755575615628914e-17,5.551115123125783e-17
0.9,0.7,42,True,True,0.0928624441653111,0.005088227179310312,13.98689826683509,True,True,45586448.11327123,6530381.182630696,6.980671853355305,6.980671853355318,1.9085091772503564e-15,1.3877787807814457e-17,5.551115123125783e-17
0.9,0.7,43,True,True,0.09168430213773036,0.005088227179310312,13.98689826683509,True,True,72359441.02106544,9448994.931815,7.657898172580177,7.6578981725801905,1.7397301446505188e-15,2.0816681711721685e-17,2.7755575615628914e-17
0.9,0.7,44,True,True,0.09062397607401927,0.005088227179310312,13.98689826683509,True,True,114856255.16042136,13656501.143113445,8.410372024048037,8.410372024048055,2.1121025732524728e-15,5.551115123125783e-17,1.3877787807814457e-17
0.9,0.7,45,True,True,0.0896696838327849,0.005088227179310312,13.98689826683509,True,True,182311515.69908154,19716911.112613272,9.246454206635516,9.246454206635535,2.1132344136177428e-15,5.551115123125783e-17,4.163336342344337e-17
0.9,0.7,46,True,True,0.0888108216563956,0.005088227179310312,13.98689826683509,True,True,289383357.82393885,28439410.391564026,10.175434505835556,10.175434505835575,1.9203037690623116e-15,1.3877787807814457e-17,2.7755575615628914e-17
0.9,0.7,47,True,True,0.08803784627947492,0.005088227179310312,13.98689826683509,True,True,459338662.78402996,40984441.97873395,11.207634912349718,11.207634912349741,2.0604381827924622e-15,2.0816681711721685e-17,4.163336342344337e-17
0.9,0.7,48,True,True,0.08734216884330588,0.005088227179310312,13.98689826683509,True,True,729108988.1175079,59015545.222673364,12.35452430993367,12.354524309933694,2.012946441944957e-15,2.7755575615628914e-17,2.7755575615628914e-17
0.9,0.7,49,True,True,0.08671605943022724,0.005088227179310312,13.98689826683509,True,True,1157315853.726203,84916643.83371133,13.628845906728552,13.628845906728582,2.2157464011604554e-15,5.551115123125783e-17,1.3877787807814457e-17
0.9,0.8,2,True,True,0.9105763400060336,0.0029813279943844925,16.887041008726598,True,True,1.1388888888888888,1.1256606996764358,1.011751488895593,1.011751488895593,0.0,0.0,5.551115123125783e-17
0.9,0.8,3,True,True,0.832315180033046,0.0029813279943844925,16.887041008726598,True,True,1.3317901234567902,1.2960835340731973,1.0275496049790693,1.027549604979069,2.1609137296058255e-16,1.1102230246251565e-16,4.163336342344337e-17
0.9,0.8,4,True,True,0.7620581026172617,0.0029813279943844925,16.887041008726598,True,True,1.599708504801097,1.5303131034166164,1.0453471915188772,1.0453471915188774,2.1241230351650253e-16,5.551115123125783e-17,6.245004513516506e-17
0.9,0.8,5,True,True,0.6978368391458921,0.0029813279943844925,16.887041008726598,True,True,1.9718173677793012,1.8538851812171708,1.0636135332203809,1.063613533220381,2.087643659936617e-16,5.551115123125783e-17,4.85722573273506e-17
0.9,0.8,6,True,True,0.6385714180833313,0.0029813279943844925,16.887041008726598,True,True,2.488635233026807,2.3012527293513054,1.081426303719506,1.0814263037195062,2.0532569270908348e-16,4.163336342344337e-17,2.7755575615628914e-17
0.9,0.8,7,True,True,0.5837756355726658,0.0029813279943844925,16.887041008726598,True,True,3.206437823648343,2.918985342315455,1.0984768498716988,1.0984768498716992,4.0427725891713757e-16,2.42861286636753e-17,2.42861286636753e-17
0.9,0.8,8,True,True,0.5332790679326016,0.0029813279943844925,16.887041008726598,True,True,4.203385866178254,3.770008144311727,1.1149540545477117,1.1149540545477121,3.983026995943883e-16,1.3877787807814457e-17,4.163336342344337e-17
0.9,0.8,9,True,True,0.48701348744736456,0.0029813279943844925,16.887041008726598,True,True,5.588035925247574,4.939218925391816,1.1313602433211216,1.131360243321122,3.9252679460119016e-16,2.7755575615628914e-17,2.42861286636753e-17
0.9,0.8,10,True,True,0.4448882936472797,0.0029813279943844925,16.887041008726598,True,True,7.511161007288297,6.540917601011278,1.1483344486906564,1.1483344486906566,1.933623128507631e-16,1.3877787807814457e-17,6.938893903907228e-17
0.9,0.8,11,True,True,0.40674344271762103,0.0029813279943844925,16.887041008726598,True,True,10.182168065678189,8.728604090715438,1.1665288011526262,1.1665288011526267,3.806928808026564e-16,2.7755575615628914e-17,4.85722573273506e-17
0.9,0.8,12,True,True,0.3723504814260495,0.0029813279943844925,16.887041008726598,True,True,13.891900091219707,11.707855007337185,1.1865452794311002,1.1865452794311009,5.614061480186221e-16,4.163336342344337e-17,2.0816681711721685e-17
0.9,0.8,13,True,True,0.3414341330964047,0.0029813279943844925,16.887041008726598,True,True,19.044305682249586,15.753183132752426,1.2089179387913411,1.2089179387913418,5.510165689501511e-16,4.163336342344337e-17,2.7755575615628914e-17
0.9,0.8,14,True,True,0.3136970556213848,0.0029813279943844925,16.887041008726598,True,True,26.20042455867998,21.230025172375456,1.2341212196381197,1.2341212196381204,5.397636829957622e-16,4.163336342344337e-17,2.7755575615628914e-17
0.9,0.8,15,True,True,0.28883994966939475,0.0029813279943844925,16.887041008726598,True,True,36.13947855372219,28.62330336403669,1.2625893697206552,1.262589369720656,7.034578628652892e-16,1.3877787807814457e-17,8.326672684688674e-17
0.9,0.8,16,True,True,0.26657510872389995,0.0029813279943844925,16.887041008726598,True,True,49.943720213503035,38.5743783243729,1.294738175519643,1.2947381755196439,6.8599075588672925e-16,1.3877787807814457e-17,2.7755575615628914e-17
0.9,0.8,17,True,True,0.24663419553644994,0.0029813279943844925,16.887041008726598,True,True,69.11627807430978,51.928670463324295,1.3309849348660792,1.3309849348660798,5.004818592046036e-16,4.163336342344337e-17,2.7755575615628914e-17
0.9,0.8,18,True,True,0.22877181014989242,0.0029813279943844925,16.887041008726598,True,True,95.74483065876355,69.7967960586493,1.3717654113852227,1.3717654113852236,6.474710707301134e-16,4.163336342344337e-17,1.3877787807814457e-17
0.9,0.8,19,True,True,0.21276633179815535,0.0029813279943844925,16.887041008726598,True,True,132.7289314705049,93.63276790110346,1.417547878224592,1.4175478782245934,9.398395990820327e-16,4.163336342344337e-17,1.3877787807814457e-17
0.9,0.8,20,True,True,0.19841916280846342,0.0029813279943844925,16.887041008726598,True,True,184.09573815347903,125.33368278595384,1.4688448792163846,1.4688448792163857,7.558477006894353e-16,4.163336342344337e-17,2.0816681711721685e-17
0.9,0.8,21,True,True,0.18555313972437992,0.0029813279943844925,16.887041008726598,True,True,255.43852521316538,167.36640185714452,1.5262234377912645,1.526223437791265,2.9097260522531617e-16,6.938893903907228e-17,2.7755575615628914e-17
0.9,0.8,22,True,True,0.17401059126167143,0.0029813279943844925,16.887041008726598,True,True,354.5257294627296,222.9280795936728,1.5903143745234678,1.5903143745234691,8.377385320115691e-16,4.163336342344337e-17,5.551115123125783e-17
0.9,0.8,23,True,True,0.16365132374059763,0.0029813279943844925,16.887041008726598,True,True,492.14684647601325,296.1490826552806,1.661821276174187,1.6618212761741882,6.680760684332373e-16,2.7755575615628914e-17,4.163336342344337e-17
0.9,0.8,24,True,True,0.15435068594816512,0.0029813279943844925,16.887041008726598,True,True,683.2872867722403,392.34894897981627,1.7415295454439739,1.7415295454439754,8.924983435058358e-16,4.163336342344337e-17,2.7755575615628914e-17
0.9,0.8,25,True,True,0.14599778660780915,0.0029813279943844925,16.887041008726598,True,True,948.7601205170006,518.3586813553665,1.8303158693826673,1.8303158693826689,8.49204369844348e-16,1.3877787807814457e-17,4.163336342344337e-17
0.9,0.8,26,True,True,0.13849389176356894,0.0029813279943844925,16.887041008726598,True,True,1317.472389606945,682.9259870558427,1.9291583781819326,1.9291583781819341,8.056944686625599e-16,4.163336342344337e-17,2.7755575615628914e-17
0.9,0.8,27,True,True,0.1317510041490701,0.0029813279943844925,16.887041008726598,True,True,1829.572763342979,897.2242392082879,2.0391477218196834,2.0391477218196856,1.0889088737861724e-15,2.7755575615628914e-17,2.7755575615628914e-17
0.9,0.8,28,True,True,0.12569061380878552,0.0029813279943844925,16.887041008726598,True,True,2540.823282420804,1175.491161724629,2.161499265288409,2.1614992652884113,1.0272712486691668e-15,2.7755575615628914e-17,2.7755575615628914e-17
0.9,0.8,29,True,True,0.12024260364947273,0.0029813279943844925,16.887041008726598,True,True,3528.67122558445,1535.8297954233287,2.297566589800287,2.29756658980029,1.3530073438353086e-15,6.938893903907228e-17,6.938893903907228e-17
0.9,0.8,30,True,True,0.11534429201392013,0.0029813279943844925,16.887041008726598,True,True,4900.68225775618,2001.212520820469,2.448856484141409,2.448856484141411,9.067277170506868e-16,6.938893903907228e-17,5.551115123125783e-17
0.9,0.8,31,True,True,0.11093959487192821,0.0029813279943844925,16.887041008726598,True,True,6806.253135772471,2600.7392065276545,2.6170456148349293,2.6170456148349324,1.1878373274538862e-15,4.163336342344337e-17,4.163336342344337e-17
0.9,0.8,32,True,True,0.10697829170563684,0.0029813279943844925,16.887041008726598,True,True,9452.879355239542,3371.213436520341,2.8039990742907404,2.8039990742907435,1.1086396202669033e-15,4.163336342344337e-17,4.163336342344337e-17
0.9,0.8,33,True,True,0.10341538100824962,0.0029813279943844925,16.887041008726598,True,True,13128.74910449936,4359.116887767715,3.011791021557703,3.0117910215577064,1.1796016567454364e-15,4.163336342344337e-17,2.0816681711721685e-17
0.9,0.8,34,True,True,0.10021051318777648,0.0029813279943844925,16.887041008726598,True,True,18234.12375624911,5623.082085364773,3.2427276499674735,3.242727649967477,1.0955942226095161e-15,1.3877787807814457e-17,6.245004513516506e-17
0.9,0.8,35,True,True,0.09732749040976908,0.0029813279943844925,16.887041008726598,True,True,25324.921883679315,7236.988960303147,3.4993727394906085,3.499372739490614,1.52286450027512e-15,1.3877787807814457e-17,2.7755575615628914e-17
0.9,0.8,36,True,True,0.09473382445884897,0.0029813279943844925,16.887041008726598,True,True,35173.25261622127,9293.842132707048,3.7845760788682816,3.7845760788682865,1.290760499075886e-15,1.3877787807814457e-17,4.85722573273506e-17
0.9,0.8,37,True,True,0.09240034503272727,0.0029813279943844925,16.887041008726598,True,True,48851.48974475175,11910.625214066748,4.1015050735587675,4.101505073558774,1.5158457264826262e-15,4.163336342344337e-17,5.551115123125783e-17
0.9,0.8,38,True,True,0.09030085201456477,0.0029813279943844925,16.887041008726598,True,True,67849.04131215521,15234.377634192235,4.453679890399588,4.453679890399594,1.3959801986000056e-15,2.7755575615628914e-17,6.938893903907228e-17
0.9,0.8,39,True,True,0.08841180622138767,0.0029813279943844925,16.887041008726598,True,True,94234.52960021555,19449.801014608063,4.845012528891134,4.845012528891141,1.4665446818209143e-15,2.7755575615628914e-17,2.7755575615628914e-17
0.9,0.8,40,True,True,0.08671205392280433,0.0029813279943844925,16.887041008726598,True,True,130881.0411114105,24788.779009292823,5.2798502525011735,5.279850252501181,1.3457630458808952e-15,2.7755575615628914e-17,2.7755575615628914e-17
0.9,0.8,41,True,True,0.08518258108990252,0.0029813279943844925,16.887041008726598,True,True,181778.97376584788,31542.29066634389,5.763023861796088,5.763023861796097,1.5411673472115672e-15,2.7755575615628914e-17,5.551115123125783e-17
0.9,0.8,42,True,True,0.08380629389103122,0.0029813279943844925,16.887041008726598,True,True,252470.5468970109,40075.317543896985,6.299901345022762,6.299901345022771,1.550812001908589e-15,1.3877787807814457e-17,8.326672684688674e-17
0.9,0.8,43,True,True,0.08256782241824974,0.0029813279943844925,16.887041008726598,True,True,350653.28735695954,50845.49505775237,6.8964475015667235,6.896447501566737,1.9318172569972045e-15,2.7755575615628914e-17,2.7755575615628914e-17
0.9,0.8,44,True,True,0.08145334502157245,0.0029813279943844925,16.887041008726598,True,True,487018.2046624438,64426.446368345736,7.559290200145628,7.5592902001456395,1.5274343424306124e-15,2.7755575615628914e-17,2.7755575615628914e-17
0.9,0.8,45,True,True,0.08045043096095435,0.0029813279943844925,16.887041008726598,True,True,676413.9231422829,81536.97193297464,8.29579400738982,8.295794007389834,1.713019236319402e-15,1.3877787807814457e-17,4.163336342344337e-17
0.9,0.8,46,True,True,0.07954789936902219,0.0029813279943844925,16.887041008726598,True,True,939463.5321420595,103077.56140793876,9.114142004427595,9.11414200442761,1.5592092715143602e-15,4.163336342344337e-17,3.8163916471489756e-17
0.9,0.8,47,True,True,0.0787356927595852,0.0029813279943844925,16.887041008726598,True,True,1304810.2113084157,130176.06157487043,10.023426700138392,10.02342670013841,1.7722051475427274e-15,2.7755575615628914e-17,3.469446951953614e-17
0.9,0.8,48,True,True,0.07800476352500989,0.0029813279943844925,16.887041008726598,True,True,1812236.1545950219,164244.79274902795,11.0337510508731,11.033751050873121,1.9319161701691838e-15,2.7755575615628914e-17,2.0816681711721685e-17
0.9,0.8,49,True,True,0.07734697204530187,0.0029813279943844925,16.887041008726598,True,True,2516994.409159752,207051.97965864165,12.156340708789264,12.156340708789287,1.8996373551381953e-15,1.3877787807814457e-17,5.551115123125783e-17
0.9,0.9,2,True,True,0.9118370319813033,0.0009213015091071412,26.046427154860496,True,True,1.1234567901234567,1.108872611714506,1.0131522577570033,1.0131522577570038,4.3832425625070634e-16,0.0,1.3877787807814457e-17
0.9,0.9,3,True,True,0.8362450519009617,0.0009213015091071412,26.046427154860496,True,True,1.2758725803993292,1.2358300808766416,1.0324012986431623,1.0324012986431625,2.1507586751087422e-16,2.7755575615628914e-17,4.163336342344337e-17
0.9,0.9,4,True,True,0.7699913371321856,0.0009213015091071412,26.046427154860496,True,True,1.4640402227152214,1.386100428524917,1.0562295433912012,1.056229543391201,2.1022381575516254e-16,8.326672684688674e-17,6.938893903907228e-17
0.9,0.9,5,True,True,0.7107943669489631,0.0009213015091071412,26.046427154860496,True,True,1.6963459539694088,1.5658151388800239,1.0833628516216476,1.0833628516216478,2.0495866605787759e-16,2.7755575615628914e-17,2.7755575615628914e-17
0.9,0.9,6,True,True,0.6570540787872002,0.0009213015091071412,26.046427154860496,True,True,1.9831431530486527,1.7822371677612834,1.1127268519148508,1.1127268519148505,1.995499655130304e-16,2.7755575615628914e-17,5.551115123125783e-17
0.9,0.9,7,True,True,0.6076711189785101,0.0009213015091071412,26.046427154860496,True,True,2.3372137691958677,2.0440188515181794,1.1434404176164619,1.1434404176164616,1.9418992148964827e-16,5.551115123125783e-17,9.020562075079397e-17
0.9,0.9,8,True,True,0.5619136638911081,0.0009213015091071412,26.046427154860496,True,True,2.774337986661565,2.361496692185112,1.1748218813274929,1.1748218813274935,5.670083485527134e-16,1.1102230246251565e-16,6.245004513516506e-17
0.9,0.9,9,True,True,0.5193126330180168,0.0009213015091071412,26.046427154860496,True,True,3.3139975143969935,2.7470297721794803,1.2063930096278803,1.20639300962788,1.8405660771652052e-16,6.245004513516506e-17,4.163336342344337e-17
0.9,0.9,10,True,True,0.4795775305730328,0.0009213015091071412,26.046427154860496,True,True,3.9802438449345594,3.215388375058491,1.237873432587177,1.2378734325871772,1.793758546549902e-16,5.551115123125783e-17,4.163336342344337e-17
0.9,0.9,11,True,True,0.4425302012699609,0.0009213015091071412,26.046427154860496,True,True,4.802770178931555,3.7841991559962866,1.269164222321989,1.2691642223219892,1.7495340714757259e-16,5.551115123125783e-17,6.938893903907228e-17
0.9,0.9,12,True,True,0.4080551963303109,0.0009213015091071412,26.046427154860496,True,True,5.8182347888043875,4.474452828161807,1.3003231930807129,1.3003231930807133,3.4152217865000984e-16,5.551115123125783e-17,4.163336342344337e-17
0.9,0.9,13,True,True,0.37606514523816226,0.0009213015091071412,26.046427154860496,True,True,7.071894800993071,5.31107973173629,1.3315361768596794,1.3315361768596796,1.6675822165696284e-16,5.551115123125783e-17,6.938893903907228e-17
0.9,0.9,14,True,True,0.34647880052445157,0.0009213015091071412,26.046427154860496,True,True,8.619623211102557,6.323597767080951,1.3630884709293392,1.3630884709293392,0.0,5.551115123125783e-17,6.245004513516506e-17
0.9,0.9,15,True,True,0.3192089430887481,0.0009213015091071412,26.046427154860496,True,True,10.530399026052539,7.546835958162699,1.3953395945572133,1.3953395945572133,0.0,5.551115123125783e-17,4.85722573273506e-17
0.9,0.9,16,True,True,0.29415730440167603,0.0009213015091071412,26.046427154860496,True,True,12.889381513645107,9.021735350893815,1.4287031277600168,1.4287031277600175,4.662506869565599e-16,4.85722573273506e-17,3.469446951953614e-17
0.9,0.9,17,True,True,0.27121400152912595,0.0009213015091071412,26.046427154860496,True,True,15.801705572401369,10.796227067505544,1.4636321998044393,1.46363219980444,4.551237769052211e-16,5.551115123125783e-17,5.551115123125783e-17
0.9,0.9,18,True,True,0.2502595154943075,0.0009213015091071412,26.046427154860496,True,True,19.397167373335023,12.926185208382643,1.5006103549217245,1.5006103549217247,1.4796952733050658e-16,2.7755575615628914e-17,2.0816681711721685e-17
0.9,0.9,19,True,True,0.2311678117651883,0.0009213015091071412,26.046427154860496,True,True,23.836009102882738,15.476450055543161,1.5401470632695549,1.5401470632695557,5.766841627543179e-16,5.551115123125783e-17,3.122502256758253e-17
0.9,0.9,20,True,True,0.2138097009402571,0.0009213015091071412,26.046427154860496,True,True,29.31606062084289,18.52191489484228,1.5827769853864522,1.5827769853864528,4.208639757372071e-16,3.469446951953614e-17,2.7755575615628914e-17
0.9,0.9,21,True,True,0.19805592406699113,0.0009213015091071412,26.046427154860496,True,True,36.081556322028256,22.148668012422796,1.6290621314920946,1.6290621314920952,4.0890632830864883e-16,8.326672684688674e-17,4.85722573273506e-17
0.9,0.9,22,True,True,0.18377971727084738,0.0009213015091071412,26.046427154860496,True,True,44.43402015065217,26.455180365569383,1.6795961901088265,1.679596190108827,2.6440236794136125e-16,8.326672684688674e-17,5.551115123125783e-17
0.9,0.9,23,True,True,0.17085878242218472,0.0009213015091071412,26.046427154860496,True,True,54.74570388969402,31.553529438666303,1.7350104683569116,1.735010468356912,2.5595765440575325e-16,3.469446951953614e-17,4.163336342344337e-17
0.9,0.9,24,True,True,0.15917668913667538,0.0009213015091071412,26.046427154860496,True,True,67.47617764159757,37.57065121983164,1.7959810503891487,1.7959810503891491,2.472683159735112e-16,5.551115123125783e-17,6.938893903907228e-17
0.9,0.9,25,True,True,0.14862378190433928,0.0009213015091071412,26.046427154860496,True,True,83.19281190320685,44.64961535801404,1.8632369223372223,1.8632369223372227,2.3834285620156253e-16,5.551115123125783e-17,4.163336342344337e-17
0.9,0.9,26,True,True,0.13909768331095204,0.0009213015091071412,26.046427154860496,True,True,102.59606407803314,52.95092354778654,1.937568926166952,1.9375689261669533,6.875975412063308e-16,2.7755575615628914e-17,2.0816681711721685e-17
0.9,0.9,27,True,True,0.13050348362574607,0.0009213015091071412,26.046427154860496,True,True,126.55069639263351,62.65383802905316,2.019839492258252,2.0198394922582534,6.595908410824587e-16,5.551115123125783e-17,6.938893903907228e-17
0.9,0.9,28,True,True,0.12275369739957935,0.0009213015091071412,26.046427154860496,True,True,156.12431653411542,73.95775555897276,2.1109931656812426,2.110993165681243,2.1036979989783607e-16,5.551115123125783e-17,3.469446951953614e-17
0.9,0.9,29,True,True,0.11576805462322148,0.0009213015091071412,26.046427154860496,True,True,192.6349586840931,87.08365187076532,2.2120679891786,2.2120679891786015,6.022724600091941e-16,2.7755575615628914e-17,4.85722573273506e-17
0.9,0.9,30,True,True,0.10947318053070912,0.0009213015091071412,26.046427154860496,True,True,237.70982553591742,102.27563184391491,2.324207841597025,2.3242078415970253,1.9107121226512904e-16,5.551115123125783e-17,2.7755575615628914e-17
0.9,0.9,31,True,True,0.10380220585950221,0.0009213015091071412,26.046427154860496,True,True,293.3578093036017,119.80263061356993,2.4486758579604455,2.448675857960447,5.440767610049708e-16,5.551115123125783e-17,6.245004513516506e-17
0.9,0.9,32,True,True,0.09869433893523692,0.0009213015091071412,26.046427154860496,True,True,362.059023831607,139.96031986047964,2.5868690796972165,2.586869079697217,1.7167053923812858e-16,5.551115123125783e-17,4.163336342344337e-17
0.9,0.9,33,True,True,0.09409442245468531,0.0009213015091071412,26.046427154860496,True,True,446.87533806371243,163.07328085637377,2.740334503095552,2.7403345030955535,4.861697095902794e-16,8.326672684688674e-17,4.5102810375396984e-17
0.9,0.9,34,True,True,0.08995249115468557,0.0009213015091071412,26.046427154860496,True,True,551.5868371156943,189.49751100835908,2.910786712609448,2.91078671260945,6.102669191477068e-16,5.551115123125783e-17,5.551115123125783e-17
0.9,0.9,35,True,True,0.08622334142544218,0.0009213015091071412,26.046427154860496,True,True,680.860292735425,219.6233334547955,3.1001273044403757,3.1001273044403774,5.729948047152571e-16,5.551115123125783e-17,4.163336342344337e-17
0.9,0.9,36,True,True,0.0828661200754125,0.0009213015091071412,26.046427154860496,True,True,840.4571515252159,253.87877984835333,3.310466325808077,3.3104663258080786,5.365881010635699e-16,8.326672684688674e-17,4.163336342344337e-17
0.9,0.9,37,True,True,0.07984393661984404,0.0009213015091071412,26.046427154860496,True,True,1037.490310524958,292.73351526733563,3.544145977195271,3.544145977195272,3.759065337947799e-16,5.551115123125783e-17,2.42861286636753e-17
0.9,0.9,38,True,True,0.07712350141821228,0.0009213015091071412,26.046427154860496,True,True,1280.7411241048865,336.7033719191382,3.8037668491554815,3.8037668491554837,5.837492510202877e-16,5.551115123125783e-17,3.8163916471489756e-17
0.9,0.9,39,True,True,0.07467479053909785,0.0009213015091071412,26.046427154860496,True,True,1581.0507704998593,386.35555578029675,4.092216992471393,4.0922169924713945,4.340817807726914e-16,2.7755575615628914e-17,4.163336342344337e-17
0.9,0.9,40,True,True,0.07247073723389964,0.0009213015091071412,26.046427154860496,True,True,1951.8034203701964,442.3145884244142,4.412704150959141,4.412704150959144,6.03832744717593e-16,5.551115123125783e-17,4.85722573273506e-17
0.9,0.9,41,True,True,0.07048694923565067,0.0009213015091071412,26.046427154860496,True,True,2409.5227411977735,505.26904581019596,4.768791520434658,4.76879152043466,3.724962250474605e-16,5.551115123125783e-17,6.245004513516506e-17
0.9,0.9,42,True,True,0.06870145067594925,0.0009213015091071412,26.046427154860496,True,True,2974.608322466387,575.9791573621939,5.164437435703701,5.164437435703704,5.15939110943515e-16,3.469446951953614e-17,5.551115123125783e-17
0.9,0.9,43,True,True,0.06709444716349619,0.0009213015091071412,26.046427154860496,True,True,3672.244842551094,655.2853326951405,5.604039430346198,5.604039430346202,7.924448344265628e-16,8.326672684688674e-17,3.469446951953614e-17
0.9,0.9,44,True,True,0.06564811244105845,0.0009213015091071412,26.046427154860496,True,True,4533.524496976659,744.1176900154204,6.092483162015286,6.092483162015291,7.289133150483184e-16,5.551115123125783e-17,6.938893903907228e-17
0.9,0.9,45,True,True,0.06434639499626385,0.0009213015091071412,26.046427154860496,True,True,5596.832712316864,843.5066696021591,6.635196749489386,6.635196749489389,5.354345640276454e-16,3.469446951953614e-17,4.163336342344337e-17
0.9,0.9,46,True,True,0.06317484301796401,0.0009213015091071412,26.046427154860496,True,True,6909.558904094893,954.5948277124811,7.238211127387352,7.238211127387357,7.362413757229387e-16,3.469446951953614e-17,3.469446951953614e-17
0.9,0.9,47,True,True,0.06212044614406394,0.0009213015091071412,26.046427154860496,True,True,8530.20852357394,1078.6499205809907,7.908227090935429,7.908227090935434,6.738641236427109e-16,5.551115123125783e-17,5.551115123125783e-17
0.9,0.9,48,True,True,0.06117149252442669,0.0009213015091071412,26.046427154860496,True,True,10531.010522930788,1217.0794046833892,8.652689777188632,8.65268977718864,8.211813367368451e-16,5.551115123125783e-17,2.7755575615628914e-17
0.9,0.9,49,True,True,0.06031743981361173,0.0009213015091071412,26.046427154860496,True,True,13001.136448062702,1371.4464979271688,9.479871411471665,9.479871411471674,9.369097756171386e-16,2.7755575615628914e-17,4.163336342344337e-17
